Provincias,Año,Mes,Turistas_totales,Turistas_pasados,lag_estacional,lag_1,lag_2,lag_3,lag_4,log_ratio,log_lag_1,log_lag_2,log_lag_3,log_lag_4,log_lag_estacional,media_lag_2,media_lag_3,tendencia_corta
A Coruña,2018,5,88112.0,92013.0,100749.0,92013.0,84469.0,100977.0,100749.0,-0.04332113889422118,11.429696018366945,11.344151720721543,11.522657950314608,11.52039747980893,11.52039747980893,11.386923869544244,11.432168563134367,0.08554429764540217
A Coruña,2018,6,81602.0,88112.0,100977.0,88112.0,92013.0,84469.0,100977.0,-0.07675496104650215,11.386375360629799,11.429696018366945,11.344151720721543,11.522657950314608,11.522657950314608,11.408035689498373,11.38674103323943,-0.04332065773714611
A Coruña,2018,7,67530.0,81602.0,84469.0,81602.0,88112.0,92013.0,84469.0,-0.1892818278868731,11.309621304982276,11.386375360629799,11.429696018366945,11.344151720721543,11.344151720721543,11.347998332806037,11.375230894659673,-0.07675405564752324
A Coruña,2018,8,83274.0,67530.0,92013.0,67530.0,81602.0,88112.0,92013.0,0.20956443201500718,11.120342030692624,11.309621304982276,11.386375360629799,11.429696018366945,11.429696018366945,11.21498166783745,11.272112898768233,-0.1892792742896514
A Coruña,2019,5,91799.0,83274.0,88112.0,83274.0,67530.0,81602.0,88112.0,0.09746502871916718,11.32990366306188,11.120342030692624,11.309621304982276,11.386375360629799,11.386375360629799,11.225122846877252,11.253288999578928,0.2095616323692564
A Coruña,2019,6,85363.0,91799.0,81602.0,91799.0,83274.0,67530.0,81602.0,-0.07268865267790403,11.427367576608582,11.32990366306188,11.120342030692624,11.309621304982276,11.309621304982276,11.378635619835231,11.292537756787695,0.09746391354670081
A Coruña,2019,7,66236.0,85363.0,67530.0,85363.0,91799.0,83274.0,67530.0,-0.25368862986278273,11.354679745233861,11.427367576608582,11.32990366306188,11.120342030692624,11.120342030692624,11.39102366092122,11.370650328301442,-0.07268783137472035
A Coruña,2019,8,75809.0,66236.0,83274.0,66236.0,85363.0,91799.0,83274.0,0.13499289732905773,11.100994498178453,11.354679745233861,11.427367576608582,11.32990366306188,11.32990366306188,11.227837121706157,11.294347273340298,-0.25368524705540807
A Coruña,2022,5,97410.0,38091.0,7570.0,38091.0,31093.0,17566.0,7570.0,0.9389508410271006,10.547759565313937,10.344770153509685,9.773777421013383,8.932080438103307,8.932080438103307,10.446264859411812,10.22210237994567,0.20298941180425167
A Coruña,2022,6,94573.0,97410.0,17566.0,97410.0,38091.0,31093.0,17566.0,-0.029556851725018873,11.486694419598766,10.547759565313937,10.344770153509685,9.773777421013383,9.773777421013383,11.01722699245635,10.793074712807462,0.9389348542848293
A Coruña,2022,7,82142.0,94573.0,31093.0,94573.0,97410.0,38091.0,31093.0,-0.14092256615285947,11.457137875826508,11.486694419598766,10.547759565313937,10.344770153509685,10.344770153509685,11.471916147712637,11.163863953579737,-0.029556543772258692
A Coruña,2022,8,80681.0,82142.0,38091.0,82142.0,94573.0,97410.0,38091.0,-0.017946349250275162,11.316216909853097,11.457137875826508,11.486694419598766,10.547759565313937,10.547759565313937,11.386677392839802,11.420016401759456,-0.14092096597341097
A Coruña,2023,5,118698.0,80681.0,97410.0,80681.0,82142.0,94573.0,97410.0,0.38607934461929894,11.298270781051926,11.316216909853097,11.457137875826508,11.486694419598766,11.486694419598766,11.307243845452511,11.357208522243843,-0.017946128801170858
A Coruña,2023,6,105707.0,118698.0,94573.0,118698.0,80681.0,82142.0,94573.0,-0.11591133642504481,11.68434615596244,11.298270781051926,11.316216909853097,11.457137875826508,11.457137875826508,11.491308468507183,11.432944615622489,0.386075374910515
A Coruña,2023,7,81785.0,105707.0,82142.0,105707.0,118698.0,80681.0,82142.0,-0.2565772631384764,11.568435854897796,11.68434615596244,11.298270781051926,11.316216909853097,11.316216909853097,11.626391005430118,11.517017597304054,-0.11591030106464473
A Coruña,2023,8,91598.0,81785.0,80681.0,81785.0,105707.0,118698.0,80681.0,0.11331558467009373,11.311861358798899,11.568435854897796,11.68434615596244,11.298270781051926,11.298270781051926,11.440148606848346,11.521547789886379,-0.2565744960988976
A Coruña,2024,5,139649.0,91598.0,118698.0,91598.0,81785.0,105707.0,118698.0,0.42172269422592557,11.425175633572064,11.311861358798899,11.568435854897796,11.68434615596244,11.68434615596244,11.36851849618548,11.435157615756253,0.11331427477316502
A Coruña,2024,6,109641.0,139649.0,105707.0,139649.0,91598.0,81785.0,105707.0,-0.24192073945466852,11.846894571373323,11.425175633572064,11.311861358798899,11.568435854897796,11.568435854897796,11.636035102472693,11.527977187914763,0.42171893780125913
A Coruña,2024,7,85487.0,109641.0,81785.0,109641.0,139649.0,91598.0,81785.0,-0.24884707455303356,11.604975791768043,11.846894571373323,11.425175633572064,11.311861358798899,11.311861358798899,11.725935181570684,11.625681998904478,-0.24191877960527997
A Coruña,2024,8,94202.0,85487.0,91598.0,85487.0,109641.0,139649.0,91598.0,0.09707709518063368,11.356131294197553,11.604975791768043,11.846894571373323,11.425175633572064,11.425175633572064,11.480553542982797,11.602667219112973,-0.24884449757048976
Albacete,2018,5,2987.0,2793.0,3177.0,2793.0,3005.0,2719.0,3177.0,0.06715325227093327,7.935229539816907,8.00836557031292,7.908387159290043,8.064007347096661,8.064007347096661,7.971797555064914,7.95066075647329,-0.0731360304960127
Albacete,2018,6,2766.0,2987.0,2719.0,2987.0,2793.0,3005.0,2719.0,-0.07686730599140734,8.002359546252707,7.935229539816907,8.00836557031292,7.908387159290043,7.908387159290043,7.968794543034807,7.981984885460844,0.06713000643580003
Albacete,2018,7,2769.0,2766.0,3005.0,2766.0,2987.0,2793.0,3005.0,0.0010840109462586511,7.925518979786926,8.002359546252707,7.935229539816907,8.00836557031292,8.00836557031292,7.9639392630198165,7.954369355285514,-0.07684056646578163
Albacete,2018,8,2840.0,2769.0,2793.0,2769.0,2766.0,2987.0,2793.0,0.025317807984290397,7.926602599181384,7.925518979786926,8.002359546252707,7.935229539816907,7.935229539816907,7.926060789484155,7.951493708407006,0.001083619394458779
Albacete,2019,5,3749.0,2840.0,2987.0,2840.0,2769.0,2766.0,2987.0,0.27768508558066074,7.951911381854188,7.926602599181384,7.925518979786926,8.002359546252707,8.002359546252707,7.939256990517786,7.9346776536074985,0.025308782672803787
Albacete,2019,6,3372.0,3749.0,2766.0,3749.0,2840.0,2769.0,2766.0,-0.10598309761416758,8.229511118964457,7.951911381854188,7.926602599181384,7.925518979786926,7.925518979786926,8.090711250409322,8.036008366666676,0.2775997371102683
Albacete,2019,7,3599.0,3372.0,2769.0,3372.0,3749.0,2840.0,2769.0,0.06514998895728574,8.12355783506165,8.229511118964457,7.951911381854188,7.926602599181384,7.926602599181384,8.176534477013053,8.101660111960099,-0.10595328390280656
Albacete,2019,8,3343.0,3599.0,2840.0,3599.0,3372.0,3749.0,2840.0,-0.07378742165893293,8.1886891244442,8.12355783506165,8.229511118964457,7.951911381854188,7.951911381854188,8.156123479752925,8.180586026156769,0.06513128938255086
Albacete,2022,5,3871.0,2407.0,1689.0,2407.0,1904.0,1781.0,1689.0,0.47513171279457556,7.786551806428712,7.552237287560802,7.485491608030754,7.432483807917119,7.432483807917119,7.669394546994757,7.608093567340089,0.23431451886790988
Albacete,2022,6,3350.0,3871.0,1781.0,3871.0,2407.0,1904.0,1781.0,-0.14455252575853628,8.261526448396468,7.786551806428712,7.552237287560802,7.485491608030754,7.485491608030754,8.024039127412589,7.866771847461993,0.47497464196775674
Albacete,2022,7,3624.0,3350.0,1904.0,3350.0,3871.0,2407.0,1904.0,0.07861804234375924,8.11701408773731,8.261526448396468,7.786551806428712,7.552237287560802,7.552237287560802,8.189270268066888,8.055030780854162,-0.1445123606591583
Albacete,2022,8,4218.0,3624.0,2407.0,3624.0,3350.0,3871.0,2407.0,0.15178269387584997,8.195609567288775,8.11701408773731,8.261526448396468,7.786551806428712,7.786551806428712,8.156311827513044,8.191383367807518,0.07859547955146517
Albacete,2023,5,4148.0,4218.0,3871.0,4218.0,3624.0,3350.0,3871.0,-0.016734791689302142,8.347353412124338,8.195609567288775,8.11701408773731,8.261526448396468,8.261526448396468,8.271481489706556,8.219992355716807,0.15174384483556302
Albacete,2023,6,3688.0,4148.0,3350.0,4148.0,4218.0,3624.0,3350.0,-0.11754198467293442,8.330622620332868,8.347353412124338,8.195609567288775,8.11701408773731,8.11701408773731,8.338988016228603,8.291195199915327,-0.016730791791470523
Albacete,2023,7,3908.0,3688.0,3624.0,3688.0,4148.0,4218.0,3624.0,0.057941428486190105,8.213110697596676,8.330622620332868,8.347353412124338,8.195609567288775,8.195609567288775,8.271866658964772,8.29702891001796,-0.11751192273619182
Albacete,2023,8,4117.0,3908.0,4218.0,3908.0,3688.0,4148.0,4218.0,0.0520990086072306,8.271036865792954,8.213110697596676,8.330622620332868,8.347353412124338,8.347353412124338,8.242073781694815,8.271590061240833,0.05792616819627838
Albacete,2024,5,4810.0,4117.0,4148.0,4117.0,3908.0,3688.0,4148.0,0.15557234132990239,8.323122887587735,8.271036865792954,8.213110697596676,8.330622620332868,8.330622620332868,8.297079876690344,8.269090150325788,0.05208602179478028
Albacete,2024,6,3916.0,4810.0,3688.0,4810.0,4117.0,3908.0,3688.0,-0.20562635944940588,8.478660241699453,8.323122887587735,8.271036865792954,8.213110697596676,8.213110697596676,8.400891564643594,8.357606665026713,0.15553735411171843
Albacete,2024,7,3825.0,3916.0,3908.0,3916.0,4810.0,4117.0,3908.0,-0.023512257389764812,8.27308133366583,8.478660241699453,8.323122887587735,8.271036865792954,8.271036865792954,8.375870787682642,8.358288154317671,-0.20557890803362255
Albacete,2024,8,4375.0,3825.0,4117.0,3825.0,3916.0,4810.0,4117.0,0.13434805253107918,8.249575150000199,8.27308133366583,8.478660241699453,8.323122887587735,8.323122887587735,8.261328241833015,8.333772241788495,-0.023506183665631397
Alicante/Alacant,2018,5,216679.0,215630.0,210328.0,215630.0,226359.0,199578.0,210328.0,0.004853019755865162,12.28132389246758,12.32988193125646,12.203965426903654,12.256428250424312,12.256428250424312,12.305602911862021,12.271723750209233,-0.04855803878888132
Alicante/Alacant,2018,6,203655.0,216679.0,199578.0,216679.0,215630.0,226359.0,199578.0,-0.06198960995808456,12.286176889771836,12.28132389246758,12.32988193125646,12.203965426903654,12.203965426903654,12.283750391119707,12.299127571165291,0.00485299730425659
Alicante/Alacant,2018,7,209909.0,203655.0,226359.0,203655.0,216679.0,215630.0,226359.0,0.030246717747759888,12.224187574955344,12.286176889771836,12.28132389246758,12.32988193125646,12.32988193125646,12.255182232363591,12.263896119064919,-0.061989314816491614
Alicante/Alacant,2018,8,204241.0,209909.0,215630.0,209909.0,203655.0,216679.0,215630.0,-0.027373434346323222,12.254434146408052,12.224187574955344,12.286176889771836,12.28132389246758,12.28132389246758,12.239310860681698,12.254932870378411,0.03024657145270737
Alicante/Alacant,2019,5,203063.0,204241.0,216679.0,204241.0,209909.0,203655.0,216679.0,-0.005784393399412835,12.227060844268516,12.254434146408052,12.224187574955344,12.286176889771836,12.286176889771836,12.240747495338283,12.235227521877304,-0.027373302139535483
Alicante/Alacant,2019,6,197779.0,203063.0,203655.0,203063.0,204241.0,209909.0,203655.0,-0.02636603001628046,12.221276479272447,12.227060844268516,12.254434146408052,12.224187574955344,12.224187574955344,12.22416866177048,12.23425715664967,-0.005784364996069158
Alicante/Alacant,2019,7,208572.0,197779.0,209909.0,197779.0,203063.0,204241.0,209909.0,0.053134059663245026,12.194910580823981,12.221276479272447,12.227060844268516,12.254434146408052,12.254434146408052,12.208093530048213,12.214415968121648,-0.02636589844846604
Alicante/Alacant,2019,8,205907.0,208572.0,204241.0,208572.0,197779.0,203063.0,204241.0,-0.012859694827522361,12.248044378847398,12.194910580823981,12.221276479272447,12.227060844268516,12.227060844268516,12.22147747983569,12.221410479647943,0.053133798023417
Alicante/Alacant,2022,5,196679.0,127562.0,28038.0,127562.0,85451.0,49979.0,28038.0,0.43297043721460504,11.75636563919175,11.355710093770124,10.819378204388943,10.241351677174485,10.241351677174485,11.556037866480938,11.310484645783609,0.4006555454216265
Alicante/Alacant,2022,6,195961.0,196679.0,49979.0,196679.0,127562.0,85451.0,49979.0,-0.003657298290139721,12.189333321525876,11.75636563919175,11.355710093770124,10.819378204388943,10.819378204388943,11.972849480358814,11.767136351495916,0.43296768233412486
Alicante/Alacant,2022,7,217146.0,195961.0,85451.0,195961.0,196679.0,127562.0,85451.0,0.1026542785248612,12.185676041864951,12.189333321525876,11.75636563919175,11.355710093770124,11.355710093770124,12.187504681695414,12.043791667527527,-0.0036572796609242175
Alicante/Alacant,2022,8,219568.0,217146.0,127562.0,217146.0,195961.0,196679.0,127562.0,0.011092041162800825,12.288329822532514,12.185676041864951,12.189333321525876,11.75636563919175,11.75636563919175,12.237002932198733,12.221113061974448,0.1026537806675627
Alicante/Alacant,2023,5,223942.0,219568.0,196679.0,219568.0,217146.0,195961.0,196679.0,0.01972511022854384,12.29942181289677,12.288329822532514,12.185676041864951,12.189333321525876,12.189333321525876,12.293875817714643,12.257809225764746,0.011091990364255011
Alicante/Alacant,2023,6,220241.0,223942.0,195961.0,223942.0,219568.0,217146.0,195961.0,-0.016664688430505947,12.319146834169933,12.29942181289677,12.288329822532514,12.185676041864951,12.185676041864951,12.309284323533351,12.302299489866405,0.01972502127316389
Alicante/Alacant,2023,7,237854.0,220241.0,217146.0,220241.0,223942.0,219568.0,217146.0,0.07693463873340711,12.302482220777799,12.319146834169933,12.29942181289677,12.288329822532514,12.288329822532514,12.310814527473866,12.307016955948166,-0.016664613392133987
Alicante/Alacant,2023,8,237819.0,237854.0,219568.0,237854.0,220241.0,223942.0,219568.0,-0.00014715991894931335,12.379416523291777,12.302482220777799,12.319146834169933,12.29942181289677,12.29942181289677,12.340949372034789,12.33368185941317,0.07693430251397793
Alicante/Alacant,2024,5,254810.0,237819.0,223942.0,237819.0,237854.0,220241.0,223942.0,0.06900828925592961,12.37926936399157,12.379416523291777,12.302482220777799,12.319146834169933,12.319146834169933,12.379342943641674,12.35372270268705,-0.0001471593002069227
Alicante/Alacant,2024,6,236519.0,254810.0,220241.0,254810.0,237819.0,237854.0,220241.0,-0.07448962642427581,12.448277372862899,12.37926936399157,12.379416523291777,12.302482220777799,12.302482220777799,12.413773368427234,12.402321086715416,0.06900800887132874
Alicante/Alacant,2024,7,252627.0,236519.0,237854.0,236519.0,254810.0,237819.0,237854.0,0.06588554959385462,12.373788049934767,12.448277372862899,12.37926936399157,12.379416523291777,12.379416523291777,12.411032711398832,12.400444928929744,-0.07448932292813204
Alicante/Alacant,2024,8,263329.0,252627.0,237819.0,252627.0,236519.0,254810.0,237819.0,0.041490108396077474,12.439673329944664,12.373788049934767,12.448277372862899,12.37926936399157,12.37926936399157,12.406730689939716,12.420579584247443,0.06588528000989768
Almería,2018,5,39624.0,51294.0,37564.0,51294.0,50804.0,42857.0,37564.0,-0.25813879098621584,10.845348560521813,10.835750053919982,10.665647604383027,10.533828044803261,10.533828044803261,10.840549307220897,10.782248739608272,0.009598506601831147
Almería,2018,6,44055.0,39624.0,42857.0,39624.0,51294.0,50804.0,42857.0,0.10600385803275714,10.587215511179581,10.845348560521813,10.835750053919982,10.665647604383027,10.665647604383027,10.716282035850696,10.756104708540457,-0.25813304934223247
Almería,2018,7,49047.0,44055.0,50804.0,44055.0,39624.0,51294.0,50804.0,0.10734016874269159,10.693216830942317,10.587215511179581,10.845348560521813,10.835750053919982,10.835750053919982,10.640216171060949,10.708593634214571,0.1060013197627363
Almería,2018,8,57449.0,49047.0,51294.0,49047.0,44055.0,39624.0,51294.0,0.15811857564150422,10.800554689442524,10.693216830942317,10.587215511179581,10.845348560521813,10.845348560521813,10.74688576019242,10.693662343854806,0.10733785850020716
Almería,2019,5,37121.0,57449.0,39624.0,57449.0,49047.0,44055.0,39624.0,-0.4367147504925821,10.958670283276902,10.800554689442524,10.693216830942317,10.587215511179581,10.587215511179581,10.879612486359713,10.81748060122058,0.15811559383437768
Almería,2019,6,43429.0,37121.0,44055.0,37121.0,57449.0,49047.0,44055.0,0.15694457351296265,10.521965064759044,10.958670283276902,10.800554689442524,10.693216830942317,10.693216830942317,10.740317674017973,10.76039667915949,-0.43670521851785793
Almería,2019,7,50716.0,43429.0,49047.0,43429.0,37121.0,57449.0,49047.0,0.15511402194243296,10.678905725528868,10.521965064759044,10.958670283276902,10.800554689442524,10.800554689442524,10.600435395143956,10.719847024521604,0.15694066076982338
Almería,2019,8,51605.0,50716.0,57449.0,50716.0,43429.0,37121.0,57449.0,0.017377124352194073,10.834016439096796,10.678905725528868,10.521965064759044,10.958670283276902,10.958670283276902,10.756461082312832,10.678295743128237,0.15511071356792883
Almería,2022,5,28431.0,20009.0,5832.0,20009.0,16631.0,10941.0,5832.0,0.3512979268218128,9.903987427577778,9.71908382953785,9.300363874623772,8.671286726753637,8.671286726753637,9.811535628557813,9.641145043913133,0.18490359803992895
Almería,2022,6,32084.0,28431.0,10941.0,28431.0,20009.0,16631.0,10941.0,0.1208773643485106,10.255270550394432,9.903987427577778,9.71908382953785,9.300363874623772,9.300363874623772,10.079628988986105,9.95944726917002,0.3512831228166533
Almería,2022,7,39566.0,32084.0,16631.0,32084.0,28431.0,20009.0,16631.0,0.20961270010122135,10.376143910184616,10.255270550394432,9.903987427577778,9.71908382953785,9.71908382953785,10.315707230289524,10.178467296052276,0.12087335979018476
Almería,2022,8,41392.0,39566.0,20009.0,39566.0,32084.0,28431.0,20009.0,0.045117461837772765,10.585750716493994,10.376143910184616,10.255270550394432,9.903987427577778,9.903987427577778,10.480947313339305,10.405721725691015,0.20960680630937745
Almería,2023,5,30830.0,41392.0,28431.0,41392.0,39566.0,32084.0,28431.0,-0.29459938354561466,10.630867063391808,10.585750716493994,10.376143910184616,10.255270550394432,10.255270550394432,10.6083088899429,10.530920563356807,0.04511634689781374
Almería,2023,6,32878.0,30830.0,32084.0,30830.0,41392.0,39566.0,32084.0,0.06431549918925938,10.336275956293182,10.630867063391808,10.585750716493994,10.376143910184616,10.376143910184616,10.483571509842495,10.517631245392995,-0.29459110709862557
Almería,2023,7,42142.0,32878.0,39566.0,32878.0,30830.0,41392.0,39566.0,0.24824112700729728,10.400589435082308,10.336275956293182,10.630867063391808,10.585750716493994,10.585750716493994,10.368432695687744,10.455910818255765,0.06431347878912597
Almería,2023,8,42708.0,42142.0,41392.0,42142.0,32878.0,30830.0,41392.0,0.013341388221441264,10.648823876091406,10.400589435082308,10.336275956293182,10.630867063391808,10.630867063391808,10.524706655586858,10.461896422488966,0.24823444100909775
Almería,2024,5,36378.0,42708.0,30830.0,42708.0,42142.0,32878.0,30830.0,-0.16042205999840853,10.662164949840967,10.648823876091406,10.400589435082308,10.336275956293182,10.336275956293182,10.655494412966187,10.570526087004893,0.013341073749561616
Almería,2024,6,36583.0,36378.0,32878.0,36378.0,42708.0,42142.0,32878.0,0.005619455310700516,10.501746964063756,10.662164949840967,10.648823876091406,10.400589435082308,10.400589435082308,10.581955956952362,10.604245263332043,-0.16041798577721167
Almería,2024,7,45070.0,36583.0,42142.0,36583.0,36378.0,42708.0,42142.0,0.20863318507420914,10.507366265337891,10.501746964063756,10.662164949840967,10.648823876091406,10.648823876091406,10.504556614700824,10.557092726414206,0.00561930127413568
Almería,2024,8,46521.0,45070.0,42708.0,45070.0,36583.0,36378.0,42708.0,0.031686986847564214,10.71599430314656,10.507366265337891,10.501746964063756,10.662164949840967,10.662164949840967,10.611680284242226,10.575035844182736,0.20862803780866912
Araba/Álava,2018,5,14128.0,20284.0,11614.0,20284.0,19504.0,11423.0,11614.0,-0.36167375407116786,9.917636975640548,9.878426121940757,9.343471684579365,9.36005264520451,9.36005264520451,9.898031548790652,9.713178260720222,0.039210853699790604
Araba/Álava,2018,6,12275.0,14128.0,11423.0,14128.0,20284.0,19504.0,11423.0,-0.14059397018102082,9.555984701765809,9.917636975640548,9.878426121940757,9.343471684579365,9.343471684579365,9.736810838703178,9.784015933115704,-0.3616522738747392
Araba/Álava,2018,7,18632.0,12275.0,19504.0,12275.0,14128.0,20284.0,19504.0,0.41731585890145695,9.415401415739627,9.555984701765809,9.917636975640548,9.878426121940757,9.878426121940757,9.485693058752718,9.629674364381994,-0.14058328602618175
Araba/Álava,2018,8,21103.0,18632.0,20284.0,18632.0,12275.0,14128.0,20284.0,0.12453467788813555,9.832689481227412,9.415401415739627,9.555984701765809,9.917636975640548,9.917636975640548,9.62404544848352,9.601358532910949,0.4172880654877851
Araba/Álava,2019,5,11883.0,21103.0,14128.0,21103.0,18632.0,12275.0,14128.0,-0.5743064031622858,9.957217874957095,9.832689481227412,9.415401415739627,9.555984701765809,9.555984701765809,9.894953678092254,9.735102923974711,0.12452839372968327
Araba/Álava,2019,6,11800.0,11883.0,12275.0,11883.0,21103.0,18632.0,12275.0,-0.0070092758362712,9.382948236582498,9.957217874957095,9.832689481227412,9.415401415739627,9.415401415739627,9.670083055769798,9.724285197589003,-0.5742696383745969
Araba/Álava,2019,7,17327.0,11800.0,18632.0,11800.0,11883.0,21103.0,18632.0,0.38416644705709047,9.375939552625749,9.382948236582498,9.957217874957095,9.832689481227412,9.832689481227412,9.379443894604123,9.572035221388447,-0.007008683956749806
Araba/Álava,2019,8,19250.0,17327.0,21103.0,17327.0,11800.0,11883.0,21103.0,0.10524508220508366,9.760078969240771,9.375939552625749,9.382948236582498,9.957217874957095,9.957217874957095,9.568009260933259,9.50632225281634,0.3841394166150227
Araba/Álava,2022,5,11329.0,12265.0,2643.0,12265.0,10619.0,4264.0,2643.0,-0.07938386781910012,9.414586486185929,9.27049429479593,8.35819745992578,7.880048200971577,7.880048200971577,9.342540390490928,9.014426080302545,0.1440921913899995
Araba/Álava,2022,6,13411.0,11329.0,4264.0,11329.0,12265.0,10619.0,4264.0,0.16870945583745112,9.335209354022052,9.414586486185929,9.27049429479593,8.35819745992578,8.35819745992578,9.37489792010399,9.34009671166797,-0.0793771321638772
Araba/Álava,2022,7,20638.0,13411.0,10619.0,13411.0,11329.0,12265.0,10619.0,0.4310587709647198,9.50390510758612,9.335209354022052,9.414586486185929,9.27049429479593,9.27049429479593,9.419557230804084,9.417900315931366,0.16869575356406763
Araba/Álava,2022,8,20632.0,20638.0,12265.0,20638.0,13411.0,11329.0,12265.0,-0.00029076811447836803,9.934937768809375,9.50390510758612,9.335209354022052,9.414586486185929,9.414586486185929,9.719421438197747,9.591350743472516,0.4310326612232558
Araba/Álava,2023,5,13554.0,20632.0,11329.0,20632.0,20638.0,13411.0,11329.0,-0.42016156186512355,9.93464701478523,9.934937768809375,9.50390510758612,9.335209354022052,9.335209354022052,9.934792391797302,9.791163297060242,-0.0002907540241441353
Araba/Álava,2023,6,13805.0,13554.0,13411.0,13554.0,20632.0,20638.0,13411.0,0.01834913866819754,9.514510761932765,9.93464701478523,9.934937768809375,9.50390510758612,9.50390510758612,9.724578888358998,9.79469851517579,-0.4201362528524655
Araba/Álava,2023,7,20627.0,13805.0,20638.0,13805.0,13554.0,20632.0,20638.0,0.401570051834339,9.53285855926342,9.514510761932765,9.93464701478523,9.934937768809375,9.934937768809375,9.523684660598093,9.660672111993806,0.01834779733065517
Araba/Álava,2023,8,22656.0,20627.0,20632.0,20627.0,13805.0,13554.0,20632.0,0.09382382029485115,9.93440465517085,9.53285855926342,9.514510761932765,9.93464701478523,9.93464701478523,9.733631607217134,9.660591325455679,0.4015460959074293
Araba/Álava,2024,5,14939.0,22656.0,13554.0,22656.0,20627.0,13805.0,13554.0,-0.4164494744511291,10.028224133937455,9.93440465517085,9.53285855926342,9.514510761932765,9.514510761932765,9.981314394554152,9.831829116123908,0.0938194787666049
Araba/Álava,2024,6,14638.0,14939.0,13805.0,14939.0,22656.0,20627.0,13805.0,-0.020354355881144315,9.611797458686809,10.028224133937455,9.93440465517085,9.53285855926342,9.53285855926342,9.820010796312133,9.858142082598372,-0.41642667525064603
Araba/Álava,2024,7,21720.0,14638.0,20627.0,14638.0,14939.0,22656.0,20627.0,0.3946126078866996,9.591444479171411,9.611797458686809,10.028224133937455,9.93440465517085,9.93440465517085,9.60162096892911,9.743822023931891,-0.020352979515397607
Araba/Álava,2024,8,22835.0,21720.0,22656.0,21720.0,14638.0,14939.0,22656.0,0.05006095157122736,9.986034813503693,9.591444479171411,9.611797458686809,10.028224133937455,10.028224133937455,9.788739646337552,9.729758917120638,0.39459033433228186
Asturias,2018,5,36277.0,45494.0,32729.0,45494.0,42798.0,37184.0,32729.0,-0.22639651748918688,10.72535770879079,10.664270016810953,10.523660733137401,10.396047367495227,10.396047367495227,10.69481386280087,10.637762819579715,0.061087691979837544
Asturias,2018,6,37141.0,36277.0,37184.0,36277.0,45494.0,42798.0,37184.0,0.0235375490696903,10.498966775917914,10.72535770879079,10.664270016810953,10.523660733137401,10.523660733137401,10.612162242354351,10.629531500506552,-0.22639093287287615
Asturias,2018,7,43970.0,37141.0,42798.0,37141.0,36277.0,45494.0,42798.0,0.16878610248254589,10.522503683752998,10.498966775917914,10.72535770879079,10.664270016810953,10.664270016810953,10.510735229835456,10.582276056153901,0.023536907835083554
Asturias,2018,8,47865.0,43970.0,45494.0,43970.0,37141.0,36277.0,45494.0,0.08487696520559673,10.69128560469541,10.522503683752998,10.498966775917914,10.72535770879079,10.72535770879079,10.606894644224205,10.570918688122108,0.16878192094241307
Asturias,2019,5,37835.0,47865.0,36277.0,47865.0,43970.0,37141.0,36277.0,-0.23514994825183066,10.77616071925456,10.69128560469541,10.522503683752998,10.498966775917914,10.498966775917914,10.733723161974986,10.663316669234323,0.08487511455914998
Asturias,2019,6,43646.0,37835.0,37141.0,37835.0,47865.0,43970.0,37141.0,0.14287703991032252,10.541016309333061,10.77616071925456,10.69128560469541,10.522503683752998,10.522503683752998,10.658588514293811,10.669487544427676,-0.23514440992149943
Asturias,2019,7,46292.0,43646.0,43970.0,43646.0,37835.0,47865.0,43970.0,0.058857519929023994,10.683889830383498,10.541016309333061,10.77616071925456,10.69128560469541,10.69128560469541,10.61245306985828,10.667022286323707,0.14287352105043638
Asturias,2019,8,48908.0,46292.0,47865.0,46292.0,43646.0,37835.0,47865.0,0.054971822296112194,10.742746040739314,10.683889830383498,10.541016309333061,10.77616071925456,10.77616071925456,10.713317935561406,10.655884060151957,0.058856210355816785
Asturias,2022,5,33637.0,24660.0,3754.0,24660.0,23260.0,10550.0,3754.0,0.31044415384366,10.11297832739655,10.054533417409907,9.263975921142093,8.230843564198235,8.230843564198235,10.083755872403229,9.810495888649518,0.05844490998664398
Asturias,2022,6,38820.0,33637.0,10550.0,33637.0,24660.0,23260.0,10550.0,0.14330892616100677,10.423411659287378,10.11297832739655,10.054533417409907,9.263975921142093,9.263975921142093,10.268194993341965,10.196974468031279,0.31043333189082745
Asturias,2022,7,41964.0,38820.0,23260.0,38820.0,33637.0,24660.0,23260.0,0.07787653012837481,10.566716616308788,10.423411659287378,10.11297832739655,10.054533417409907,10.054533417409907,10.495064137798083,10.367702200997572,0.14330495702141022
Asturias,2022,8,48464.0,41964.0,24660.0,41964.0,38820.0,33637.0,24660.0,0.14400914641564277,10.644591216516927,10.566716616308788,10.423411659287378,10.11297832739655,10.11297832739655,10.605653916412859,10.544906497371032,0.07787460020813874
Asturias,2023,5,48486.0,48464.0,33637.0,48464.0,41964.0,38820.0,33637.0,0.00045384219448330043,10.788597166926708,10.644591216516927,10.566716616308788,10.423411659287378,10.423411659287378,10.716594191721818,10.666634999917475,0.14400595040978104
Asturias,2023,6,52221.0,48486.0,38820.0,48486.0,48464.0,41964.0,38820.0,0.07420961635931711,10.789050999758988,10.788597166926708,10.644591216516927,10.566716616308788,10.566716616308788,10.788824083342849,10.740746461067543,0.0004538328322798435
Asturias,2023,7,49553.0,52221.0,41964.0,52221.0,48486.0,48464.0,41964.0,-0.052441908991315955,10.86325914102182,10.789050999758988,10.788597166926708,10.644591216516927,10.644591216516927,10.826155070390403,10.813635769235837,0.07420814126283126
Asturias,2023,8,53210.0,49553.0,48464.0,49553.0,52221.0,48486.0,48464.0,0.07120354476091073,10.810818263038772,10.86325914102182,10.789050999758988,10.788597166926708,10.788597166926708,10.837038702030295,10.821042801273194,-0.052440877983046974
Asturias,2024,5,49157.0,53210.0,48486.0,53210.0,49553.0,52221.0,48486.0,-0.07922709099631753,10.882020420873696,10.810818263038772,10.86325914102182,10.789050999758988,10.789050999758988,10.846419341956235,10.852032608311431,0.07120215783492334
Asturias,2024,6,47921.0,49157.0,52221.0,49157.0,53210.0,49553.0,52221.0,-0.025465435908978762,10.80279487936987,10.882020420873696,10.810818263038772,10.86325914102182,10.86325914102182,10.842407650121782,10.831877854427447,-0.07922554150382588
Asturias,2024,7,49895.0,47921.0,49553.0,47921.0,49157.0,53210.0,49553.0,0.04036697563329561,10.777329968145445,10.80279487936987,10.882020420873696,10.810818263038772,10.810818263038772,10.790062423757657,10.820715089463002,-0.02546491122442518
Asturias,2024,8,56818.0,49895.0,53210.0,49895.0,47921.0,49157.0,53210.0,0.12993237959663517,10.817696118205959,10.777329968145445,10.80279487936987,10.882020420873696,10.882020420873696,10.797513043175702,10.799273655240425,0.04036615006051392
Badajoz,2018,5,16847.0,17692.0,11659.0,17692.0,13749.0,11016.0,11659.0,-0.048939960602014665,9.780924360113003,9.528794103094718,9.307194813340065,9.363919459904483,9.363919459904483,9.654859231603862,9.538971092182596,0.25213025701828506
Badajoz,2018,6,13350.0,16847.0,11016.0,16847.0,17692.0,13749.0,11016.0,-0.23265621455780838,9.731987234373756,9.780924360113003,9.528794103094718,9.307194813340065,9.307194813340065,9.75645579724338,9.680568565860492,-0.04893712573924702
Badajoz,2018,7,14444.0,13350.0,13749.0,13350.0,16847.0,17692.0,13749.0,0.078762718568953,9.499346567390095,9.731987234373756,9.780924360113003,9.528794103094718,9.528794103094718,9.615666900881926,9.67075272062562,-0.23264066698366115
Badajoz,2018,8,17904.0,14444.0,17692.0,14444.0,13350.0,16847.0,17692.0,0.21474504815435758,9.578103612900335,9.499346567390095,9.731987234373756,9.780924360113003,9.780924360113003,9.538725090145215,9.603145804888063,0.07875704551024043
Badajoz,2019,5,17868.0,17904.0,16847.0,17904.0,14444.0,13350.0,16847.0,-0.002012748079696536,9.792835282432533,9.578103612900335,9.499346567390095,9.731987234373756,9.731987234373756,9.685469447666435,9.623428487574321,0.21473166953219724
Badajoz,2019,6,14255.0,17868.0,13350.0,17868.0,17904.0,14444.0,13350.0,-0.22590368112523684,9.790822646878661,9.792835282432533,9.578103612900335,9.499346567390095,9.499346567390095,9.791828964655597,9.720587180737176,-0.0020126355538714336
Badajoz,2019,7,16432.0,14255.0,14444.0,14255.0,17868.0,17904.0,14444.0,0.1421229308215679,9.56493314971059,9.790822646878661,9.792835282432533,9.578103612900335,9.578103612900335,9.677877898294625,9.716197026340595,-0.22588949716807072
Badajoz,2019,8,18644.0,16432.0,17904.0,16432.0,14255.0,17868.0,17904.0,0.12629372532429173,9.707046787181289,9.56493314971059,9.790822646878661,9.792835282432533,9.792835282432533,9.63598996844594,9.687600861256847,0.1421136374706986
Badajoz,2022,5,8775.0,9883.0,3432.0,9883.0,6653.0,5612.0,3432.0,-0.1189093400421175,9.1986725671085,8.802973456578423,8.6328406149422,8.141189793457691,8.141189793457691,9.000823011843462,8.878162212876374,0.395699110530078
Badajoz,2022,6,11197.0,8775.0,5612.0,8775.0,9883.0,6653.0,5612.0,0.24373911592613062,9.079776001955066,9.1986725671085,8.802973456578423,8.6328406149422,8.6328406149422,9.139224284531783,9.027140675213998,-0.11889656515343461
Badajoz,2022,7,14142.0,11197.0,6653.0,11197.0,8775.0,9883.0,6653.0,0.23350320790398982,9.323490469908839,9.079776001955066,9.1986725671085,8.802973456578423,8.802973456578423,9.201633235931952,9.200646346324135,0.24371446795377238
Badajoz,2022,8,16665.0,14142.0,9883.0,14142.0,11197.0,8775.0,9883.0,0.1641616185776531,9.5569750810205,9.323490469908839,9.079776001955066,9.1986725671085,9.1986725671085,9.440232775464668,9.320080517628135,0.23348461111166152
Badajoz,2023,5,11480.0,16665.0,8775.0,16665.0,14142.0,11197.0,8775.0,-0.37270432086828187,9.721125994942152,9.5569750810205,9.323490469908839,9.079776001955066,9.079776001955066,9.639050537981326,9.533863848623831,0.16415091392165237
Badajoz,2023,6,9705.0,11480.0,11197.0,11480.0,16665.0,14142.0,11197.0,-0.16796517427044755,9.348448774093812,9.721125994942152,9.5569750810205,9.323490469908839,9.323490469908839,9.534787384517983,9.542183283352156,-0.37267722084834
Badajoz,2023,7,14718.0,9705.0,14142.0,9705.0,11480.0,16665.0,14142.0,0.4164300178834335,9.18049952996516,9.348448774093812,9.721125994942152,9.5569750810205,9.5569750810205,9.264474152029486,9.416691433000375,-0.16794924412865164
Badajoz,2023,8,19734.0,14718.0,16665.0,14718.0,9705.0,11480.0,16665.0,0.2932718019305671,9.596894455192587,9.18049952996516,9.348448774093812,9.721125994942152,9.721125994942152,9.388696992578874,9.375280919750521,0.4163949252274257
Badajoz,2024,5,13199.0,19734.0,11480.0,19734.0,14718.0,9705.0,11480.0,-0.40220196728815694,9.890148988096948,9.596894455192587,9.18049952996516,9.348448774093812,9.348448774093812,9.743521721644768,9.555847657751565,0.29325453290436165
Badajoz,2024,6,13010.0,13199.0,9705.0,13199.0,19734.0,14718.0,9705.0,-0.014422776622403433,9.487972108574462,9.890148988096948,9.596894455192587,9.18049952996516,9.18049952996516,9.689060548335705,9.658338517288,-0.4021768795224858
Badajoz,2024,7,15532.0,13010.0,14718.0,13010.0,13199.0,19734.0,14718.0,0.17718411934500722,9.473550432503476,9.487972108574462,9.890148988096948,9.596894455192587,9.596894455192587,9.48076127053897,9.617223843058296,-0.014421676070986322
Badajoz,2024,8,23285.0,15532.0,19734.0,15532.0,13010.0,13199.0,19734.0,0.40490696456491904,9.650722071987907,9.473550432503476,9.487972108574462,9.890148988096948,9.890148988096948,9.562136252245692,9.53741487102195,0.17717163948443115
Barcelona,2018,5,902743.0,943615.0,887380.0,943615.0,991960.0,892176.0,887380.0,-0.044280337930748814,13.757474582709332,13.807439070978045,13.701419822370694,13.696029706834535,13.696029706834535,13.782456826843688,13.755444492019357,-0.04996448826871358
Barcelona,2018,6,922193.0,902743.0,892176.0,902743.0,943615.0,991960.0,892176.0,0.02131662315668237,13.713194292759267,13.757474582709332,13.807439070978045,13.701419822370694,13.701419822370694,13.735334437734299,13.759369315482212,-0.0442802899500645
Barcelona,2018,7,971593.0,922193.0,991960.0,922193.0,902743.0,943615.0,991960.0,0.052182463291666537,13.734510892552706,13.713194292759267,13.757474582709332,13.807439070978045,13.807439070978045,13.723852592655987,13.73505992267377,0.021316599793438584
Barcelona,2018,8,974489.0,971593.0,943615.0,971593.0,922193.0,902743.0,943615.0,0.0029762385528773194,13.786693300710272,13.734510892552706,13.713194292759267,13.757474582709332,13.757474582709332,13.760602096631489,13.744799495340748,0.052182408157566584
Barcelona,2019,5,937917.0,974489.0,902743.0,974489.0,971593.0,922193.0,902743.0,-0.03825177209361996,13.789669536204448,13.786693300710272,13.734510892552706,13.713194292759267,13.713194292759267,13.78818141845736,13.770291243155809,0.002976235494175583
Barcelona,2019,6,978776.0,937917.0,922193.0,937917.0,974489.0,971593.0,922193.0,0.04264135249734302,13.751417804124364,13.789669536204448,13.786693300710272,13.734510892552706,13.734510892552706,13.770543670164406,13.775926880346361,-0.038251732080084366
Barcelona,2019,7,1030428.0,978776.0,971593.0,978776.0,937917.0,974489.0,971593.0,0.05142671744621552,13.794059112113555,13.751417804124364,13.789669536204448,13.786693300710272,13.786693300710272,13.772738458118958,13.778382150814123,0.04264130798919119
Barcelona,2019,8,1030887.0,1030428.0,974489.0,1030428.0,978776.0,937917.0,974489.0,0.0004453467884211193,13.845485778346118,13.794059112113555,13.751417804124364,13.789669536204448,13.789669536204448,13.819772445229837,13.796987564861347,0.051426666232563534
Barcelona,2022,5,788946.0,494193.0,118233.0,494193.0,338373.0,193353.0,118233.0,0.4677717482907937,13.110683431629276,12.731907071611165,12.172277984693187,11.68042099064551,11.68042099064551,12.92129525162022,12.67162282931121,0.37877636001811155
Barcelona,2022,6,836187.0,788946.0,193353.0,788946.0,494193.0,338373.0,193353.0,0.05815439484260665,13.578454423934245,13.110683431629276,12.731907071611165,12.172277984693187,12.172277984693187,13.344568927781761,13.140348309058231,0.46777099230496866
Barcelona,2022,7,926342.0,836187.0,338373.0,836187.0,788946.0,494193.0,338373.0,0.10239122463239347,13.636608747167811,13.578454423934245,13.110683431629276,12.731907071611165,12.731907071611165,13.607531585551028,13.441915534243776,0.058154323233566174
Barcelona,2022,8,950248.0,926342.0,494193.0,926342.0,836187.0,788946.0,494193.0,0.02547950624381734,13.738999855410503,13.636608747167811,13.578454423934245,13.110683431629276,13.110683431629276,13.687804301289157,13.651354342170853,0.10239110824269204
Barcelona,2023,5,911864.0,950248.0,788946.0,950248.0,926342.0,836187.0,788946.0,-0.04123214701045441,13.764479334496299,13.738999855410503,13.636608747167811,13.578454423934245,13.578454423934245,13.751739594953401,13.713362645691538,0.02547947908579573
Barcelona,2023,6,932142.0,911864.0,836187.0,911864.0,950248.0,926342.0,836187.0,0.021994307447526396,13.723247231783702,13.764479334496299,13.738999855410503,13.636608747167811,13.636608747167811,13.743863283140001,13.742242140563503,-0.041232102712596586
Barcelona,2023,7,1005179.0,932142.0,926342.0,932142.0,911864.0,950248.0,926342.0,0.07543575049137807,13.745241515374412,13.723247231783702,13.764479334496299,13.738999855410503,13.738999855410503,13.734244373579056,13.744322693884804,0.02199428359070943
Barcelona,2023,8,1030985.0,1005179.0,950248.0,1005179.0,932142.0,911864.0,950248.0,0.025349020843243864,13.820677187915633,13.745241515374412,13.723247231783702,13.764479334496299,13.764479334496299,13.782959351645022,13.763055311691248,0.07543567254122152
Barcelona,2024,5,1008025.0,1030985.0,911864.0,1030985.0,1005179.0,932142.0,911864.0,-0.02252168501848928,13.846026183857434,13.820677187915633,13.745241515374412,13.723247231783702,13.723247231783702,13.833351685886534,13.80398162904916,0.025348995941801178
Barcelona,2024,6,968677.0,1008025.0,932142.0,1008025.0,1030985.0,1005179.0,932142.0,-0.03981702692153277,13.823504520931595,13.846026183857434,13.820677187915633,13.745241515374412,13.745241515374412,13.834765352394514,13.83006929756822,-0.02252166292583979
Barcelona,2024,7,1029464.0,968677.0,1005179.0,968677.0,1008025.0,1030985.0,1005179.0,0.06086233443562783,13.783687534306988,13.823504520931595,13.846026183857434,13.820677187915633,13.820677187915633,13.803596027619292,13.817739413032006,-0.03981698662460609
Barcelona,2024,8,1077848.0,1029464.0,1030985.0,1029464.0,968677.0,1008025.0,1030985.0,0.04592818224680251,13.844549807786104,13.783687534306988,13.823504520931595,13.846026183857434,13.846026183857434,13.814118671046547,13.817247287674896,0.0608622734791151
Bizkaia,2018,5,66135.0,79455.0,60073.0,79455.0,67390.0,55079.0,60073.0,-0.18349271618658847,11.282958688307893,11.11826675682705,10.916541952842591,11.003332414606783,11.003332414606783,11.20061272256747,11.105922465992512,0.16469193148084393
Bizkaia,2018,6,60320.0,66135.0,55079.0,66135.0,79455.0,67390.0,55079.0,-0.09203438377831041,11.099468506932512,11.282958688307893,11.11826675682705,10.916541952842591,10.916541952842591,11.191213597620202,11.166897984022484,-0.1834901813753813
Bizkaia,2018,7,72840.0,60320.0,67390.0,60320.0,66135.0,79455.0,67390.0,0.18860153115970668,11.007435580793757,11.099468506932512,11.282958688307893,11.11826675682705,11.11826675682705,11.053452043863135,11.129954258678055,-0.09203292613875469
Bizkaia,2018,8,82335.0,72840.0,79455.0,72840.0,60320.0,66135.0,79455.0,0.12253103581055491,11.196034262467789,11.007435580793757,11.099468506932512,11.282958688307893,11.282958688307893,11.101734921630772,11.100979450064685,0.1885986816740317
Bizkaia,2019,5,67915.0,82335.0,66135.0,82335.0,72840.0,60320.0,66135.0,-0.1925393673955078,11.31856371508147,11.196034262467789,11.007435580793757,11.099468506932512,11.099468506932512,11.257298988774629,11.174011186114337,0.12252945261368176
Bizkaia,2019,6,63566.0,67915.0,60320.0,67915.0,82335.0,72840.0,60320.0,-0.06617818706816614,11.126026926435902,11.31856371508147,11.196034262467789,11.007435580793757,11.007435580793757,11.222295320758686,11.213541634661722,-0.1925367886455689
Bizkaia,2019,7,77563.0,63566.0,72840.0,63566.0,67915.0,82335.0,72840.0,0.19901177315194118,11.059849746745142,11.126026926435902,11.31856371508147,11.196034262467789,11.196034262467789,11.092938336590521,11.168146796087504,-0.06617717969075976
Bizkaia,2019,8,85071.0,77563.0,82335.0,77563.0,63566.0,67915.0,82335.0,0.09239569258574676,11.258858681002508,11.059849746745142,11.126026926435902,11.31856371508147,11.31856371508147,11.159354213873826,11.148245118061183,0.19900893425736577
Bizkaia,2022,5,61952.0,47135.0,8394.0,47135.0,33758.0,15043.0,8394.0,0.273344066805997,10.760792319262357,10.427002327418107,9.618734519590227,9.035391569511642,9.035391569511642,10.593897323340233,10.268843055423565,0.3337899918442506
Bizkaia,2022,6,62479.0,61952.0,15043.0,61952.0,47135.0,33758.0,15043.0,0.008470608627597187,11.034131312034901,10.760792319262357,10.427002327418107,9.618734519590227,9.618734519590227,10.89746181564863,10.740641986238456,0.27333899277254403
Bizkaia,2022,7,87345.0,62479.0,33758.0,62479.0,61952.0,47135.0,33758.0,0.33503529367548524,11.042601784513568,11.034131312034901,10.760792319262357,10.427002327418107,10.427002327418107,11.038366548274235,10.945841805270277,0.008470472478666835
Bizkaia,2022,8,87215.0,87345.0,47135.0,87345.0,62479.0,61952.0,47135.0,-0.0014894594870948907,11.377632521726046,11.042601784513568,11.034131312034901,10.760792319262357,10.760792319262357,11.210117153119807,11.151455206091505,0.33503073721247745
Bizkaia,2023,5,78257.0,87215.0,61952.0,87215.0,87345.0,62479.0,61952.0,-0.10837805218185359,11.376143079304063,11.377632521726046,11.042601784513568,11.034131312034901,11.034131312034901,11.376887800515053,11.265459128514559,-0.0014894424219829006
Bizkaia,2023,6,76425.0,78257.0,62479.0,78257.0,87215.0,87345.0,62479.0,-0.023688414511346068,11.267766339598339,11.376143079304063,11.377632521726046,11.042601784513568,11.042601784513568,11.321954709451202,11.340513980209485,-0.10837673970572403
Bizkaia,2023,7,91091.0,76425.0,87345.0,76425.0,78257.0,87215.0,87345.0,0.17554913907303415,11.244078231397015,11.267766339598339,11.376143079304063,11.377632521726046,11.377632521726046,11.255922285497677,11.295995883433138,-0.023688108201323388
Bizkaia,2023,8,100252.0,91091.0,87215.0,91091.0,76425.0,78257.0,87215.0,0.09582800926243351,11.419625263804768,11.244078231397015,11.267766339598339,11.376143079304063,11.376143079304063,11.331851747600892,11.310489944933375,0.17554703240775282
Bizkaia,2024,5,80467.0,100252.0,78257.0,100252.0,91091.0,76425.0,78257.0,-0.2198398536235544,11.5154522699081,11.419625263804768,11.244078231397015,11.267766339598339,11.267766339598339,11.467538766856434,11.393051921703295,0.09582700610333106
Bizkaia,2024,6,78143.0,80467.0,76425.0,80467.0,100252.0,91091.0,76425.0,-0.02930668097025091,11.295614868848462,11.5154522699081,11.419625263804768,11.244078231397015,11.244078231397015,11.405533569378282,11.410230800853777,-0.21983740105963712
Bizkaia,2024,7,93045.0,78143.0,91091.0,78143.0,80467.0,100252.0,91091.0,0.1745427655746301,11.266308557470376,11.295614868848462,11.5154522699081,11.419625263804768,11.419625263804768,11.280961713159419,11.359125232075646,-0.029306311378086036
Bizkaia,2024,8,106572.0,93045.0,100252.0,93045.0,78143.0,80467.0,100252.0,0.13573756597117637,11.440849273505348,11.266308557470376,11.295614868848462,11.5154522699081,11.5154522699081,11.353578915487862,11.334257566608061,0.17454071603497212
Burgos,2018,5,32880.0,52704.0,40358.0,52704.0,49858.0,33353.0,40358.0,-0.4718267838072503,10.872465606689289,10.816954300719182,10.414932984181524,10.605569697153653,10.605569697153653,10.844709953704236,10.701450963863332,0.05551130597010712
Burgos,2018,6,30152.0,32880.0,33353.0,32880.0,52704.0,49858.0,33353.0,-0.08661331422314511,10.400650262332935,10.872465606689289,10.816954300719182,10.414932984181524,10.414932984181524,10.636557934511112,10.69669005658047,-0.4718153443563544
Burgos,2018,7,46394.0,30152.0,49858.0,30152.0,32880.0,52704.0,49858.0,0.43091888456124394,10.314039699692849,10.400650262332935,10.872465606689289,10.816954300719182,10.816954300719182,10.357344981012892,10.529051856238357,-0.08661056264008593
Burgos,2018,8,51115.0,46394.0,52704.0,46394.0,30152.0,32880.0,52704.0,0.09690785568289861,10.744946973787279,10.314039699692849,10.400650262332935,10.872465606689289,10.872465606689289,10.529493336740064,10.48654564527102,0.4309072740944302
Burgos,2019,5,31505.0,51115.0,32880.0,51115.0,46394.0,30152.0,32880.0,-0.48393173281495727,10.841852838728594,10.744946973787279,10.314039699692849,10.400650262332935,10.400650262332935,10.793399906257935,10.63361317073624,0.09690586494131459
Burgos,2019,6,28805.0,31505.0,30152.0,31505.0,51115.0,46394.0,30152.0,-0.08959728020967361,10.357933282865915,10.841852838728594,10.744946973787279,10.314039699692849,10.314039699692849,10.599893060797253,10.648244365127262,-0.48391955586267876
Burgos,2019,7,46809.0,28805.0,46394.0,28805.0,31505.0,51115.0,46394.0,0.4855265089428098,10.268338977758996,10.357933282865915,10.841852838728594,10.744946973787279,10.744946973787279,10.313136130312454,10.489375033117833,-0.08959430510691924
Burgos,2019,8,54619.0,46809.0,51115.0,46809.0,28805.0,31505.0,51115.0,0.15430631543883067,10.753852134294116,10.268338977758996,10.357933282865915,10.841852838728594,10.841852838728594,10.511095556026556,10.460041464973008,0.48551315653512006
Burgos,2022,5,28483.0,23167.0,4470.0,23167.0,22395.0,8007.0,4470.0,0.20657856578653444,10.050527295185443,10.016637650468784,8.988196320995057,8.405367376233981,8.405367376233981,10.033582472827113,9.685120422216428,0.033889644716659006
Burgos,2022,6,27486.0,28483.0,8007.0,28483.0,23167.0,22395.0,8007.0,-0.03563063394220656,10.257097805102015,10.050527295185443,10.016637650468784,8.988196320995057,8.988196320995057,10.15381255014373,10.108087583585414,0.20657050991657222
Burgos,2022,7,44427.0,27486.0,22395.0,27486.0,28483.0,23167.0,22395.0,0.4801706085908162,10.221468444611173,10.257097805102015,10.050527295185443,10.016637650468784,10.016637650468784,10.239283124856595,10.176364514966211,-0.03562936049084264
Burgos,2022,8,54722.0,44427.0,23167.0,44427.0,27486.0,28483.0,23167.0,0.2084184296304965,10.70162518028701,10.221468444611173,10.257097805102015,10.050527295185443,10.050527295185443,10.461546812449091,10.3933971433334,0.4801567356758376
Burgos,2023,5,36044.0,54722.0,28483.0,54722.0,44427.0,27486.0,28483.0,-0.41752540798118254,10.910039375355025,10.70162518028701,10.221468444611173,10.257097805102015,10.257097805102015,10.805832277821018,10.611044333417736,0.2084141950680145
Burgos,2023,6,31279.0,36044.0,27486.0,36044.0,54722.0,44427.0,27486.0,-0.14179346851617147,10.49252343683868,10.910039375355025,10.70162518028701,10.221468444611173,10.221468444611173,10.701281406096852,10.701395997493572,-0.4175159385163454
Burgos,2023,7,49649.0,31279.0,44427.0,31279.0,36044.0,54722.0,44427.0,0.4620313034448227,10.350734194659248,10.49252343683868,10.910039375355025,10.70162518028701,10.70162518028701,10.421628815748964,10.58443233561765,-0.14178924217943134
Burgos,2023,8,50086.0,49649.0,54722.0,49649.0,31279.0,36044.0,54722.0,0.008763278620669723,10.812753669473318,10.350734194659248,10.49252343683868,10.910039375355025,10.910039375355025,10.581743932066283,10.552003766990415,0.46201947481407046
Burgos,2024,5,39478.0,50086.0,36044.0,50086.0,49649.0,31279.0,36044.0,-0.2379979732013151,10.821516772364003,10.812753669473318,10.350734194659248,10.49252343683868,10.49252343683868,10.817135220918662,10.661668212165523,0.008763102890684493
Burgos,2024,6,29014.0,39478.0,31279.0,39478.0,50086.0,49649.0,31279.0,-0.30796508260408473,10.583524163945977,10.821516772364003,10.812753669473318,10.350734194659248,10.350734194659248,10.70252046815499,10.739264868594432,-0.2379926084180255
Burgos,2024,7,51482.0,29014.0,49649.0,29014.0,39478.0,50086.0,49649.0,0.5734537598954219,10.275568216624709,10.583524163945977,10.821516772364003,10.812753669473318,10.812753669473318,10.429546190285343,10.56020305097823,-0.3079559473212683
Burgos,2024,8,49938.0,51482.0,50086.0,51482.0,29014.0,39478.0,50086.0,-0.03044999602012055,10.849006935070413,10.275568216624709,10.583524163945977,10.821516772364003,10.821516772364003,10.562287575847561,10.569366438547034,0.5734387184457042
Cantabria,2018,5,32927.0,33762.0,26677.0,33762.0,34022.0,32241.0,26677.0,-0.025042919779288297,10.427120807321092,10.43479204548344,10.381025229435943,10.19159453470099,10.19159453470099,10.430956426402267,10.41431269408016,-0.007671238162348715
Cantabria,2018,6,34999.0,32927.0,32241.0,32927.0,33762.0,34022.0,32241.0,0.061026499752761865,10.402078638633776,10.427120807321092,10.43479204548344,10.381025229435943,10.381025229435943,10.414599722977435,10.421330497146103,-0.02504216868731568
Cantabria,2018,7,39940.0,34999.0,34022.0,34999.0,32927.0,33762.0,34022.0,0.13205883833499854,10.46310334047155,10.402078638633776,10.427120807321092,10.43479204548344,10.43479204548344,10.432590989552663,10.430767595475473,0.06102470183777342
Cantabria,2018,8,38782.0,39940.0,33762.0,39940.0,34999.0,32927.0,33762.0,-0.02942210652724242,10.595158644212706,10.46310334047155,10.402078638633776,10.427120807321092,10.427120807321092,10.529130992342129,10.486780207772677,0.13205530374115604
Cantabria,2019,5,32462.0,38782.0,32927.0,38782.0,39940.0,34999.0,32927.0,-0.17788604697754806,10.565737285268195,10.595158644212706,10.46310334047155,10.402078638633776,10.402078638633776,10.58044796474045,10.54133308998415,-0.0294213589445107
Cantabria,2019,6,36191.0,32462.0,34999.0,32462.0,38782.0,39940.0,34999.0,0.1087402946535434,10.387856258239758,10.565737285268195,10.595158644212706,10.46310334047155,10.46310334047155,10.476796771753977,10.51625072924022,-0.17788102702843744
Cantabria,2019,7,40070.0,36191.0,39940.0,36191.0,32462.0,38782.0,39940.0,0.10181745551163068,10.496593378915847,10.387856258239758,10.565737285268195,10.595158644212706,10.595158644212706,10.442224818577802,10.483395640807933,0.1087371206760892
Cantabria,2019,8,41393.0,40070.0,38782.0,40070.0,36191.0,32462.0,38782.0,0.032483859761617495,10.598408159645215,10.496593378915847,10.387856258239758,10.565737285268195,10.565737285268195,10.547500769280532,10.49428593226694,0.10181478072936834
Cantabria,2022,5,33629.0,24753.0,3597.0,24753.0,21235.0,9699.0,3597.0,0.3064420961644192,10.116742371099967,9.963453133703561,9.179881164491475,8.188133414510478,8.188133414510478,10.040097752401763,9.753358889765002,0.15328923739640565
Cantabria,2022,6,32505.0,33629.0,9699.0,33629.0,24753.0,21235.0,9699.0,-0.03399486629830406,10.423173804734315,10.116742371099967,9.963453133703561,9.179881164491475,9.179881164491475,10.269958087917141,10.167789769845948,0.3064314336343479
Cantabria,2022,7,39091.0,32505.0,21235.0,32505.0,33629.0,24753.0,21235.0,0.1844983378114975,10.389179966663121,10.423173804734315,10.116742371099967,9.963453133703561,9.963453133703561,10.406176885698718,10.309698714165801,-0.033993838071193494
Cantabria,2022,8,40543.0,39091.0,24753.0,39091.0,32505.0,33629.0,24753.0,0.03647087780466585,10.573673121458727,10.389179966663121,10.423173804734315,10.116742371099967,10.116742371099967,10.481426544060923,10.462008964285387,0.18449315479560546
Cantabria,2023,5,37039.0,40543.0,33629.0,40543.0,39091.0,32505.0,33629.0,-0.09039172769923809,10.610143083120866,10.573673121458727,10.389179966663121,10.423173804734315,10.423173804734315,10.591908102289796,10.524332057080905,0.03646996166213867
Cantabria,2023,6,40466.0,37039.0,32505.0,37039.0,40543.0,39091.0,32505.0,0.08849070378364665,10.519753688760115,10.610143083120866,10.573673121458727,10.389179966663121,10.389179966663121,10.56494838594049,10.567856631113235,-0.09038939436075033
Cantabria,2023,7,41011.0,40466.0,39091.0,40466.0,37039.0,40543.0,39091.0,0.013378208046185947,10.608242106137789,10.519753688760115,10.610143083120866,10.573673121458727,10.573673121458727,10.563997897448953,10.579379626006258,0.08848841737767366
Cantabria,2023,8,43335.0,41011.0,40543.0,41011.0,40466.0,37039.0,40543.0,0.05512029918311789,10.621619985789982,10.608242106137789,10.519753688760115,10.610143083120866,10.610143083120866,10.614931045963885,10.583205260229295,0.013377879652193059
Cantabria,2024,5,43888.0,43335.0,37039.0,43335.0,41011.0,40466.0,37039.0,0.012680311608939121,10.676738977337735,10.621619985789982,10.608242106137789,10.519753688760115,10.519753688760115,10.64917948156386,10.635533689755169,0.05511899154775257
Cantabria,2024,6,41876.0,43888.0,40466.0,43888.0,43335.0,41011.0,40466.0,-0.04692806373813774,10.689418998189405,10.676738977337735,10.621619985789982,10.608242106137789,10.608242106137789,10.683078987763569,10.662592653772373,0.012680020851670193
Cantabria,2024,7,46644.0,41876.0,41011.0,41876.0,43888.0,43335.0,41011.0,0.10783143120097805,10.642492029180868,10.689418998189405,10.676738977337735,10.621619985789982,10.621619985789982,10.665955513685137,10.669550001569336,-0.046926969008536545
Cantabria,2024,8,45826.0,46644.0,43335.0,46644.0,41876.0,43888.0,43335.0,-0.01769268602093632,10.750321019395061,10.642492029180868,10.689418998189405,10.676738977337735,10.676738977337735,10.696406524287966,10.694077348921779,0.1078289902141929
Castellón/Castelló,2018,5,20286.0,23680.0,21302.0,23680.0,25949.0,19192.0,21302.0,-0.1546998170620011,10.072428317836021,10.163926888594034,9.862300908205878,9.966603186850204,9.966603186850204,10.118177603215027,10.03288537154531,-0.09149857075801293
Castellón/Castelló,2018,6,17639.0,20286.0,19192.0,20286.0,23680.0,25949.0,19192.0,-0.1398186333244631,9.91773556580133,10.072428317836021,10.163926888594034,9.862300908205878,9.862300908205878,9.995081941818675,10.051363590743795,-0.15469275203469124
Castellón/Castelló,2018,7,20628.0,17639.0,25949.0,17639.0,20286.0,23680.0,25949.0,0.1565370165593727,9.777924329560783,9.91773556580133,10.072428317836021,10.163926888594034,10.163926888594034,9.847829947681056,9.922696071066044,-0.13981123624054703
Castellón/Castelló,2018,8,22092.0,20628.0,23680.0,20628.0,17639.0,20286.0,23680.0,0.06856617585022917,9.934453131793008,9.777924329560783,9.91773556580133,10.072428317836021,10.072428317836021,9.856188730676894,9.87670434238504,0.15652880223222532
Castellón/Castelló,2019,5,19677.0,22092.0,20286.0,22092.0,20628.0,17639.0,20286.0,-0.11576511105923437,10.003016095251029,9.934453131793008,9.777924329560783,9.91773556580133,9.91773556580133,9.968734613522019,9.90513118553494,0.06856296345802093
Castellón/Castelló,2019,6,19379.0,19677.0,17639.0,19677.0,22092.0,20628.0,17639.0,-0.015260435435594744,9.88725653942571,10.003016095251029,9.934453131793008,9.777924329560783,9.777924329560783,9.94513631733837,9.941575255489916,-0.11575955582531883
Castellón/Castelló,2019,7,21820.0,19379.0,20628.0,19379.0,19677.0,22092.0,20628.0,0.11863697486081115,9.871996885444757,9.88725653942571,10.003016095251029,9.934453131793008,9.934453131793008,9.879626712435233,9.920756506707164,-0.015259653980953303
Castellón/Castelló,2019,8,26674.0,21820.0,22092.0,21820.0,19379.0,19677.0,22092.0,0.20086232779527968,9.990628087851128,9.871996885444757,9.88725653942571,10.003016095251029,10.003016095251029,9.931312486647943,9.9166271709072,0.11863120240637137
Castellón/Castelló,2022,5,21038.0,15941.0,5722.0,15941.0,13267.0,8697.0,5722.0,0.2774359196655727,9.676712414987868,9.493110400066943,9.070848393157585,8.652248422409102,8.652248422409102,9.584911407527406,9.413557069404133,0.18360201492092543
Castellón/Castelló,2022,6,19592.0,21038.0,8697.0,21038.0,15941.0,13267.0,8697.0,-0.07120900666721575,9.95413313720502,9.676712414987868,9.493110400066943,9.070848393157585,9.070848393157585,9.815422776096444,9.707985317419944,0.2774207222171512
Castellón/Castelló,2022,7,24499.0,19592.0,13267.0,19592.0,21038.0,15941.0,13267.0,0.22351098074127407,9.882927638570767,9.95413313720502,9.676712414987868,9.493110400066943,9.493110400066943,9.918530387887893,9.837924396921219,-0.07120549863425296
Castellón/Castelló,2022,8,27952.0,24499.0,15941.0,24499.0,19592.0,21038.0,15941.0,0.1318564530005606,10.106428396532818,9.882927638570767,9.95413313720502,9.676712414987868,9.676712414987868,9.994678017551792,9.9811630574362,0.22350075796205182
Castellón/Castelló,2023,5,21810.0,27952.0,21038.0,27952.0,24499.0,19592.0,21038.0,-0.24812017317816348,10.238279807349246,10.106428396532818,9.882927638570767,9.95413313720502,9.95413313720502,10.172354101941032,10.075878614150943,0.13185141081642726
Castellón/Castelló,2023,6,20048.0,21810.0,19592.0,21810.0,27952.0,24499.0,19592.0,-0.08423918205982517,9.990169708671852,10.238279807349246,10.106428396532818,9.882927638570767,9.882927638570767,10.114224758010549,10.111625970851305,-0.24811009867739386
Castellón/Castelló,2023,7,24694.0,20048.0,24499.0,20048.0,21810.0,27952.0,24499.0,0.20843090099183925,9.90593455617918,9.990169708671852,10.238279807349246,10.106428396532818,10.106428396532818,9.948052132425516,10.044794690733426,-0.08423515249267233
Castellón/Castelló,2023,8,28649.0,24694.0,27952.0,24694.0,20048.0,21810.0,27952.0,0.14855823939207546,10.114356072974726,9.90593455617918,9.990169708671852,10.238279807349246,10.238279807349246,10.010145314576953,10.003486779275251,0.20842151679554632
Castellón/Castelló,2024,5,27196.0,28649.0,21810.0,28649.0,24694.0,20048.0,21810.0,-0.05204863487341527,10.262908722142885,10.114356072974726,9.90593455617918,9.990169708671852,9.990169708671852,10.188632397558806,10.094399783765597,0.1485526491681597
Castellón/Castelló,2024,6,21613.0,27196.0,20048.0,27196.0,28649.0,24694.0,20048.0,-0.22977491816243045,10.210861952083599,10.262908722142885,10.114356072974726,9.90593455617918,9.90593455617918,10.236885337113243,10.196042249067071,-0.052046770059286374
Castellón/Castelló,2024,7,25694.0,21613.0,24694.0,21613.0,27196.0,28649.0,24694.0,0.1729625161076367,9.98109653186311,10.210861952083599,10.262908722142885,10.114356072974726,10.114356072974726,10.095979241973355,10.151622402029865,-0.22976542022048818
Castellón/Castelló,2024,8,31615.0,25694.0,28649.0,25694.0,21613.0,27196.0,28649.0,0.20737418990115764,10.15405169942633,9.98109653186311,10.210861952083599,10.262908722142885,10.262908722142885,10.067574115644721,10.115336727791012,0.17295516756321838
Ceuta,2018,5,1603.0,4280.0,2530.0,4280.0,2724.0,1545.0,2530.0,-0.98207613596629,8.361941906144946,7.9102237070973445,7.343426229147367,7.836369760545124,7.836369760545124,8.136082806621145,7.871863947463218,0.45171819904760113
Ceuta,2018,6,2340.0,1603.0,1545.0,1603.0,4280.0,2724.0,1545.0,0.3782740557421942,7.38025578842646,8.361941906144946,7.9102237070973445,7.343426229147367,7.343426229147367,7.871098847285703,7.884140467222917,-0.9816861177184855
Ceuta,2018,7,2231.0,2340.0,2724.0,2340.0,1603.0,4280.0,2724.0,-0.04770101391921422,7.75833346749091,7.38025578842646,8.361941906144946,7.9102237070973445,7.9102237070973445,7.569294627958685,7.833510387354106,0.3780776790644502
Ceuta,2018,8,3224.0,2231.0,4280.0,2231.0,2340.0,1603.0,4280.0,0.36817290919398715,7.710653323501202,7.75833346749091,7.38025578842646,8.361941906144946,8.361941906144946,7.734493395496056,7.616414193139524,-0.04768014398970877
Ceuta,2019,5,1420.0,3224.0,1603.0,3224.0,2231.0,2340.0,1603.0,-0.8199659530312129,8.078688229229872,7.710653323501202,7.75833346749091,7.38025578842646,7.38025578842646,7.894670776365537,7.849225006740661,0.3680349057286705
Ceuta,2019,6,1869.0,1420.0,2340.0,1420.0,3224.0,2231.0,2340.0,0.27474665686025634,7.259116128097101,8.078688229229872,7.710653323501202,7.75833346749091,7.75833346749091,7.668902178663487,7.682819226942725,-0.8195721011327715
Ceuta,2019,7,2912.0,1869.0,2231.0,1869.0,1420.0,3224.0,2231.0,0.44343660186101364,7.533693709848633,7.259116128097101,8.078688229229872,7.710653323501202,7.710653323501202,7.396404918972866,7.623832689058535,0.27457758175153213
Ceuta,2019,8,3980.0,2912.0,3224.0,2912.0,1869.0,1420.0,3224.0,0.31244168896190594,7.976938756959434,7.533693709848633,7.259116128097101,8.078688229229872,8.078688229229872,7.7553162334040335,7.589916198301722,0.4432450471108016
Ceuta,2022,5,712.0,437.0,160.0,437.0,266.0,221.0,160.0,0.4881447163163859,6.082218910376446,5.58724865840025,5.402677381872279,5.081404364984463,5.081404364984463,5.834733784388348,5.690714983549658,0.4949702519761967
Ceuta,2022,6,1245.0,712.0,221.0,712.0,437.0,266.0,221.0,0.558812897486832,6.569481420414296,6.082218910376446,5.58724865840025,5.402677381872279,5.402677381872279,6.325850165395371,6.079649663063663,0.4872625100378496
Ceuta,2022,7,2059.0,1245.0,266.0,1245.0,712.0,437.0,266.0,0.5030848981289813,7.1276936993473985,6.569481420414296,6.082218910376446,5.58724865840025,5.58724865840025,6.848587559880848,6.593131343379381,0.5582122789331025
Ceuta,2022,8,2580.0,2059.0,437.0,2059.0,1245.0,712.0,437.0,0.2255689708878741,7.630461261783627,7.1276936993473985,6.569481420414296,6.082218910376446,6.082218910376446,7.379077480565513,7.109212127181774,0.5027675624362287
Ceuta,2023,5,1836.0,2580.0,712.0,2580.0,2059.0,1245.0,712.0,-0.34020010673522716,7.855932199718614,7.630461261783627,7.1276936993473985,6.569481420414296,6.569481420414296,7.743196730751121,7.5380290536165475,0.22547093793498707
Ceuta,2023,6,1918.0,1836.0,1245.0,1836.0,2580.0,2059.0,1245.0,0.04369368426294784,7.515889085215125,7.855932199718614,7.630461261783627,7.1276936993473985,7.1276936993473985,7.68591064246687,7.667427515572456,-0.340043114503489
Ceuta,2023,7,2707.0,1918.0,2059.0,1918.0,1836.0,2580.0,2059.0,0.3445580341709169,7.5595594960077,7.515889085215125,7.855932199718614,7.630461261783627,7.630461261783627,7.537724290611413,7.643793593647146,0.04367041079257472
Ceuta,2023,8,2924.0,2707.0,2580.0,2707.0,1918.0,1836.0,2580.0,0.07711153125536807,7.903965634032166,7.5595594960077,7.515889085215125,7.855932199718614,7.855932199718614,7.731762565019933,7.65980473841833,0.34440613802446585
Ceuta,2024,5,1740.0,2924.0,1836.0,2924.0,2707.0,1918.0,1836.0,-0.5190674286610939,7.981049759665957,7.903965634032166,7.5595594960077,7.515889085215125,7.515889085215125,7.942507696849061,7.814858296568608,0.07708412563379152
Ceuta,2024,6,3024.0,1740.0,1918.0,1740.0,2924.0,2707.0,1918.0,0.5526953450908492,7.462214939768189,7.981049759665957,7.903965634032166,7.5595594960077,7.5595594960077,7.721632349717073,7.7824101111554365,-0.5188348198977684
Ceuta,2024,7,2589.0,3024.0,2707.0,3024.0,1740.0,2924.0,2707.0,-0.15530875754788642,8.014666370464942,7.462214939768189,7.981049759665957,7.903965634032166,7.903965634032166,7.738440655116566,7.8193103566330295,0.5524514306967534
Ceuta,2024,8,4291.0,2589.0,2924.0,2589.0,3024.0,1740.0,2924.0,0.5052481052399864,7.859413154693583,8.014666370464942,7.462214939768189,7.981049759665957,7.981049759665957,7.937039762579262,7.778764821642238,-0.1552532157713591
Ciudad Real,2018,5,5621.0,5377.0,5020.0,5377.0,6050.0,4320.0,5020.0,0.04437898619239711,8.59007183682881,8.707978826622321,8.371242135931933,8.521384396034705,8.521384396034705,8.649025331725566,8.556430933127688,-0.11790698979351077
Ciudad Real,2018,6,4276.0,5621.0,4320.0,5621.0,5377.0,6050.0,4320.0,-0.27349159085713914,8.634442751466477,8.59007183682881,8.707978826622321,8.371242135931933,8.371242135931933,8.612257294147643,8.644164471639202,0.04437091463766585
Ciudad Real,2018,7,6059.0,4276.0,6050.0,4276.0,5621.0,5377.0,6050.0,0.3485267768000533,8.361007108226909,8.634442751466477,8.59007183682881,8.707978826622321,8.707978826622321,8.497724929846694,8.528507232174066,-0.2734356432395675
Ciudad Real,2018,8,7414.0,6059.0,5377.0,6059.0,4276.0,5621.0,5377.0,0.20182533476568842,8.70946507906336,8.361007108226909,8.634442751466477,8.59007183682881,8.59007183682881,8.535236093645135,8.568304979585582,0.348457970836451
Ciudad Real,2019,5,6402.0,7414.0,5621.0,7414.0,6059.0,4276.0,5621.0,-0.14675966318086964,8.911260254572033,8.70946507906336,8.361007108226909,8.634442751466477,8.634442751466477,8.810362666817696,8.660577480620766,0.2017951755086731
Ciudad Real,2019,6,5542.0,6402.0,4276.0,6402.0,7414.0,6059.0,4276.0,-0.1442549951068841,8.764521909518802,8.911260254572033,8.70946507906336,8.361007108226909,8.361007108226909,8.837891082045417,8.795082414384732,-0.14673834505323136
Ciudad Real,2019,7,6416.0,5542.0,6059.0,5542.0,6402.0,7414.0,6059.0,0.14643942412342703,8.620291149419804,8.764521909518802,8.911260254572033,8.70946507906336,8.70946507906336,8.692406529469302,8.765357771170214,-0.14423076009899738
Ciudad Real,2019,8,7718.0,6416.0,7414.0,6416.0,5542.0,6402.0,7414.0,0.18476039255121357,8.766705997750515,8.620291149419804,8.764521909518802,8.911260254572033,8.911260254572033,8.69349857358516,8.717173018896373,0.1464148483307106
Ciudad Real,2022,5,4079.0,3465.0,1228.0,3465.0,2712.0,1943.0,1228.0,0.16313922769355393,8.150756470275551,7.905810312658931,7.572502985020384,7.113956109566034,7.113956109566034,8.028283391467241,7.876356589318289,0.24494615761661986
Ciudad Real,2022,6,4623.0,4079.0,1943.0,4079.0,3465.0,2712.0,1943.0,0.12519198467066772,8.313852267398207,8.150756470275551,7.905810312658931,7.572502985020384,7.572502985020384,8.232304368836878,8.123473016777563,0.1630957971226561
Ciudad Real,2022,7,5139.0,4623.0,2712.0,4623.0,4079.0,3465.0,2712.0,0.10581466300400422,8.439015410352214,8.313852267398207,8.150756470275551,7.905810312658931,7.905810312658931,8.376433838875212,8.301208049341993,0.12516314295400655
Ciudad Real,2022,8,5385.0,5139.0,3465.0,5139.0,4623.0,4079.0,3465.0,0.0467588025982586,8.544808358449211,8.439015410352214,8.313852267398207,8.150756470275551,8.150756470275551,8.491911884400713,8.43255867873321,0.10579294809699746
Ciudad Real,2023,5,5392.0,5385.0,4079.0,5385.0,5139.0,4623.0,4079.0,0.0012990630016549432,8.591558273371545,8.544808358449211,8.439015410352214,8.313852267398207,8.313852267398207,8.568183315910378,8.52512734739099,0.0467499149223336
Ciudad Real,2023,6,4264.0,5392.0,4623.0,5392.0,5385.0,5139.0,4623.0,-0.23470868674646184,8.592857095337227,8.591558273371545,8.544808358449211,8.439015410352214,8.439015410352214,8.592207684354385,8.57640790905266,0.0012988219656815403
Ciudad Real,2023,7,6022.0,4264.0,5139.0,4264.0,5392.0,5385.0,5139.0,0.345211743195998,8.35819745992578,8.592857095337227,8.591558273371545,8.544808358449211,8.544808358449211,8.475527277631503,8.514204276211517,-0.23465963541144674
Ciudad Real,2023,8,6089.0,6022.0,5385.0,6022.0,4264.0,5392.0,5385.0,0.011064434566895542,8.70334075304372,8.35819745992578,8.592857095337227,8.591558273371545,8.591558273371545,8.530769106484751,8.55146510276891,0.3451432931179408
Ciudad Real,2024,5,6101.0,6089.0,5392.0,6089.0,6022.0,4264.0,5392.0,0.0019688275432780955,8.714403360703942,8.70334075304372,8.35819745992578,8.592857095337227,8.592857095337227,8.708872056873831,8.591980524557814,0.011062607660221602
Ciudad Real,2024,6,4325.0,6101.0,4264.0,6101.0,6089.0,6022.0,4264.0,-0.34404055178587356,8.716371865276615,8.714403360703942,8.70334075304372,8.35819745992578,8.35819745992578,8.715387612990279,8.711371993008093,0.0019685045726731687
Ciudad Real,2024,7,5596.0,4325.0,6022.0,4325.0,6101.0,6089.0,6022.0,0.257639916419393,8.372398606513004,8.716371865276615,8.714403360703942,8.70334075304372,8.70334075304372,8.54438523589481,8.601057944164522,-0.3439732587636115
Ciudad Real,2024,8,6459.0,5596.0,6089.0,5596.0,4325.0,6101.0,6089.0,0.1434224502471011,8.62998601889136,8.372398606513004,8.716371865276615,8.714403360703942,8.714403360703942,8.501192312702182,8.572918830226994,0.25758741237835636
Cuenca,2018,5,3978.0,3536.0,4457.0,3536.0,3490.0,3507.0,4457.0,0.11778303565638204,8.17103418920548,8.157943507105037,8.162801353492073,8.402455513945814,8.402455513945814,8.164488848155258,8.163926349934195,0.013090682100443729
Cuenca,2018,6,3277.0,3978.0,3507.0,3978.0,3536.0,3490.0,3507.0,-0.19385081071510157,8.288785810426928,8.17103418920548,8.157943507105037,8.162801353492073,8.162801353492073,8.229909999816204,8.205921168912482,0.11775162122144778
Cuenca,2018,7,4656.0,3277.0,3490.0,3277.0,3978.0,3536.0,3490.0,0.3512283407124581,8.094988759303774,8.288785810426928,8.17103418920548,8.157943507105037,8.157943507105037,8.191887284865352,8.184936252978728,-0.1937970511231537
Cuenca,2018,8,3694.0,4656.0,3536.0,4656.0,3277.0,3978.0,3536.0,-0.23144682865208743,8.446126742982377,8.094988759303774,8.288785810426928,8.17103418920548,8.17103418920548,8.270557751143077,8.276633770904361,0.35113798367860305
Cuenca,2019,5,5230.0,3694.0,3978.0,3694.0,4656.0,3277.0,3978.0,0.347701396299783,8.214735833382303,8.446126742982377,8.094988759303774,8.288785810426928,8.288785810426928,8.33043128818234,8.251950445222818,-0.23139090960007458
Cuenca,2019,6,4778.0,5230.0,3277.0,5230.0,3694.0,4656.0,3277.0,-0.09038922917321379,8.562357743370612,8.214735833382303,8.446126742982377,8.094988759303774,8.094988759303774,8.388546788376457,8.40774010657843,0.3476219099883089
Cuenca,2019,7,3946.0,4778.0,4656.0,4778.0,5230.0,3694.0,4656.0,-0.19131964130319545,8.471986598578159,8.562357743370612,8.214735833382303,8.446126742982377,8.446126742982377,8.517172170974385,8.416360058443692,-0.0903711447924529
Cuenca,2019,8,4106.0,3946.0,3694.0,3946.0,4778.0,5230.0,3694.0,0.03974691099631933,8.280711075662847,8.471986598578159,8.562357743370612,8.214735833382303,8.214735833382303,8.376348837120503,8.43835180587054,-0.19127552291531202
Cuenca,2022,5,4284.0,3431.0,920.0,3431.0,2803.0,1441.0,920.0,0.22203538870918926,8.140898460607852,7.938802248154481,7.273786317844895,6.825460036255307,6.825460036255307,8.039850354381166,7.784495675535742,0.2020962124533714
Cuenca,2022,6,3779.0,4284.0,1441.0,4284.0,3431.0,2803.0,1441.0,-0.12542772821815085,8.36287583103188,8.140898460607852,7.938802248154481,7.273786317844895,7.273786317844895,8.251887145819866,8.147525513264737,0.2219773704240282
Cuenca,2022,7,3320.0,3779.0,2803.0,3779.0,4284.0,3431.0,2803.0,-0.12949464143895462,8.237479288613633,8.36287583103188,8.140898460607852,7.938802248154481,7.938802248154481,8.300177559822757,8.247084526751122,-0.1253965424182475
Cuenca,2022,8,3506.0,3320.0,3431.0,3320.0,3779.0,4284.0,3431.0,0.054511003570645755,8.108021221376747,8.237479288613633,8.36287583103188,8.140898460607852,8.140898460607852,8.17275025499519,8.236125447007419,-0.1294580672368859
Cuenca,2023,5,4808.0,3506.0,4284.0,3506.0,3320.0,3779.0,4284.0,0.3158054107338639,8.162516250140179,8.108021221376747,8.237479288613633,8.36287583103188,8.36287583103188,8.135268735758462,8.16933892004352,0.05449502876343182
Cuenca,2023,6,4107.0,4808.0,3779.0,4808.0,3506.0,3320.0,3779.0,-0.15758836225848505,8.478244441277663,8.162516250140179,8.108021221376747,8.237479288613633,8.237479288613633,8.320380345708921,8.24959397093153,0.3157281911374845
Cuenca,2023,7,3088.0,4107.0,3320.0,4107.0,4808.0,3506.0,3320.0,-0.2851692028118915,8.32069157104845,8.478244441277663,8.162516250140179,8.108021221376747,8.108021221376747,8.399468006163056,8.320484087488763,-0.15755287022921394
Cuenca,2023,8,3216.0,3088.0,3506.0,3088.0,4107.0,4808.0,3506.0,0.040614719154190126,8.035602692918582,8.32069157104845,8.478244441277663,8.162516250140179,8.162516250140179,8.178147131983515,8.278179568414897,-0.2850888781298675
Cuenca,2024,5,5287.0,3216.0,4808.0,3216.0,3088.0,4107.0,4808.0,0.4971126259365928,8.076204527239026,8.035602692918582,8.32069157104845,8.478244441277663,8.478244441277663,8.055903610078804,8.144166263735352,0.0406018343204444
Cuenca,2024,6,3529.0,5287.0,4107.0,5287.0,3216.0,3088.0,4107.0,-0.4042364325601806,8.573195381531523,8.076204527239026,8.035602692918582,8.32069157104845,8.32069157104845,8.324699954385274,8.228334200563042,0.49699085429249656
Cuenca,2024,7,3001.0,3529.0,3088.0,3529.0,5287.0,3216.0,3088.0,-0.16206897823490252,8.169053149927343,8.573195381531523,8.076204527239026,8.035602692918582,8.035602692918582,8.371124265729433,8.27281768623263,-0.4041422316041796
Cuenca,2024,8,3171.0,3001.0,3216.0,3001.0,3529.0,5287.0,3216.0,0.05510142909798077,8.007034012193408,8.169053149927343,8.573195381531523,8.076204527239026,8.076204527239026,8.088043581060376,8.249760847884092,-0.16201913773393528
Cáceres,2018,5,13745.0,11852.0,12318.0,11852.0,9170.0,9382.0,12318.0,0.14817849190588994,9.3803362790795,9.123801610558944,9.146654820290049,9.418898064961974,9.418898064961974,9.252068944819221,9.216930903309498,0.2565346685205565
Cáceres,2018,6,10268.0,13745.0,9382.0,13745.0,11852.0,9170.0,9382.0,-0.2916428586083146,9.52850315168155,9.3803362790795,9.123801610558944,9.146654820290049,9.146654820290049,9.454419715380524,9.344213680439998,0.14816687260204908
Cáceres,2018,7,9904.0,10268.0,9170.0,10268.0,13745.0,11852.0,9170.0,-0.03609354706665435,9.236884927198295,9.52850315168155,9.3803362790795,9.123801610558944,9.123801610558944,9.382694039439922,9.381908119319782,-0.2916182244832548
Cáceres,2018,8,13395.0,9904.0,11852.0,9904.0,10268.0,13745.0,11852.0,0.3019427870543314,9.20079495913265,9.236884927198295,9.52850315168155,9.3803362790795,9.3803362790795,9.218839943165474,9.322061012670831,-0.03608996806564413
Cáceres,2019,5,14774.0,13395.0,13745.0,13395.0,9904.0,10268.0,13745.0,0.09798737610997499,9.502711433914095,9.20079495913265,9.236884927198295,9.52850315168155,9.52850315168155,9.351753196523372,9.313463773415014,0.3019164747814447
Cáceres,2019,6,10583.0,14774.0,10268.0,14774.0,13395.0,9904.0,10268.0,-0.3336199389949588,9.6006918422743,9.502711433914095,9.20079495913265,9.236884927198295,9.236884927198295,9.551701638094197,9.434732745107015,0.09798040836020405
Cáceres,2019,7,11114.0,10583.0,9904.0,10583.0,14774.0,13395.0,9904.0,0.048956634746142313,9.267098705794792,9.6006918422743,9.502711433914095,9.20079495913265,9.20079495913265,9.433895274034546,9.456833993994396,-0.3335931364795073
Cáceres,2019,8,13255.0,11114.0,13395.0,11114.0,10583.0,14774.0,13395.0,0.17616926488325824,9.316050826398296,9.267098705794792,9.6006918422743,9.502711433914095,9.502711433914095,9.291574766096545,9.39461379148913,0.04895212060350396
Cáceres,2022,5,11463.0,5608.0,1845.0,5608.0,5175.0,3401.0,1845.0,0.7149303074005839,8.632127729508337,8.551787836180736,8.132118772955806,7.520776415062797,7.520776415062797,8.591957782844537,8.438678112881627,0.08033989332760072
Cáceres,2022,6,8766.0,11463.0,3401.0,11463.0,5608.0,5175.0,3401.0,-0.26824385513625515,9.346966969508008,8.632127729508337,8.551787836180736,8.132118772955806,8.132118772955806,8.989547349508172,8.84362751173236,0.7148392399996712
Cáceres,2022,7,8945.0,8766.0,5175.0,8766.0,11463.0,5608.0,5175.0,0.020214114964064223,9.078749951588586,9.346966969508008,8.632127729508337,8.551787836180736,8.551787836180736,9.212858460548297,9.019281550201644,-0.2682170179194223
Cáceres,2022,8,10673.0,8945.0,5608.0,8945.0,8766.0,11463.0,5608.0,0.1766224709711448,9.098961783992793,9.078749951588586,9.346966969508008,8.632127729508337,8.632127729508337,9.08885586779069,9.174892901696461,0.02021183240420754
Cáceres,2023,5,12192.0,10673.0,11463.0,10673.0,8945.0,8766.0,11463.0,0.1330628110124632,9.27556615689389,9.098961783992793,9.078749951588586,9.346966969508008,9.346966969508008,9.187263970443341,9.15109263082509,0.17660437290109599
Cáceres,2023,6,8326.0,12192.0,8766.0,12192.0,10673.0,8945.0,8766.0,-0.38139685017150704,9.408617295560266,9.27556615689389,9.098961783992793,9.078749951588586,9.078749951588586,9.342091726227078,9.261048412148982,0.1330511386663762
Cáceres,2023,7,9482.0,8326.0,8945.0,8326.0,12192.0,10673.0,8945.0,0.1300121157071441,9.02725852623582,9.408617295560266,9.27556615689389,9.098961783992793,9.098961783992793,9.217937910898042,9.237147326229993,-0.38135876932444646
Cáceres,2023,8,14104.0,9482.0,10673.0,9482.0,8326.0,12192.0,10673.0,0.3970631806156426,9.157256000883727,9.02725852623582,9.408617295560266,9.27556615689389,9.27556615689389,9.092257263559773,9.197710607559937,0.129997474647908
Cáceres,2024,5,13194.0,14104.0,12192.0,14104.0,9482.0,8326.0,12192.0,-0.06669626429489028,9.554284623436097,9.157256000883727,9.02725852623582,9.408617295560266,9.408617295560266,9.355770312159912,9.246266383518547,0.39702862255236937
Cáceres,2024,6,9819.0,13194.0,8326.0,13194.0,14104.0,9482.0,8326.0,-0.2954428966135261,9.487593248937424,9.554284623436097,9.157256000883727,9.02725852623582,9.02725852623582,9.52093893618676,9.39971129108575,-0.06669137449867257
Cáceres,2024,7,10401.0,9819.0,9482.0,9819.0,13194.0,14104.0,9482.0,0.05758267118384275,9.192176401348512,9.487593248937424,9.554284623436097,9.157256000883727,9.157256000883727,9.339884825142967,9.41135142457401,-0.2954168475889123
Cáceres,2024,8,12058.0,10401.0,14104.0,10401.0,9819.0,13194.0,14104.0,0.14782638469621823,9.249753374333018,9.192176401348512,9.487593248937424,9.554284623436097,9.554284623436097,9.220964887840765,9.309841008206318,0.05757697298450637
Cádiz,2018,5,116127.0,106200.0,114165.0,106200.0,107967.0,105324.0,114165.0,0.08936031099808872,11.5730888039415,11.58959016590564,11.564806086847216,11.6454088085832,11.6454088085832,11.581339484923571,11.575828352231454,-0.016501361964140315
Cádiz,2018,6,106575.0,116127.0,105324.0,116127.0,106200.0,107967.0,105324.0,-0.08583545715465313,11.662448310012797,11.5730888039415,11.58959016590564,11.564806086847216,11.564806086847216,11.617768556977149,11.608375759953313,0.08935950607129683
Cádiz,2018,7,97068.0,106575.0,107967.0,106575.0,116127.0,106200.0,107967.0,-0.09343719882745916,11.57661362465296,11.662448310012797,11.5730888039415,11.58959016590564,11.58959016590564,11.619530967332878,11.60405024620242,-0.08583468535983663
Cádiz,2018,8,105102.0,97068.0,106200.0,97068.0,106575.0,116127.0,106200.0,0.079519543373749,11.483177344809178,11.57661362465296,11.662448310012797,11.5730888039415,11.5730888039415,11.52989548473107,11.574079759824977,-0.09343627984378244
Cádiz,2019,5,115138.0,105102.0,116127.0,105102.0,97068.0,106575.0,116127.0,0.09120010174116722,11.56269610070124,11.483177344809178,11.57661362465296,11.662448310012797,11.662448310012797,11.522936722755208,11.540829023387792,0.07951875589206203
Cádiz,2019,6,108386.0,115138.0,106575.0,115138.0,105102.0,97068.0,106575.0,-0.06043247956544562,11.65389537311305,11.56269610070124,11.483177344809178,11.57661362465296,11.57661362465296,11.608295736907145,11.566589606207822,0.09119927241181003
Cádiz,2019,7,106501.0,108386.0,97068.0,108386.0,115138.0,105102.0,97068.0,-0.017544554596527817,11.5934634345967,11.65389537311305,11.56269610070124,11.483177344809178,11.483177344809178,11.623679403854876,11.603351636136997,-0.060431938516350314
Cádiz,2019,8,98600.0,106501.0,105102.0,106501.0,108386.0,115138.0,105102.0,-0.07708311316816818,11.57591904329801,11.5934634345967,11.65389537311305,11.56269610070124,11.56269610070124,11.584691238947354,11.607759283669253,-0.017544391298690343
Cádiz,2022,5,89603.0,51609.0,20041.0,51609.0,50220.0,31653.0,20041.0,0.5516927256802155,10.851470731142772,10.824188544898831,10.362619801893228,9.905585350618274,9.905585350618274,10.837829638020802,10.679426359311611,0.027282186243940743
Cádiz,2022,6,93969.0,89603.0,31653.0,89603.0,51609.0,50220.0,31653.0,0.04757613908096481,11.403155240823702,10.851470731142772,10.824188544898831,10.362619801893228,10.362619801893228,11.127312985983238,11.02627150562177,0.5516845096809302
Cádiz,2022,7,91039.0,93969.0,50220.0,93969.0,89603.0,51609.0,50220.0,-0.0316769545092761,11.45073086137711,11.403155240823702,10.851470731142772,10.824188544898831,10.824188544898831,11.426943051100405,11.235118944447862,0.047575620553407916
Cádiz,2022,8,88755.0,91039.0,51609.0,91039.0,93969.0,89603.0,51609.0,-0.025408221338150128,11.419054249360158,11.45073086137711,11.403155240823702,10.851470731142772,10.851470731142772,11.434892555368634,11.424313450520323,-0.03167661201695182
Cádiz,2023,5,99971.0,88755.0,89603.0,88755.0,91039.0,93969.0,89603.0,0.11900037913319395,11.393646310686307,11.419054249360158,11.45073086137711,11.403155240823702,11.403155240823702,11.406350280023233,11.421143807141192,-0.02540793867385105
Cádiz,2023,6,91495.0,99971.0,93969.0,99971.0,88755.0,91039.0,93969.0,-0.08859581795030991,11.51264542576291,11.393646310686307,11.419054249360158,11.45073086137711,11.45073086137711,11.45314586822461,11.441781995269793,0.11899911507660299
Cádiz,2023,7,89936.0,91495.0,91039.0,91495.0,99971.0,88755.0,91039.0,-0.017186019719931167,11.424050534461053,11.51264542576291,11.393646310686307,11.419054249360158,11.419054249360158,11.468347980111982,11.443447423636757,-0.08859489130185771
Cádiz,2023,8,96741.0,89936.0,88755.0,89936.0,91495.0,99971.0,88755.0,0.07293899806742665,11.406864704198009,11.424050534461053,11.51264542576291,11.393646310686307,11.393646310686307,11.41545761932953,11.447853554807324,-0.017185830263043655
Cádiz,2024,5,115618.0,96741.0,99971.0,96741.0,89936.0,91495.0,99971.0,0.17825434913224925,11.479802920134741,11.406864704198009,11.424050534461053,11.51264542576291,11.51264542576291,11.443333812166376,11.436906052931269,0.07293821593673222
Cádiz,2024,6,95254.0,115618.0,91495.0,115618.0,96741.0,89936.0,91495.0,-0.1937446455836831,11.658055581576404,11.479802920134741,11.406864704198009,11.424050534461053,11.424050534461053,11.568929250855572,11.51490773530305,0.17825266144166285
Cádiz,2024,7,87768.0,95254.0,89936.0,95254.0,115618.0,96741.0,89936.0,-0.08185003836052296,11.464312785049536,11.658055581576404,11.479802920134741,11.406864704198009,11.406864704198009,11.561184183312971,11.534057095586894,-0.19374279652686788
Cádiz,2024,8,89695.0,87768.0,96741.0,87768.0,95254.0,115618.0,96741.0,0.021718056635863903,11.382463642106652,11.464312785049536,11.658055581576404,11.479802920134741,11.479802920134741,11.423388213578093,11.50161066957753,-0.08184914294288426
Córdoba,2018,5,56190.0,49374.0,63133.0,49374.0,41061.0,46156.0,63133.0,0.129314835272476,10.807199502203423,10.622838398592709,10.739803907735464,11.053014730672343,11.053014730672343,10.715018950398065,10.723280602843865,0.18436110361071378
Córdoba,2018,6,42150.0,56190.0,46156.0,56190.0,49374.0,41061.0,46156.0,-0.28750412067624254,10.936511880708872,10.807199502203423,10.622838398592709,10.739803907735464,10.739803907735464,10.871855691456147,10.788849927168334,0.12931237850544974
Córdoba,2018,7,39433.0,42150.0,41061.0,42150.0,56190.0,49374.0,41061.0,-0.06663165525273662,10.64901368794098,10.936511880708872,10.807199502203423,10.622838398592709,10.622838398592709,10.792762784324927,10.797575023617759,-0.2874981927678917
Córdoba,2018,8,41361.0,39433.0,49374.0,39433.0,42150.0,56190.0,49374.0,0.047735378662475014,10.582383667326214,10.64901368794098,10.936511880708872,10.807199502203423,10.807199502203423,10.615698677633597,10.722636411992022,-0.06663002061476675
Córdoba,2019,5,59038.0,41361.0,56190.0,41361.0,39433.0,42150.0,56190.0,0.3558428965220788,10.630117863912622,10.582383667326214,10.64901368794098,10.936511880708872,10.936511880708872,10.606250765619418,10.620505073059938,0.04773419658640776
Córdoba,2019,6,46460.0,59038.0,42150.0,59038.0,41361.0,39433.0,42150.0,-0.23958957703741746,10.985953521461534,10.630117863912622,10.582383667326214,10.64901368794098,10.64901368794098,10.808035692687078,10.732818350900123,0.3558356575489121
Córdoba,2019,7,37322.0,46460.0,39433.0,46460.0,59038.0,41361.0,39433.0,-0.21900876223098287,10.746368529984284,10.985953521461534,10.630117863912622,10.582383667326214,10.582383667326214,10.86616102572291,10.787479971786148,-0.23958499147724943
Córdoba,2019,8,39991.0,37322.0,41361.0,37322.0,46460.0,59038.0,41361.0,0.06907146368635786,10.527365037582602,10.746368529984284,10.985953521461534,10.630117863912622,10.630117863912622,10.636866783783443,10.75322902967614,-0.21900349240168282
Córdoba,2022,5,43781.0,19358.0,7734.0,19358.0,15611.0,9542.0,7734.0,0.8160941625870848,9.87091270660395,9.655795128300506,9.163563180417254,8.953510763007166,8.953510763007166,9.763353917452228,9.563423671773904,0.21511757830344358
Córdoba,2022,6,32670.0,43781.0,9542.0,43781.0,19358.0,15611.0,9542.0,-0.2927427077010041,10.686978052993675,9.87091270660395,9.655795128300506,9.163563180417254,9.163563180417254,10.278945379798813,10.071228629299377,0.8160653463897258
Córdoba,2022,7,24964.0,32670.0,15611.0,32670.0,43781.0,19358.0,15611.0,-0.2690224385411817,10.394243113248184,10.686978052993675,9.87091270660395,9.655795128300506,9.655795128300506,10.54061058312093,10.31737795761527,-0.2927349397454915
Córdoba,2022,8,31168.0,24964.0,19358.0,24964.0,32670.0,43781.0,19358.0,0.22195714038832826,10.12523012293471,10.394243113248184,10.686978052993675,9.87091270660395,9.87091270660395,10.259736618091447,10.402150429725523,-0.2690129903134739
Córdoba,2023,5,48440.0,31168.0,43781.0,31168.0,24964.0,32670.0,43781.0,0.4409339912247674,10.347179290116486,10.12523012293471,10.394243113248184,10.686978052993675,10.686978052993675,10.236204706525598,10.288884175433127,0.22194916718177637
Córdoba,2023,6,35887.0,48440.0,32670.0,48440.0,31168.0,24964.0,32670.0,-0.2999508057624922,10.78810184154973,10.347179290116486,10.12523012293471,10.394243113248184,10.394243113248184,10.56764056583311,10.420170418200309,0.44092255143324444
Córdoba,2023,7,30502.0,35887.0,24964.0,35887.0,48440.0,31168.0,24964.0,-0.16258285768840786,10.48815825675999,10.78810184154973,10.347179290116486,10.12523012293471,10.12523012293471,10.63813004915486,10.541146462808735,-0.2999435847897409
Córdoba,2023,8,37564.0,30502.0,31168.0,30502.0,35887.0,48440.0,31168.0,0.20825388970837544,10.325580318414149,10.48815825675999,10.78810184154973,10.347179290116486,10.347179290116486,10.40686928758707,10.533946805574622,-0.16257793834584078
Córdoba,2024,5,59926.0,37564.0,48440.0,37564.0,30502.0,35887.0,48440.0,0.4670643227649194,10.533828044803261,10.325580318414149,10.48815825675999,10.78810184154973,10.78810184154973,10.429704181608706,10.4491888733258,0.2082477263891125
Córdoba,2024,6,41729.0,59926.0,35887.0,59926.0,37564.0,30502.0,35887.0,-0.36191413696632324,11.000882433797798,10.533828044803261,10.325580318414149,10.48815825675999,10.48815825675999,10.76735523930053,10.620096932338404,0.4670543889945371
Córdoba,2024,7,31409.0,41729.0,30502.0,41729.0,59926.0,37564.0,30502.0,-0.28410185469180504,10.638975573585599,11.000882433797798,10.533828044803261,10.325580318414149,10.325580318414149,10.819929003691698,10.72456201739555,-0.36190686021219953
Córdoba,2024,8,38036.0,31409.0,37564.0,31409.0,41729.0,59926.0,37564.0,0.19143860362803977,10.354881592532692,10.638975573585599,11.000882433797798,10.533828044803261,10.533828044803261,10.496928583059145,10.664913199972029,-0.28409398105290684
Gipuzkoa,2018,5,61249.0,63836.0,51967.0,63836.0,61343.0,55410.0,51967.0,-0.041369771775995545,11.064088238538305,11.02425264584537,10.922533408982428,10.85838342352135,10.85838342352135,11.044170442191838,11.003624764455367,0.039835592692934796
Gipuzkoa,2018,6,57960.0,61249.0,55410.0,61249.0,63836.0,61343.0,55410.0,-0.055194405308462535,11.022719128406973,11.064088238538305,11.02425264584537,10.922533408982428,10.922533408982428,11.04340368347264,11.037020004263551,-0.04136911013133293
Gipuzkoa,2018,7,63137.0,57960.0,61343.0,57960.0,61249.0,63836.0,61343.0,0.08555385108641644,10.967525649563905,11.022719128406973,11.064088238538305,11.02425264584537,11.02425264584537,10.99512238898544,11.01811100550306,-0.05519347884306747
Gipuzkoa,2018,8,64738.0,63137.0,63836.0,63137.0,57960.0,61249.0,63836.0,0.025041386680030087,11.053078085968867,10.967525649563905,11.022719128406973,11.064088238538305,11.064088238538305,11.010301867766387,11.014440954646583,0.0855524364049618
Gipuzkoa,2019,5,58737.0,64738.0,61249.0,64738.0,63137.0,57960.0,61249.0,-0.09727850327568355,11.078119080959949,11.053078085968867,10.967525649563905,11.022719128406973,11.022719128406973,11.065598583464407,11.032907605497572,0.025040994991082144
Gipuzkoa,2019,6,64885.0,58737.0,57960.0,58737.0,64738.0,63137.0,57960.0,0.09954662024594896,10.980842155824298,11.078119080959949,11.053078085968867,10.967525649563905,10.967525649563905,11.029480618392125,11.037346440917707,-0.09727692513565067
Gipuzkoa,2019,7,67463.0,64885.0,63137.0,64885.0,58737.0,64738.0,63137.0,0.038962827253023136,11.08038716293513,10.980842155824298,11.078119080959949,11.053078085968867,11.053078085968867,11.030614659379715,11.046449466573128,0.09954500711083192
Gipuzkoa,2019,8,69840.0,67463.0,64738.0,67463.0,64885.0,58737.0,64738.0,0.03462761208913001,11.119349401254478,11.08038716293513,10.980842155824298,11.078119080959949,11.078119080959949,11.099868282094803,11.060192906671302,0.038962238319347975
Gipuzkoa,2022,5,61060.0,52437.0,14598.0,52437.0,45096.0,20843.0,14598.0,0.15224453828567164,10.867386798325008,10.716571004431286,9.944821416029106,9.58870831219998,9.58870831219998,10.791978901378148,10.509593072928467,0.15081579389372202
Gipuzkoa,2022,6,65157.0,61060.0,20843.0,61060.0,52437.0,45096.0,20843.0,0.06494275485156109,11.019628643488533,10.867386798325008,10.716571004431286,9.944821416029106,9.944821416029106,10.94350772090677,10.867862148748275,0.152241845163525
Gipuzkoa,2022,7,80861.0,65157.0,45096.0,65157.0,61060.0,52437.0,45096.0,0.21593188903202787,11.08457036856782,11.019628643488533,10.867386798325008,10.716571004431286,10.716571004431286,11.052099506028176,10.990528603460453,0.06494172507928653
Gipuzkoa,2022,8,77361.0,80861.0,52437.0,80861.0,65157.0,61060.0,52437.0,-0.04424885355178709,11.300499276997215,11.08457036856782,11.019628643488533,10.867386798325008,10.867386798325008,11.192534822782516,11.134899429684522,0.2159289084293956
Gipuzkoa,2023,5,77849.0,77361.0,61060.0,77361.0,80861.0,65157.0,61060.0,0.006288275343816707,11.256250982947074,11.300499276997215,11.08457036856782,11.019628643488533,11.019628643488533,11.278375129972144,11.213773542837368,-0.0442482940501403
Gipuzkoa,2023,6,79675.0,77849.0,65157.0,77849.0,77361.0,80861.0,65157.0,0.02318480732104966,11.262539177262145,11.256250982947074,11.300499276997215,11.08457036856782,11.08457036856782,11.25939508010461,11.273096479068812,0.006288194315070328
Gipuzkoa,2023,7,86221.0,79675.0,80861.0,79675.0,77849.0,77361.0,80861.0,0.07895790718539786,11.285723690195164,11.262539177262145,11.256250982947074,11.300499276997215,11.300499276997215,11.274131433728655,11.268171283468128,0.023184512933019263
Gipuzkoa,2023,8,86166.0,86221.0,77361.0,86221.0,79675.0,77849.0,77361.0,-0.0006380991822609872,11.364680644506228,11.285723690195164,11.262539177262145,11.256250982947074,11.256250982947074,11.325202167350696,11.304314503987845,0.07895695431106375
Gipuzkoa,2024,5,86449.0,86166.0,77849.0,86166.0,86221.0,79675.0,77849.0,0.003278976375872489,11.364042552726982,11.364680644506228,11.285723690195164,11.262539177262145,11.262539177262145,11.364361598616604,11.338148962476124,-0.0006380917792458973
Gipuzkoa,2024,6,78996.0,86449.0,79675.0,86449.0,86166.0,86221.0,79675.0,-0.09015742640866975,11.367321491111436,11.364042552726982,11.364680644506228,11.285723690195164,11.285723690195164,11.36568202191921,11.365348229448216,0.0032789383844544773
Gipuzkoa,2024,7,87347.0,78996.0,86221.0,78996.0,86449.0,86166.0,86221.0,0.10049147312581042,11.277165156044557,11.367321491111436,11.364042552726982,11.364680644506228,11.364680644506228,11.322243323577997,11.33617639996099,-0.09015633506687948
Gipuzkoa,2024,8,97289.0,87347.0,86166.0,87347.0,78996.0,86449.0,86166.0,0.10779723898629356,11.377655418906258,11.277165156044557,11.367321491111436,11.364042552726982,11.364042552726982,11.327410287475407,11.34071402202075,0.10049026286170104
Girona,2018,5,251090.0,328635.0,222844.0,328635.0,337071.0,265354.0,222844.0,-0.2691362718087884,12.702706034275328,12.728051836366252,12.488823831116012,12.31423174150644,12.31423174150644,12.715378935320789,12.639860567252532,-0.025345802090923186
Girona,2018,6,284740.0,251090.0,265354.0,251090.0,328635.0,337071.0,265354.0,0.1257650425860959,12.433570702209419,12.702706034275328,12.728051836366252,12.488823831116012,12.488823831116012,12.568138368242373,12.621442857616998,-0.26913533206590934
Girona,2018,7,323110.0,284740.0,337071.0,284740.0,251090.0,328635.0,337071.0,0.1264163393361315,12.559335274137407,12.433570702209419,12.702706034275328,12.728051836366252,12.728051836366252,12.496452988173413,12.56520400354072,0.12576457192798784
Girona,2018,8,333396.0,323110.0,328635.0,323110.0,284740.0,251090.0,328635.0,0.031338150122509845,12.685751196420314,12.559335274137407,12.433570702209419,12.702706034275328,12.702706034275328,12.622543235278862,12.559552390922383,0.12641592228290754
Girona,2019,5,254088.0,333396.0,251090.0,333396.0,323110.0,284740.0,251090.0,-0.2716503089350528,12.717089251057986,12.685751196420314,12.559335274137407,12.433570702209419,12.433570702209419,12.70142022373915,12.654058573871902,0.03133805463767203
Girona,2019,6,300355.0,254088.0,284740.0,254088.0,333396.0,323110.0,284740.0,0.1672844446932995,12.445439878327925,12.717089251057986,12.685751196420314,12.559335274137407,12.559335274137407,12.581264564692955,12.616093441935407,-0.27164937273006196
Girona,2019,7,330070.0,300355.0,323110.0,300355.0,254088.0,333396.0,323110.0,0.09433964477563528,12.612723716772633,12.445439878327925,12.717089251057986,12.685751196420314,12.685751196420314,12.52908179755028,12.591750948719515,0.16728383844470862
Girona,2019,8,387191.0,330070.0,333396.0,330070.0,300355.0,254088.0,333396.0,0.15961335815250344,12.707063061816047,12.612723716772633,12.445439878327925,12.717089251057986,12.717089251057986,12.65989338929434,12.588408885638868,0.09433934504341401
Girona,2022,5,230522.0,226811.0,47911.0,226811.0,161972.0,79844.0,47911.0,0.01622923100831386,12.331876759488956,11.995184933657422,11.287842534274967,10.777121273944298,10.777121273944298,12.163530846573188,11.87163474247378,0.3366918258315348
Girona,2022,6,254234.0,230522.0,79844.0,230522.0,226811.0,161972.0,79844.0,0.09790880019404291,12.3481059195211,12.331876759488956,11.995184933657422,11.287842534274967,11.287842534274967,12.339991339505028,12.22505587088916,0.01622916003214314
Girona,2022,7,343860.0,254234.0,161972.0,254234.0,230522.0,226811.0,161972.0,0.30197949503004295,12.446014315120264,12.3481059195211,12.331876759488956,11.995184933657422,11.995184933657422,12.397060117320681,12.375332331376773,0.09790839559916442
Girona,2022,8,354716.0,343860.0,226811.0,343860.0,254234.0,230522.0,226811.0,0.031082871512944976,12.747992784929908,12.446014315120264,12.3481059195211,12.331876759488956,12.331876759488956,12.597003550025086,12.514037673190424,0.3019784698096437
Girona,2023,5,296780.0,354716.0,230522.0,354716.0,343860.0,254234.0,230522.0,-0.17832634572666528,12.779075567439543,12.747992784929908,12.446014315120264,12.3481059195211,12.3481059195211,12.763534176184725,12.657694222496572,0.031082782509635365
Girona,2023,6,274205.0,296780.0,254234.0,296780.0,354716.0,343860.0,254234.0,-0.07911512175095758,12.600749772053733,12.779075567439543,12.747992784929908,12.446014315120264,12.446014315120264,12.689912669746638,12.709272708141063,-0.17832579538580973
Girona,2023,7,362769.0,274205.0,343860.0,274205.0,296780.0,354716.0,343860.0,0.2798902662361833,12.521634927709021,12.600749772053733,12.779075567439543,12.747992784929908,12.747992784929908,12.561192349881377,12.633820089067433,-0.07911484434471205
Girona,2023,8,372153.0,362769.0,354716.0,362769.0,274205.0,296780.0,354716.0,0.025538791975840525,12.801524303616665,12.521634927709021,12.600749772053733,12.779075567439543,12.779075567439543,12.661579615662843,12.641303001126474,0.2798893759076435
Girona,2024,5,321819.0,372153.0,296780.0,372153.0,362769.0,274205.0,296780.0,-0.14531578433994774,12.827063026084453,12.801524303616665,12.521634927709021,12.600749772053733,12.600749772053733,12.81429366485056,12.716740752470047,0.025538722467787878
Girona,2024,6,304140.0,321819.0,274205.0,321819.0,372153.0,362769.0,274205.0,-0.05650115398678679,12.68174766201314,12.827063026084453,12.801524303616665,12.521634927709021,12.521634927709021,12.754405344048797,12.770111663904752,-0.14531536407131185
Girona,2024,7,391559.0,304140.0,362769.0,304140.0,321819.0,372153.0,362769.0,0.25264808479063916,12.625246688648538,12.68174766201314,12.827063026084453,12.801524303616665,12.801524303616665,12.65349717533084,12.711352458915377,-0.05650097336460291
Girona,2024,8,402174.0,391559.0,372153.0,391559.0,304140.0,321819.0,372153.0,0.026748624290561906,12.877894039375366,12.625246688648538,12.68174766201314,12.827063026084453,12.827063026084453,12.751570364011952,12.728296130012348,0.25264735072682853
Granada,2018,5,158432.0,126383.0,152356.0,126383.0,116522.0,124929.0,152356.0,0.2260085001822265,11.7470801704042,11.665843957394866,11.735508859425876,11.933981730191283,11.933981730191283,11.706462063899533,11.71614432907498,0.08123621300933337
Granada,2018,6,132711.0,158432.0,124929.0,158432.0,126383.0,116522.0,124929.0,-0.1771516475310566,11.97308706999742,11.7470801704042,11.665843957394866,11.735508859425876,11.735508859425876,11.860083620200811,11.795337065932165,0.22600689959322118
Granada,2018,7,117170.0,132711.0,116522.0,132711.0,158432.0,126383.0,116522.0,-0.12454795996789159,11.79593664577211,11.97308706999742,11.7470801704042,11.665843957394866,11.665843957394866,11.884511857884766,11.838701295391244,-0.17715042422531013
Granada,2018,8,128677.0,117170.0,126383.0,117170.0,132711.0,158432.0,126383.0,0.09367951677274,11.671389685233617,11.79593664577211,11.97308706999742,11.7470801704042,11.7470801704042,11.733663165502865,11.813471133667717,-0.12454696053849368
Granada,2019,5,172191.0,128677.0,158432.0,128677.0,117170.0,132711.0,158432.0,0.2912989373666104,11.765068438801341,11.671389685233617,11.79593664577211,11.97308706999742,11.97308706999742,11.718229062017478,11.744131589935689,0.09367875356772437
Granada,2019,6,142513.0,172191.0,132711.0,172191.0,128677.0,117170.0,132711.0,-0.18917110220156097,12.056365412289146,11.765068438801341,11.671389685233617,11.79593664577211,11.79593664577211,11.910716925545245,11.830941178774703,0.29129697348780503
Granada,2019,7,124127.0,142513.0,117170.0,142513.0,172191.0,128677.0,117170.0,-0.1381279885927995,11.867195519479093,12.056365412289146,11.765068438801341,11.671389685233617,11.671389685233617,11.96178046588412,11.89620979018986,-0.18916989281005314
Granada,2019,8,137560.0,124127.0,128677.0,124127.0,142513.0,172191.0,128677.0,0.10275495053901196,11.729068570239694,11.867195519479093,12.056365412289146,11.765068438801341,11.765068438801341,11.798132044859393,11.884209834002645,-0.13812694923939972
Granada,2022,5,97455.0,46128.0,11524.0,46128.0,35002.0,19283.0,11524.0,0.7479705921045579,10.73919709845,10.463189051084006,9.867031015525512,9.352273867864849,9.352273867864849,10.601193074767004,10.356472388353174,0.27600804736599294
Granada,2022,6,89059.0,97455.0,19283.0,97455.0,46128.0,35002.0,19283.0,-0.09009166155544435,11.487156273076266,10.73919709845,10.463189051084006,9.867031015525512,9.867031015525512,11.113176685763133,10.89651414087009,0.747959174626267
Granada,2022,7,88681.0,89059.0,35002.0,89059.0,97455.0,46128.0,35002.0,-0.00425341026085313,11.397065578875694,11.487156273076266,10.73919709845,10.463189051084006,10.463189051084006,11.44211092597598,11.207806316800651,-0.09009069420057259
Granada,2022,8,96847.0,88681.0,46128.0,88681.0,89059.0,97455.0,46128.0,0.08808675245326647,11.392812216475482,11.397065578875694,11.487156273076266,10.73919709845,10.73919709845,11.394938897675587,11.425678022809146,-0.004253362400211458
Granada,2023,5,120099.0,96847.0,97455.0,96847.0,88681.0,89059.0,97455.0,0.2151839890190299,11.480898018131468,11.392812216475482,11.397065578875694,11.487156273076266,11.487156273076266,11.436855117303475,11.423591937827547,0.08808580165598556
Granada,2023,6,100659.0,120099.0,89059.0,120099.0,96847.0,88681.0,89059.0,-0.17657783579048036,11.696080008068074,11.480898018131468,11.392812216475482,11.397065578875694,11.397065578875694,11.588489013099771,11.523263414225008,0.21518198993660675
Granada,2023,7,94084.0,100659.0,88681.0,100659.0,120099.0,96847.0,88681.0,-0.06755056661282488,11.519503780330352,11.696080008068074,11.480898018131468,11.392812216475482,11.392812216475482,11.607791894199213,11.565493935509965,-0.17657622773772275
Granada,2023,8,96033.0,94084.0,96847.0,94084.0,100659.0,120099.0,96847.0,0.02050388214604304,11.451953907978744,11.519503780330352,11.696080008068074,11.480898018131468,11.480898018131468,11.485728844154547,11.55584589879239,-0.06754987235160748
Granada,2024,5,137452.0,96033.0,120099.0,96033.0,94084.0,100659.0,120099.0,0.3585828828517794,11.472457574414431,11.451953907978744,11.519503780330352,11.696080008068074,11.696080008068074,11.462205741196588,11.48130508757451,0.020503666435686796
Granada,2024,6,109717.0,137452.0,100659.0,137452.0,96033.0,94084.0,100659.0,-0.22537044188144684,11.831037319473793,11.472457574414431,11.451953907978744,11.519503780330352,11.519503780330352,11.651747446944112,11.585149600622323,0.3585797450593624
Granada,2024,7,100373.0,109717.0,94084.0,109717.0,137452.0,96033.0,94084.0,-0.08901107658145868,11.605668716668124,11.831037319473793,11.472457574414431,11.451953907978744,11.451953907978744,11.718353018070959,11.63638787018545,-0.22536860280566984
Granada,2024,8,109492.0,100373.0,96033.0,100373.0,109717.0,137452.0,96033.0,0.08695824043864597,11.516658488559337,11.605668716668124,11.831037319473793,11.472457574414431,11.472457574414431,11.56116360261373,11.651121508233752,-0.089010228108787
Guadalajara,2018,5,4015.0,2686.0,4257.0,2686.0,3544.0,5165.0,4257.0,0.4019842492976782,7.8961806086154915,8.173293438966228,8.549853973655786,8.356554845453426,8.356554845453426,8.03473702379086,8.206442673745835,-0.2771128303507364
Guadalajara,2018,6,4659.0,4015.0,5165.0,4015.0,2686.0,3544.0,5165.0,0.14876348543593565,8.298041661371565,7.8961806086154915,8.173293438966228,8.549853973655786,8.549853973655786,8.09711113499353,8.122505236317762,0.40186105275607353
Guadalajara,2018,7,3471.0,4659.0,3544.0,4659.0,4015.0,2686.0,3544.0,-0.29435809595501006,8.446770727119691,8.298041661371565,7.8961806086154915,8.173293438966228,8.173293438966228,8.372406194245627,8.213664332368916,0.1487290657481264
Guadalajara,2018,8,4134.0,3471.0,2686.0,3471.0,4659.0,4015.0,2686.0,0.1748027243799264,8.15248607578024,8.446770727119691,8.298041661371565,7.8961806086154915,7.8961806086154915,8.299628401449965,8.299099488090498,-0.29428465133945103
Guadalajara,2019,5,3784.0,4134.0,4015.0,4134.0,3471.0,4659.0,4015.0,-0.08846381006994442,8.327242607457793,8.15248607578024,8.446770727119691,8.298041661371565,8.298041661371565,8.239864341619016,8.308833136785909,0.17475653167755212
Guadalajara,2019,6,4128.0,3784.0,4659.0,3784.0,4134.0,3471.0,4659.0,0.08701137698962924,8.23880116587155,8.327242607457793,8.15248607578024,8.446770727119691,8.446770727119691,8.28302188666467,8.239509949703193,-0.08844144158624268
Guadalajara,2019,7,3507.0,4128.0,3471.0,4128.0,3784.0,4134.0,3471.0,-0.16303205702121915,8.32579052588609,8.23880116587155,8.327242607457793,8.15248607578024,8.15248607578024,8.28229584587882,8.297278099738477,0.08698936001453994
Guadalajara,2019,8,3399.0,3507.0,4134.0,3507.0,4128.0,3784.0,4134.0,-0.03127970044406325,8.162801353492073,8.32579052588609,8.23880116587155,8.327242607457793,8.327242607457793,8.244295939689081,8.24246434841657,-0.1629891723940169
Guadalajara,2022,5,3635.0,2102.0,1120.0,2102.0,1652.0,1047.0,1120.0,0.5477198385307238,7.6511201757027,7.410347097821024,6.954638864880987,7.02197642307216,7.02197642307216,7.5307336367618625,7.338702046134904,0.24077307788167612
Guadalajara,2022,6,2492.0,3635.0,1047.0,3635.0,2102.0,1652.0,1047.0,-0.37752351006027673,8.19863945529737,7.6511201757027,7.410347097821024,6.954638864880987,6.954638864880987,7.924879815500034,7.753368909607031,0.5475192795946695
Guadalajara,2022,7,2924.0,2492.0,1652.0,2492.0,3635.0,2102.0,1652.0,0.159866940962325,7.821242083523558,8.19863945529737,7.6511201757027,7.410347097821024,7.410347097821024,8.009940769410463,7.890333904841209,-0.37739737177381194
Guadalajara,2022,8,2882.0,2924.0,2102.0,2924.0,2492.0,3635.0,2102.0,-0.014468044310201655,7.981049759665957,7.821242083523558,8.19863945529737,7.6511201757027,7.6511201757027,7.9011459215947575,8.000310432828961,0.15980767614239966
Guadalajara,2023,5,3655.0,2882.0,3635.0,2882.0,2924.0,2492.0,3635.0,0.23761159562441136,7.9665866976384025,7.981049759665957,7.821242083523558,8.19863945529737,8.19863945529737,7.9738182286521795,7.922959513609306,-0.014463062027554763
Guadalajara,2023,6,2498.0,3655.0,2492.0,3655.0,2882.0,2924.0,2492.0,-0.3806056814983556,8.204124932574041,7.9665866976384025,7.981049759665957,7.821242083523558,7.821242083523558,8.085355815106222,8.050587129959467,0.23753823493563875
Guadalajara,2023,7,2544.0,2498.0,2924.0,2498.0,3655.0,2882.0,2924.0,0.018247233774490113,7.823645930834952,8.204124932574041,7.9665866976384025,7.981049759665957,7.981049759665957,8.013885431704496,7.998119187015798,-0.3804790017390891
Guadalajara,2023,8,3711.0,2544.0,2882.0,2544.0,2498.0,3655.0,2882.0,0.3775637366005853,7.841885928984623,7.823645930834952,8.204124932574041,7.9665866976384025,7.9665866976384025,7.832765929909788,7.956552264131205,0.01823999814967081
Guadalajara,2024,5,4007.0,3711.0,3655.0,3711.0,2544.0,2498.0,3655.0,0.07674144957554674,8.21932609390609,7.841885928984623,7.823645930834952,8.204124932574041,8.204124932574041,8.030606011445357,7.961619317908556,0.3774401649214676
Guadalajara,2024,6,3590.0,4007.0,2498.0,4007.0,3711.0,2544.0,2498.0,-0.10989062915382064,8.2960476427647,8.21932609390609,7.841885928984623,7.823645930834952,7.823645930834952,8.257686868335394,8.119086555218471,0.07672154885860927
Guadalajara,2024,7,3029.0,3590.0,2544.0,3590.0,4007.0,3711.0,2544.0,-0.16991967045508716,8.186185994226083,8.2960476427647,8.21932609390609,7.841885928984623,7.841885928984623,8.241116818495392,8.233853243632291,-0.10986164853861702
Guadalajara,2024,8,2655.0,3029.0,3711.0,3029.0,3590.0,4007.0,3711.0,-0.131787877351198,8.016317898503415,8.186185994226083,8.2960476427647,8.21932609390609,8.21932609390609,8.101251946364748,8.166183845164731,-0.16986809572266814
Huelva,2018,5,30565.0,34143.0,27873.0,34143.0,33549.0,34583.0,27873.0,-0.11070202348717295,10.43834215410148,10.420792142399828,10.451146426347467,10.235449633679455,10.235449633679455,10.429567148250655,10.436760240949592,0.017550011701652934
Huelva,2018,6,31458.0,30565.0,34583.0,30565.0,34143.0,33549.0,34583.0,0.02879775933776152,10.327643559087782,10.43834215410148,10.420792142399828,10.451146426347467,10.451146426347467,10.382992856594631,10.395592618529697,-0.11069859501369805
Huelva,2018,7,25705.0,31458.0,33549.0,31458.0,30565.0,34143.0,33549.0,-0.20196779731098324,10.356440389711647,10.327643559087782,10.43834215410148,10.420792142399828,10.420792142399828,10.342041974399715,10.374142034300304,0.028796830623864622
Huelva,2018,8,27671.0,25705.0,34143.0,25705.0,31458.0,30565.0,34143.0,0.07369940786239404,10.154479706670077,10.356440389711647,10.327643559087782,10.43834215410148,10.43834215410148,10.255460048190862,10.279521218489835,-0.20196068304156967
Huelva,2019,5,31659.0,27671.0,30565.0,27671.0,25705.0,31458.0,30565.0,0.13463753498720088,10.228176350617005,10.154479706670077,10.356440389711647,10.327643559087782,10.327643559087782,10.191328028643541,10.24636548233291,0.07369664394692776
Huelva,2019,6,41367.0,31659.0,31458.0,31659.0,27671.0,25705.0,31458.0,0.2674609931706513,10.362809333435003,10.228176350617005,10.154479706670077,10.356440389711647,10.356440389711647,10.295492842026004,10.248488463574029,0.13463298281799752
Huelva,2019,7,27231.0,41367.0,25705.0,41367.0,31659.0,27671.0,25705.0,-0.41812743131511354,10.630262914076058,10.362809333435003,10.228176350617005,10.154479706670077,10.154479706670077,10.49653612375553,10.407082866042687,0.26745358064105496
Huelva,2019,8,31270.0,27231.0,27671.0,27231.0,41367.0,31659.0,27671.0,0.1383031412571487,10.2121480313731,10.630262914076058,10.362809333435003,10.228176350617005,10.228176350617005,10.42120547272458,10.401740092961388,-0.41811488270295705
Huelva,2022,5,26197.0,16256.0,2834.0,16256.0,11194.0,14619.0,2834.0,0.4771828289981226,9.696278864234223,9.323222529032856,9.59014573330377,7.949797216161852,7.949797216161852,9.509750696633539,9.536549042190282,0.37305633520136716
Huelva,2022,6,35350.0,26197.0,14619.0,26197.0,16256.0,11194.0,14619.0,0.2996534919483871,10.173438350957595,9.696278864234223,9.323222529032856,9.59014573330377,9.59014573330377,9.93485860759591,9.730979914741559,0.4771594867233713
Huelva,2022,7,27963.0,35350.0,11194.0,35350.0,26197.0,16256.0,11194.0,-0.23441618459545133,10.473081959467745,10.173438350957595,9.696278864234223,9.323222529032856,9.323222529032856,10.323260155212669,10.114266391553187,0.29964360851015037
Huelva,2022,8,32493.0,27963.0,16256.0,27963.0,35350.0,26197.0,16256.0,0.15014247377457934,10.238673247631876,10.473081959467745,10.173438350957595,9.696278864234223,9.696278864234223,10.35587760354981,10.295064519352406,-0.23440871183586864
Huelva,2023,5,29597.0,32493.0,26197.0,32493.0,27963.0,35350.0,26197.0,-0.09335167667944155,10.388810735889695,10.238673247631876,10.473081959467745,10.173438350957595,10.173438350957595,10.313741991760786,10.366855314329772,0.15013748825781903
Huelva,2023,6,40437.0,29597.0,35350.0,29597.0,32493.0,27963.0,35350.0,0.3120722025819749,10.295462070461793,10.388810735889695,10.238673247631876,10.473081959467745,10.473081959467745,10.342136403175743,10.307648684661121,-0.09334866542790188
Huelva,2023,7,31961.0,40437.0,27963.0,40437.0,29597.0,32493.0,27963.0,-0.23522879790427353,10.607525215927247,10.295462070461793,10.388810735889695,10.238673247631876,10.238673247631876,10.451493643194521,10.43059934075958,0.3120631454654532
Huelva,2023,8,42348.0,31961.0,32493.0,31961.0,40437.0,29597.0,32493.0,0.2814047849611647,10.372302976145054,10.607525215927247,10.295462070461793,10.388810735889695,10.388810735889695,10.48991409603615,10.42509675417803,-0.2352222397821926
Huelva,2024,5,33921.0,42348.0,29597.0,42348.0,31961.0,40437.0,29597.0,-0.2218869028599162,10.65370008705053,10.372302976145054,10.607525215927247,10.295462070461793,10.295462070461793,10.51300153159779,10.544509426374276,0.28139711090547515
Huelva,2024,6,40182.0,33921.0,40437.0,33921.0,42348.0,31961.0,40437.0,0.1693848425347504,10.431819050431784,10.65370008705053,10.372302976145054,10.607525215927247,10.607525215927247,10.542759568741157,10.485940704542456,-0.22188103661874514
Huelva,2024,7,36917.0,40182.0,31961.0,40182.0,33921.0,42348.0,31961.0,-0.0847469845942257,10.601199299593652,10.431819050431784,10.65370008705053,10.372302976145054,10.372302976145054,10.516509175012718,10.562239479025322,0.16938024916186833
Huelva,2024,8,46737.0,36917.0,42348.0,36917.0,40182.0,33921.0,42348.0,0.23586399263665925,10.516454515968546,10.601199299593652,10.431819050431784,10.65370008705053,10.65370008705053,10.5588269077811,10.516490955331328,-0.08474478362510673
Huesca,2018,5,13073.0,26802.0,14653.0,26802.0,26348.0,18615.0,14653.0,-0.7179274770183124,10.196269100532607,10.179185602585227,9.831776704982127,9.592468614719909,9.592468614719909,10.187727351558916,10.06907713603332,0.01708349794738062
Huesca,2018,6,17568.0,13073.0,18615.0,13073.0,26802.0,26348.0,18615.0,0.2955300307473969,9.478380804172675,10.196269100532607,10.179185602585227,9.831776704982127,9.831776704982127,9.837324952352642,9.95127850243017,-0.7178882963599325
Huesca,2018,7,22563.0,17568.0,26348.0,17568.0,13073.0,26802.0,26348.0,0.2502323311852557,9.773891264365055,9.478380804172675,10.196269100532607,10.179185602585227,10.179185602585227,9.626136034268864,9.816180389690112,0.29551046019238036
Huesca,2018,8,25465.0,22563.0,26802.0,22563.0,17568.0,13073.0,26802.0,0.12099356382419124,10.024110994859866,9.773891264365055,9.478380804172675,10.196269100532607,10.196269100532607,9.899001129612461,9.758794354465865,0.25021973049481083
Huesca,2019,5,15305.0,25465.0,13073.0,25465.0,22563.0,17568.0,13073.0,-0.509125387939191,10.14509950813338,10.024110994859866,9.773891264365055,9.478380804172675,9.478380804172675,10.084605251496622,9.981033922452767,0.1209885132735149
Huesca,2019,6,20077.0,15305.0,17568.0,15305.0,25465.0,22563.0,17568.0,0.27139530887406593,9.636000187369866,10.14509950813338,10.024110994859866,9.773891264365055,9.773891264365055,9.890549847751624,9.935070230121037,-0.5090993207635144
Huesca,2019,7,22080.0,20077.0,22563.0,20077.0,15305.0,25465.0,22563.0,0.09509734013745152,9.907379967251472,9.636000187369866,10.14509950813338,10.024110994859866,10.024110994859866,9.77169007731067,9.896159887584906,0.271379779881606
Huesca,2019,8,25608.0,22080.0,25465.0,22080.0,20077.0,15305.0,25465.0,0.148232581258668,10.00247278922055,9.907379967251472,9.636000187369866,10.14509950813338,10.14509950813338,9.95492637823601,9.848617647947295,0.09509282196907698
Huesca,2022,5,14385.0,15364.0,2801.0,15364.0,13386.0,6965.0,2801.0,-0.06584111348014687,9.639847474564585,9.502039365785897,8.848796450925947,7.938088726896952,7.938088726896952,9.57094342017524,9.330227763758808,0.1378081087786871
Huesca,2022,6,17937.0,14385.0,6965.0,14385.0,15364.0,13386.0,6965.0,0.22067962156336662,9.574010790427302,9.639847474564585,9.502039365785897,8.848796450925947,8.848796450925947,9.606929132495942,9.571965876925928,-0.06583668413728283
Huesca,2022,7,23766.0,17937.0,13386.0,17937.0,14385.0,15364.0,13386.0,0.28139036930095607,9.794676646677948,9.574010790427302,9.639847474564585,9.502039365785897,9.502039365785897,9.684343718552626,9.669511637223279,0.22066585625064583
Huesca,2022,8,24154.0,23766.0,15364.0,23766.0,17937.0,14385.0,15364.0,0.016194009985349922,10.076053342881366,9.794676646677948,9.574010790427302,9.639847474564585,9.639847474564585,9.935364994779658,9.814913593328873,0.2813766962034183
Huesca,2023,5,16115.0,24154.0,14385.0,24154.0,23766.0,17937.0,14385.0,-0.4046994825857819,10.092246676988507,10.076053342881366,9.794676646677948,9.574010790427302,9.574010790427302,10.084150009934937,9.987658888849275,0.01619333410714141
Huesca,2023,6,18762.0,16115.0,17937.0,16115.0,24154.0,23766.0,17937.0,0.1520830324363569,9.687567846311238,10.092246676988507,10.076053342881366,9.794676646677948,9.794676646677948,9.889907261649872,9.951955955393704,-0.40467883067726973
Huesca,2023,7,22655.0,18762.0,23766.0,18762.0,16115.0,24154.0,23766.0,0.18854703041534293,9.839642124487375,9.687567846311238,10.092246676988507,10.076053342881366,10.076053342881366,9.763604985399306,9.87315221592904,0.15207427817613706
Huesca,2023,8,23578.0,22655.0,24154.0,22655.0,18762.0,16115.0,24154.0,0.039933495750833714,10.028179996493446,9.839642124487375,9.687567846311238,10.092246676988507,10.092246676988507,9.93391106049041,9.85179665576402,0.18853787200607108
Huesca,2024,5,18225.0,23578.0,16115.0,23578.0,22655.0,18762.0,16115.0,-0.25751979597521313,10.068111764371048,10.028179996493446,9.839642124487375,9.687567846311238,9.687567846311238,10.048145880432248,9.978644628450624,0.03993176787760255
Huesca,2024,6,19883.0,18225.0,18762.0,18225.0,23578.0,22655.0,18762.0,0.08707081738122113,9.810604425056072,10.068111764371048,10.028179996493446,9.839642124487375,9.839642124487375,9.93935809471356,9.968965395306855,-0.2575073393149765
Huesca,2024,7,21896.0,19883.0,22655.0,19883.0,18225.0,23578.0,22655.0,0.09643887646243421,9.897670667214562,9.810604425056072,10.068111764371048,10.028179996493446,10.028179996493446,9.854137546135316,9.925462285547226,0.08706624215849068
Huesca,2024,8,26690.0,21896.0,23578.0,21896.0,19883.0,18225.0,23578.0,0.19798499167805517,9.994104920119742,9.897670667214562,9.810604425056072,10.068111764371048,10.068111764371048,9.945887793667152,9.90079333746346,0.09643425290517982
Illes Balears,2018,5,1233891.0,1531695.0,1190334.0,1531695.0,1591845.0,1384753.0,1190334.0,-0.2162023743865138,14.241886176171793,14.28040490703912,14.141033064499231,13.989745338075515,13.989745338075515,14.261145541605456,14.221108049236713,-0.03851873086732738
Illes Balears,2018,6,1472147.0,1233891.0,1384753.0,1233891.0,1531695.0,1591845.0,1384753.0,0.17654928850130247,14.02568395935803,14.241886176171793,14.28040490703912,14.141033064499231,14.141033064499231,14.133785067764912,14.182658347522981,-0.2162022168137625
Illes Balears,2018,7,1584076.0,1472147.0,1591845.0,1472147.0,1233891.0,1531695.0,1591845.0,0.0732793925881925,14.202233116695062,14.02568395935803,14.241886176171793,14.28040490703912,14.28040490703912,14.113958538026546,14.156601084074962,0.17654915733703191
Illes Balears,2018,8,1515180.0,1584076.0,1531695.0,1584076.0,1472147.0,1233891.0,1531695.0,-0.044467028254272734,14.275512461286137,14.202233116695062,14.02568395935803,14.241886176171793,14.241886176171793,14.2388727889906,14.167809845779743,0.0732793445910751
Illes Balears,2019,5,1237844.0,1515180.0,1233891.0,1515180.0,1584076.0,1472147.0,1233891.0,-0.20216308715548514,14.231045461736597,14.275512461286137,14.202233116695062,14.02568395935803,14.02568395935803,14.253278961511366,14.236263679905932,-0.04446699954953992
Illes Balears,2019,6,1467241.0,1237844.0,1472147.0,1237844.0,1515180.0,1584076.0,1472147.0,0.170012609884024,14.028882522449651,14.231045461736597,14.275512461286137,14.202233116695062,14.202233116695062,14.129963992093124,14.178480148490797,-0.2021629392869464
Illes Balears,2019,7,1604594.0,1467241.0,1584076.0,1467241.0,1237844.0,1515180.0,1584076.0,0.08948699856728304,14.19889500602882,14.028882522449651,14.231045461736597,14.275512461286137,14.275512461286137,14.113888764239235,14.152940996738357,0.17001248357916943
Illes Balears,2019,8,1601142.0,1604594.0,1515180.0,1604594.0,1467241.0,1237844.0,1515180.0,-0.0021536404334270287,14.288381946255457,14.19889500602882,14.028882522449651,14.231045461736597,14.231045461736597,14.243638476142138,14.172053158244642,0.08948694022663695
Illes Balears,2022,5,1204285.0,894903.0,161116.0,894903.0,837887.0,415541.0,161116.0,0.2969259763075396,13.70447172893412,13.638639718980743,12.937338971201585,11.989886088116677,11.989886088116677,13.671555723957432,13.42681680637215,0.06583200995337712
Illes Balears,2022,6,1503440.0,1204285.0,415541.0,1204285.0,894903.0,837887.0,415541.0,0.2218697859277423,14.00139741817062,13.70447172893412,13.638639718980743,12.937338971201585,12.937338971201585,13.852934573552371,13.781502955361828,0.29692568923650065
Illes Balears,2022,7,1662644.0,1503440.0,837887.0,1503440.0,1204285.0,894903.0,837887.0,0.10065329057202099,14.223267038871537,14.00139741817062,13.70447172893412,13.638639718980743,13.638639718980743,14.11233222852108,13.976378728658759,0.22186962070091631
Illes Balears,2022,8,1670321.0,1662644.0,894903.0,1662644.0,1503440.0,1204285.0,894903.0,0.004606717188250897,14.323920265753987,14.223267038871537,14.00139741817062,13.70447172893412,13.70447172893412,14.273593652312762,14.182861574265381,0.10065322688245004
Illes Balears,2023,5,1297010.0,1670321.0,1204285.0,1670321.0,1662644.0,1503440.0,1204285.0,-0.2529542081216647,14.328526980177893,14.323920265753987,14.223267038871537,14.00139741817062,14.00139741817062,14.32622362296594,14.29190476160114,0.0046067144239057
Illes Balears,2023,6,1569372.0,1297010.0,1503440.0,1297010.0,1670321.0,1662644.0,1503440.0,0.1906139239340625,14.07557294437287,14.328526980177893,14.323920265753987,14.223267038871537,14.223267038871537,14.202049962275382,14.242673396768248,-0.25295403580502196
Illes Balears,2023,7,1734992.0,1569372.0,1662644.0,1569372.0,1297010.0,1670321.0,1662644.0,0.10032726309830586,14.266186734500502,14.07557294437287,14.328526980177893,14.323920265753987,14.323920265753987,14.170879839436687,14.22342888635042,0.1906137901276317
Illes Balears,2023,8,1739237.0,1734992.0,1670321.0,1734992.0,1569372.0,1297010.0,1670321.0,0.002443708870366379,14.366513936772826,14.266186734500502,14.07557294437287,14.328526980177893,14.328526980177893,14.316350335636663,14.2360912052154,0.10032720227232339
Illes Balears,2024,5,1557097.0,1739237.0,1297010.0,1739237.0,1734992.0,1569372.0,1297010.0,-0.11062332110269502,14.368957644236428,14.366513936772826,14.266186734500502,14.07557294437287,14.07557294437287,14.367735790504627,14.333886105169919,0.0024437074636018963
Illes Balears,2024,6,1618901.0,1557097.0,1569372.0,1557097.0,1739237.0,1734992.0,1569372.0,0.03892433376365645,14.25833439038967,14.368957644236428,14.366513936772826,14.266186734500502,14.266186734500502,14.313646017313049,14.331268657132975,-0.11062325384675731
Illes Balears,2024,7,1809362.0,1618901.0,1734992.0,1618901.0,1557097.0,1739237.0,1734992.0,0.11122677298351924,14.297258699635591,14.25833439038967,14.368957644236428,14.366513936772826,14.366513936772826,14.277796545012631,14.30818357808723,0.03892430924592105
Illes Balears,2024,8,1851374.0,1809362.0,1739237.0,1809362.0,1618901.0,1557097.0,1739237.0,0.02295376917373737,14.408485407597151,14.297258699635591,14.25833439038967,14.368957644236428,14.368957644236428,14.352872053616371,14.32135949920747,0.11122670796155987
Jaén,2018,5,10278.0,7851.0,12871.0,7851.0,6876.0,7181.0,12871.0,0.2693647763539193,8.968523555396352,8.835937789319836,8.879333174786028,9.46280968867222,9.46280968867222,8.902230672358094,8.894598173167404,0.13258576607651662
Jaén,2018,6,6630.0,10278.0,7181.0,10278.0,7851.0,6876.0,7181.0,-0.43840088437226754,9.237858258012922,8.968523555396352,8.835937789319836,8.879333174786028,8.879333174786028,9.103190906704636,9.014106534243036,0.26933470261657
Jaén,2018,7,6427.0,6630.0,6876.0,6630.0,10278.0,7851.0,6876.0,-0.03109693780862166,8.799510901368867,9.237858258012922,8.968523555396352,8.835937789319836,8.835937789319836,9.018684579690895,9.001964238259381,-0.438347356644055
Jaén,2018,8,7117.0,6427.0,7851.0,6427.0,6630.0,10278.0,7851.0,0.1019784219279849,8.768418726857403,8.799510901368867,9.237858258012922,8.968523555396352,8.968523555396352,8.783964814113135,8.935262628746399,-0.031092174511464066
Jaén,2019,5,10302.0,7117.0,10278.0,7117.0,6427.0,6630.0,10278.0,0.36985176282625964,8.870382066070137,8.768418726857403,8.799510901368867,9.237858258012922,9.237858258012922,8.81940039646377,8.81277056476547,0.10196333921273393
Jaén,2019,6,6253.0,10302.0,6630.0,10302.0,7117.0,6427.0,6630.0,-0.4992767025582321,9.240190393945069,8.870382066070137,8.768418726857403,8.799510901368867,8.799510901368867,9.055286230007603,8.959663728957537,0.36980832787493156
Jaén,2019,7,6018.0,6253.0,6427.0,6253.0,10302.0,7117.0,6427.0,-0.038306370377307886,8.740976538017787,9.240190393945069,8.870382066070137,8.768418726857403,8.768418726857403,8.990583465981427,8.950516332677664,-0.49921385592728207
Jaén,2019,8,7571.0,6018.0,7117.0,6018.0,6253.0,10302.0,7117.0,0.22957018091331705,8.70267641154777,8.740976538017787,9.240190393945069,8.870382066070137,8.870382066070137,8.721826474782779,8.894614447836874,-0.03830012647001624
Jaén,2022,5,7100.0,3789.0,2159.0,3789.0,2266.0,1787.0,2159.0,0.6279926520108052,8.240121298076472,7.726212650507529,7.488852955733459,7.67786350067821,7.67786350067821,7.983166974292001,7.818395634772487,0.5139086475689432
Jaén,2022,6,5760.0,7100.0,1787.0,7100.0,3789.0,2266.0,1787.0,-0.20915730933946897,8.867990898182093,8.240121298076472,7.726212650507529,7.488852955733459,7.488852955733459,8.554056098129283,8.278108282255365,0.6278696001056208
Jaén,2022,7,5399.0,5760.0,2266.0,5760.0,7100.0,3789.0,2266.0,-0.06472372347164956,8.658866349732383,8.867990898182093,8.240121298076472,7.726212650507529,7.726212650507529,8.763428623957239,8.58899284866365,-0.20912454844970974
Jaén,2022,8,6509.0,5399.0,3789.0,5399.0,5760.0,7100.0,3789.0,0.18697208335409954,8.594154232552366,8.658866349732383,8.867990898182093,8.240121298076472,8.240121298076472,8.626510291142374,8.70700382682228,-0.0647121171800169
Jaén,2023,5,7372.0,6509.0,7100.0,6509.0,5399.0,5760.0,7100.0,0.1245032052173265,8.781094735202615,8.594154232552366,8.658866349732383,8.867990898182093,8.867990898182093,8.68762448387749,8.678038439162455,0.18694050265024842
Jaén,2023,6,5084.0,7372.0,5760.0,7372.0,6509.0,5399.0,5760.0,-0.37159068648036886,8.90557995798965,8.781094735202615,8.594154232552366,8.658866349732383,8.658866349732383,8.843337346596133,8.760276308581544,0.124485222787035
Jaén,2023,7,5766.0,5084.0,5399.0,5084.0,7372.0,6509.0,5399.0,0.12588024588900204,8.53405030848266,8.90557995798965,8.781094735202615,8.594154232552366,8.594154232552366,8.719815133236155,8.740241667224975,-0.3715296495069893
Jaén,2023,8,6614.0,5766.0,6509.0,5766.0,5084.0,7372.0,6509.0,0.13721001534339017,8.659907293615413,8.53405030848266,8.90557995798965,8.781094735202615,8.781094735202615,8.596978801049037,8.699845853362575,0.1258569851327529
Jaén,2024,5,9191.0,6614.0,7372.0,6614.0,5766.0,5084.0,7372.0,0.3290361298163731,8.797095076549056,8.659907293615413,8.53405030848266,8.90557995798965,8.90557995798965,8.728501185082234,8.66368422621571,0.1371877829336423
Jaén,2024,6,5695.0,9191.0,5084.0,9191.0,6614.0,5766.0,5084.0,-0.47863614747682703,9.126088819528592,8.797095076549056,8.659907293615413,8.53405030848266,8.53405030848266,8.961591948038823,8.861030396564352,0.3289937429795362
Jaén,2024,7,6226.0,5695.0,5766.0,5695.0,9191.0,6614.0,5766.0,0.08914547512027049,8.647519453091812,9.126088819528592,8.797095076549056,8.659907293615413,8.659907293615413,8.886804136310202,8.85690111638982,-0.47856936643677983
Jaén,2024,8,8033.0,6226.0,6614.0,6226.0,5695.0,9191.0,6614.0,0.25482398517225846,8.736649954872451,8.647519453091812,9.126088819528592,8.797095076549056,8.797095076549056,8.692084703982133,8.836752742497618,0.08913050178063919
La Rioja,2018,5,17083.0,11299.0,16683.0,11299.0,11268.0,13926.0,16683.0,0.4133695907378119,9.332558004700433,9.329810871952349,9.541584681053092,9.722205455316836,9.722205455316836,9.33118443832639,9.401317852568624,0.0027471327480839136
La Rioja,2018,6,13659.0,17083.0,13926.0,17083.0,11299.0,11268.0,13926.0,-0.22368517194416704,9.745897631961357,9.332558004700433,9.329810871952349,9.541584681053092,9.541584681053092,9.539227818330895,9.469422169538047,0.41333962726092466
La Rioja,2018,7,10798.0,13659.0,11268.0,13659.0,17083.0,11299.0,11268.0,-0.23503771322465994,9.522227133124781,9.745897631961357,9.332558004700433,9.329810871952349,9.329810871952349,9.63406238254307,9.533560923262192,-0.22367049883657586
La Rioja,2018,8,11892.0,10798.0,11299.0,10798.0,13659.0,17083.0,11299.0,0.09650497333975672,9.28720881623276,9.522227133124781,9.745897631961357,9.332558004700433,9.332558004700433,9.404717974678771,9.518444527106299,-0.23501831689202213
La Rioja,2019,5,19390.0,11892.0,17083.0,11892.0,10798.0,13659.0,17083.0,0.4888915641187097,9.383705270727246,9.28720881623276,9.522227133124781,9.745897631961357,9.745897631961357,9.335457043480002,9.39771374002826,0.09649645449448663
La Rioja,2019,6,14027.0,19390.0,13659.0,19390.0,11892.0,10798.0,13659.0,-0.32377342551702704,9.872564319882619,9.383705270727246,9.28720881623276,9.522227133124781,9.522227133124781,9.628134795304932,9.514492802280875,0.4888590491553728
La Rioja,2019,7,11777.0,14027.0,10798.0,14027.0,19390.0,11892.0,10798.0,-0.17483556687812296,9.548810611260068,9.872564319882619,9.383705270727246,9.28720881623276,9.28720881623276,9.710687465571343,9.601693400623311,-0.3237537086225508
La Rioja,2019,8,12727.0,11777.0,11892.0,11777.0,14027.0,19390.0,11892.0,0.07757724415049871,9.373988663504516,9.548810611260068,9.872564319882619,9.383705270727246,9.383705270727246,9.461399637382293,9.598454531549068,-0.17482194775555193
La Rioja,2022,5,16442.0,9234.0,1881.0,9234.0,5986.0,3725.0,1881.0,0.5769467126451442,9.13075589263334,8.697345730925353,8.223090551161533,7.540090320145325,7.540090320145325,8.914050811779347,8.683730724906743,0.43341016170798774
La Rioja,2022,6,13543.0,16442.0,3725.0,16442.0,9234.0,5986.0,3725.0,-0.1939692280567069,9.707655133714226,9.13075589263334,8.697345730925353,8.223090551161533,8.223090551161533,9.419205513173782,9.17858558575764,0.576899241080886
La Rioja,2022,7,11233.0,13543.0,5986.0,13543.0,16442.0,9234.0,5986.0,-0.1870139340138035,9.51369892381297,9.707655133714226,9.13075589263334,8.697345730925353,8.697345730925353,9.610677028763599,9.45070331672018,-0.1939562099012555
La Rioja,2022,8,13168.0,11233.0,9234.0,11233.0,13543.0,16442.0,9234.0,0.1589337692752828,9.326700173092378,9.51369892381297,9.707655133714226,9.13075589263334,9.13075589263334,9.420199548452675,9.516018076873193,-0.18699875072059235
La Rioja,2023,5,18588.0,13168.0,16442.0,13168.0,11233.0,13543.0,16442.0,0.3447265672880171,9.48562086171022,9.326700173092378,9.51369892381297,9.707655133714226,9.707655133714226,9.4061605174013,9.442006652871857,0.15892068861784203
La Rioja,2023,6,13850.0,18588.0,13543.0,18588.0,13168.0,11233.0,13543.0,-0.2942309785893844,9.830325286907144,9.48562086171022,9.326700173092378,9.51369892381297,9.51369892381297,9.657973074308682,9.547548773903246,0.3447044251969231
La Rioja,2023,7,11454.0,13850.0,11233.0,13850.0,18588.0,13168.0,11233.0,-0.1899462186616816,9.536112711175099,9.830325286907144,9.48562086171022,9.326700173092378,9.326700173092378,9.68321899904112,9.617352953264154,-0.29421257573204507
La Rioja,2023,8,14330.0,11454.0,13168.0,11454.0,13850.0,18588.0,13168.0,0.22401622786841457,9.346181594887597,9.536112711175099,9.830325286907144,9.48562086171022,9.48562086171022,9.441147153031348,9.570873197656613,-0.18993111628750192
La Rioja,2024,5,21812.0,14330.0,18588.0,14330.0,11454.0,13850.0,18588.0,0.42010503522373455,9.570180302058072,9.346181594887597,9.536112711175099,9.830325286907144,9.830325286907144,9.458180948472833,9.484158202706922,0.223998707170475
La Rioja,2024,6,15142.0,21812.0,13850.0,21812.0,14330.0,11454.0,13850.0,-0.3649879373827005,9.990261401318167,9.570180302058072,9.346181594887597,9.536112711175099,9.536112711175099,9.780220851688119,9.635541099421278,0.42008109926009496
La Rioja,2024,7,13620.0,15142.0,11454.0,15142.0,21812.0,14330.0,11454.0,-0.1059330389597477,9.625293657956655,9.990261401318167,9.570180302058072,9.346181594887597,9.346181594887597,9.807777529637411,9.728578453777631,-0.36496774336151105
La Rioja,2024,8,13894.0,13620.0,14330.0,13620.0,15142.0,21812.0,14330.0,0.019917791549323383,9.519367998447342,9.625293657956655,9.990261401318167,9.570180302058072,9.570180302058072,9.572330828201999,9.711641019240721,-0.10592565950931387
Las Palmas,2018,5,364111.0,422383.0,365269.0,422383.0,440035.0,384504.0,365269.0,-0.14845371916463712,12.95367013186889,12.994611820729338,12.859712071744456,12.808392085129578,12.808392085129578,12.974140976299115,12.935998008114227,-0.04094168886044791
Las Palmas,2018,6,371985.0,364111.0,384504.0,364111.0,422383.0,440035.0,384504.0,0.02139476467413104,12.805216791599,12.95367013186889,12.994611820729338,12.859712071744456,12.859712071744456,12.879443461733945,12.91783291473241,-0.14845334026989043
Las Palmas,2018,7,410128.0,371985.0,440035.0,371985.0,364111.0,422383.0,440035.0,0.09761577521802423,12.82661149813849,12.805216791599,12.95367013186889,12.994611820729338,12.994611820729338,12.815914144868746,12.861832807202127,0.021394706539490826
Las Palmas,2018,8,399516.0,410128.0,422383.0,410128.0,371985.0,364111.0,422383.0,-0.026215491630622978,12.924227023339888,12.82661149813849,12.805216791599,12.95367013186889,12.95367013186889,12.87541926073919,12.85201843769246,0.09761552520139816
Las Palmas,2019,5,336415.0,399516.0,364111.0,399516.0,410128.0,371985.0,364111.0,-0.17190829758814807,12.898011596474594,12.924227023339888,12.82661149813849,12.805216791599,12.805216791599,12.911119309907242,12.882950039317658,-0.026215426865293878
Las Palmas,2019,6,351019.0,336415.0,371985.0,336415.0,399516.0,410128.0,371985.0,0.042494836176187434,12.726103768375557,12.898011596474594,12.924227023339888,12.82661149813849,12.82661149813849,12.812057682425076,12.849447462730012,-0.17190782809903737
Las Palmas,2019,7,379233.0,351019.0,410128.0,351019.0,336415.0,399516.0,410128.0,0.07731043885587496,12.768598480881682,12.726103768375557,12.898011596474594,12.924227023339888,12.924227023339888,12.747351124628619,12.797571281910612,0.0424947125061248
Las Palmas,2019,8,367361.0,379233.0,399516.0,379233.0,351019.0,336415.0,399516.0,-0.031805776097961314,12.845908707790825,12.768598480881682,12.726103768375557,12.898011596474594,12.898011596474594,12.807253594336252,12.780203652349355,0.0773102269091428
Las Palmas,2022,5,339220.0,231111.0,49815.0,231111.0,167453.0,88317.0,49815.0,0.38375074985389546,12.350657720487732,12.028463965664724,11.388699216326986,10.816091496552287,10.816091496552287,12.189560843076228,11.922606967493147,0.32219375482300805
Las Palmas,2022,6,345581.0,339220.0,88317.0,339220.0,231111.0,167453.0,88317.0,0.018578194123072933,12.734407091360875,12.350657720487732,12.028463965664724,11.388699216326986,11.388699216326986,12.542532405924304,12.37117625917111,0.38374937087314365
Las Palmas,2022,7,401861.0,345581.0,167453.0,345581.0,339220.0,231111.0,167453.0,0.15087919911534975,12.75298523122232,12.734407091360875,12.350657720487732,12.028463965664724,12.028463965664724,12.743696161291599,12.612683347690309,0.018578139861444853
Las Palmas,2022,8,411778.0,401861.0,231111.0,401861.0,345581.0,339220.0,231111.0,0.024378111492231014,12.903864025083772,12.75298523122232,12.734407091360875,12.350657720487732,12.350657720487732,12.828424628153046,12.797085449222322,0.15087879386145175
Las Palmas,2023,5,369015.0,411778.0,339220.0,411778.0,401861.0,345581.0,339220.0,-0.10964707555352149,12.928242076646558,12.903864025083772,12.75298523122232,12.734407091360875,12.734407091360875,12.916053050865166,12.861697110984217,0.024378051562786496
Las Palmas,2023,6,372925.0,369015.0,345581.0,369015.0,411778.0,401861.0,345581.0,0.010540033419168537,12.818595282516233,12.928242076646558,12.903864025083772,12.75298523122232,12.75298523122232,12.873418679581395,12.883567128082186,-0.10964679413032563
Las Palmas,2023,7,418798.0,372925.0,401861.0,372925.0,369015.0,411778.0,401861.0,0.11601137639579662,12.82913528752286,12.818595282516233,12.928242076646558,12.903864025083772,12.903864025083772,12.823865285019547,12.858657548895218,0.010540005006626885
Las Palmas,2023,8,413645.0,418798.0,411778.0,418798.0,372925.0,369015.0,411778.0,-0.012380585386251752,12.945146370201075,12.82913528752286,12.818595282516233,12.928242076646558,12.928242076646558,12.887140828861966,12.864292313413388,0.1160110826782148
Las Palmas,2024,5,385327.0,413645.0,369015.0,413645.0,418798.0,372925.0,369015.0,-0.07091579360655764,12.932765814560696,12.945146370201075,12.82913528752286,12.818595282516233,12.818595282516233,12.938956092380884,12.90234915742821,-0.012380555640378432
Las Palmas,2024,6,391360.0,385327.0,372925.0,385327.0,413645.0,418798.0,372925.0,0.015535528055826475,12.861850198620115,12.932765814560696,12.945146370201075,12.82913528752286,12.82913528752286,12.897308006590405,12.913254127793962,-0.07091561594058149
Las Palmas,2024,7,410831.0,391360.0,418798.0,391360.0,385327.0,413645.0,418798.0,0.048554085220613885,12.87738568666983,12.861850198620115,12.932765814560696,12.945146370201075,12.945146370201075,12.869617942644972,12.890667233283546,0.01553548804971605
Las Palmas,2024,8,425445.0,410831.0,413645.0,410831.0,391360.0,385327.0,413645.0,0.034953742244775654,12.9259396507895,12.87738568666983,12.861850198620115,12.932765814560696,12.932765814560696,12.901662668729665,12.888391845359815,0.0485539641196695
León,2018,5,28427.0,19332.0,28397.0,19332.0,18513.0,21304.0,28397.0,0.38557764377663695,9.869568759332502,9.826282481627157,9.966697065934012,10.254073999134302,10.254073999134302,9.84792562047983,9.887516102297889,0.0432862777053451
León,2018,6,20938.0,28427.0,21304.0,28427.0,19332.0,18513.0,21304.0,-0.3057737078623113,10.255129853946785,9.869568759332502,9.826282481627157,9.966697065934012,9.966697065934012,10.062349306639643,9.983660364968815,0.38556109461428356
León,2018,7,18596.0,20938.0,18513.0,20938.0,28427.0,19332.0,18513.0,-0.11861918606882504,9.949368727792317,10.255129853946785,9.869568759332502,9.826282481627157,9.826282481627157,10.102249290869551,10.024689113690535,-0.3057611261544686
León,2018,8,23654.0,18596.0,19332.0,18596.0,20938.0,28427.0,19332.0,0.24058573000058736,9.830755556370029,9.949368727792317,10.255129853946785,9.869568759332502,9.869568759332502,9.890062142081174,10.011751379369711,-0.11861317142228778
León,2019,5,28601.0,23654.0,28427.0,23654.0,18596.0,20938.0,28427.0,0.18990944842058433,10.071329788065249,9.830755556370029,9.949368727792317,10.255129853946785,10.255129853946785,9.951042672217639,9.950484690742533,0.24057423169521996
León,2019,6,27144.0,28601.0,20938.0,28601.0,23654.0,18596.0,20938.0,-0.052285654767581846,10.261231924432881,10.071329788065249,9.830755556370029,9.949368727792317,9.949368727792317,10.166280856249065,10.05443908962272,0.18990213636763187
León,2019,7,17350.0,27144.0,18596.0,27144.0,28601.0,23654.0,18596.0,-0.4475635210890605,10.208948146339551,10.261231924432881,10.071329788065249,9.830755556370029,9.830755556370029,10.235090035386216,10.180503286279228,-0.0522837780933294
León,2019,8,21990.0,17350.0,23654.0,17350.0,27144.0,28601.0,23654.0,0.23699529817380238,9.761405420601672,10.208948146339551,10.261231924432881,10.071329788065249,10.071329788065249,9.985176783470612,10.077195163791368,-0.447542725737879
León,2022,5,29475.0,10597.0,2141.0,10597.0,8321.0,4283.0,2141.0,1.0229715042307355,9.268420583052707,9.026657889542886,8.36264243156764,7.669495251007694,7.669495251007694,9.147539236297796,8.88590696805441,0.2417626935098216
León,2022,6,25345.0,29475.0,4283.0,29475.0,10597.0,8321.0,4283.0,-0.1509609744991227,10.29133165188689,9.268420583052707,9.026657889542886,8.36264243156764,8.36264243156764,9.779876117469799,9.528803374827495,1.0229110688341834
León,2022,7,18213.0,25345.0,8321.0,25345.0,29475.0,10597.0,8321.0,-0.3304458471079066,10.14037620564201,10.29133165188689,9.268420583052707,9.026657889542886,9.026657889542886,10.21585392876445,9.900042813527202,-0.15095544624488078
León,2022,8,20310.0,18213.0,10597.0,18213.0,25345.0,29475.0,10597.0,0.10897775077588712,9.809945808127765,10.14037620564201,10.29133165188689,9.268420583052707,9.268420583052707,9.975161006884887,10.080551221885555,-0.3304303975142453
León,2023,5,29470.0,20310.0,29475.0,20310.0,18213.0,25345.0,29475.0,0.3722594211573096,9.918917890191485,9.809945808127765,10.14037620564201,10.29133165188689,10.29133165188689,9.864431849159626,9.95641330132042,0.10897208206372078
León,2023,6,25103.0,29470.0,25345.0,29470.0,20310.0,18213.0,25345.0,-0.16038543584168785,10.291162007969065,9.918917890191485,9.809945808127765,10.14037620564201,10.14037620564201,10.105039949080275,10.006675235429439,0.37224411777757993
León,2023,7,17955.0,25103.0,18213.0,25103.0,29470.0,20310.0,18213.0,-0.3351187332298693,10.130782474972813,10.291162007969065,9.918917890191485,9.809945808127765,9.809945808127765,10.21097224147094,10.113620791044454,-0.1603795329962523
León,2023,8,22870.0,17955.0,20310.0,17955.0,25103.0,29470.0,20310.0,0.24195738035664505,9.795679599901822,10.130782474972813,10.291162007969065,9.918917890191485,9.918917890191485,9.963231037437318,10.0725413609479,-0.3351028750709908
León,2024,5,37792.0,22870.0,29470.0,22870.0,17955.0,25103.0,29470.0,0.5022714319802617,10.037625011465359,9.795679599901822,10.130782474972813,10.291162007969065,10.291162007969065,9.916652305683591,9.988029028779998,0.24194541156353644
León,2024,6,28786.0,37792.0,25103.0,37792.0,22870.0,17955.0,25103.0,-0.2722082821744731,10.5398791792736,10.037625011465359,9.795679599901822,10.130782474972813,10.130782474972813,10.288752095369478,10.12439459688026,0.5022541678082408
León,2024,7,16981.0,28786.0,17955.0,28786.0,37792.0,22870.0,17955.0,-0.5277940858763142,10.267679175328517,10.5398791792736,10.037625011465359,9.795679599901822,9.795679599901822,10.403779177301058,10.281727788689158,-0.27220000394508226
León,2024,8,22402.0,16981.0,22870.0,16981.0,28786.0,37792.0,22870.0,0.2770551686253828,9.739909238559308,10.267679175328517,10.5398791792736,10.037625011465359,10.037625011465359,10.003794206943912,10.182489197720473,-0.527769936769209
Lleida,2018,5,11274.0,19410.0,11084.0,19410.0,16027.0,12569.0,11084.0,-0.5432892075215356,9.873595194671092,9.682092471756036,9.439068301584292,9.313348122050412,9.313348122050412,9.777843833213563,9.664918656003806,0.19150272291505566
Lleida,2018,6,14727.0,11274.0,12569.0,11274.0,19410.0,16027.0,12569.0,0.2671833540846418,9.330343164370879,9.873595194671092,9.682092471756036,9.439068301584292,9.439068301584292,9.601969179520985,9.628676943599336,-0.5432520303002129
Lleida,2018,7,16947.0,14727.0,16027.0,14727.0,11274.0,19410.0,16027.0,0.14040828326720955,9.597505722912913,9.330343164370879,9.873595194671092,9.682092471756036,9.682092471756036,9.463924443641897,9.600481360651628,0.26716255854203474
Lleida,2018,8,19428.0,16947.0,19410.0,16947.0,14727.0,11274.0,19410.0,0.13662449747226368,9.73790511174645,9.597505722912913,9.330343164370879,9.873595194671092,9.873595194671092,9.667705417329682,9.555251333010082,0.14039938883353642
Lleida,2019,5,12015.0,19428.0,11274.0,19428.0,16947.0,14727.0,11274.0,-0.48055945529506516,9.874522074243114,9.73790511174645,9.597505722912913,9.330343164370879,9.330343164370879,9.806213592994782,9.736644302967493,0.13661696249666377
Lleida,2019,6,16131.0,12015.0,14727.0,12015.0,19428.0,16947.0,14727.0,0.2945870173072169,9.393994374003915,9.874522074243114,9.73790511174645,9.597505722912913,9.597505722912913,9.634258224123514,9.668807186664493,-0.48052770023919855
Lleida,2019,7,17458.0,16131.0,16947.0,16131.0,12015.0,19428.0,16947.0,0.0790551098175083,9.688560155993258,9.393994374003915,9.874522074243114,9.73790511174645,9.73790511174645,9.541277264998588,9.652358868080096,0.294565781989343
Lleida,2019,8,20229.0,17458.0,19428.0,17458.0,16131.0,12015.0,19428.0,0.1473192221073969,9.767610553984774,9.688560155993258,9.393994374003915,9.874522074243114,9.874522074243114,9.728085354989016,9.616721694660649,0.07905039799151581
Lleida,2022,5,9915.0,12194.0,2788.0,12194.0,10632.0,5270.0,2788.0,-0.20689526551386628,9.40878131065002,9.271717651651086,8.569975376855206,7.933438387627489,7.933438387627489,9.340249481150554,9.083491446385437,0.1370636589989349
Lleida,2022,6,12814.0,9915.0,5270.0,9915.0,12194.0,10632.0,5270.0,0.25648956124507194,9.201904893155081,9.40878131065002,9.271717651651086,8.569975376855206,8.569975376855206,9.305343101902551,9.294134618485396,-0.20687641749493935
Lleida,2022,7,19315.0,12814.0,10632.0,12814.0,9915.0,12194.0,10632.0,0.4103436729014138,9.458371638798171,9.201904893155081,9.40878131065002,9.271717651651086,9.271717651651086,9.330138265976625,9.356352614201091,0.25646674564309
Lleida,2022,8,19904.0,19315.0,12194.0,19315.0,12814.0,9915.0,12194.0,0.03003872043852418,9.868689046993433,9.458371638798171,9.201904893155081,9.40878131065002,9.40878131065002,9.663530342895802,9.509655192982228,0.41031740819526163
Lleida,2023,5,14968.0,19904.0,9915.0,19904.0,19315.0,12814.0,9915.0,-0.28500612758498,9.898726235434417,9.868689046993433,9.458371638798171,9.201904893155081,9.201904893155081,9.883707641213924,9.741928973742006,0.030037188440983797
Lleida,2023,6,15575.0,14968.0,12814.0,14968.0,19904.0,19315.0,12814.0,0.039752475701728684,9.613736674915236,9.898726235434417,9.868689046993433,9.458371638798171,9.458371638798171,9.756231455174827,9.793717319114362,-0.2849895605191808
Lleida,2023,7,22209.0,15575.0,19315.0,15575.0,14968.0,19904.0,19315.0,0.3548305474555544,9.653486547052035,9.613736674915236,9.898726235434417,9.868689046993433,9.868689046993433,9.633611610983635,9.72198315246723,0.039749872136798814
Lleida,2023,8,23914.0,22209.0,19904.0,22209.0,15575.0,14968.0,19904.0,0.0739664493683172,10.008297916888473,9.653486547052035,9.613736674915236,9.898726235434417,9.898726235434417,9.830892231970253,9.758507046285247,0.3548113698364386
Lleida,2024,5,15866.0,23914.0,14968.0,23914.0,22209.0,15575.0,14968.0,-0.4102856066175775,10.082261156114397,10.008297916888473,9.653486547052035,9.613736674915236,9.613736674915236,10.045279536501436,9.914681873351634,0.07396323922592352
Lleida,2024,6,18383.0,15866.0,15575.0,15866.0,23914.0,22209.0,15575.0,0.14724786962092296,9.671996759734089,10.082261156114397,10.008297916888473,9.653486547052035,9.653486547052035,9.877128957924242,9.920851944245653,-0.41026439638030787
Lleida,2024,7,21580.0,18383.0,22209.0,18383.0,15866.0,23914.0,22209.0,0.1603406353292538,9.819236000088537,9.671996759734089,10.082261156114397,10.008297916888473,10.008297916888473,9.745616379911313,9.85783130531234,0.14723924035444824
Lleida,2024,8,22607.0,21580.0,23914.0,21580.0,18383.0,15866.0,23914.0,0.04649263300369455,9.979568576941464,9.819236000088537,9.671996759734089,10.082261156114397,10.082261156114397,9.899402288515,9.82360044558803,0.16033257685292668
Lugo,2018,5,24753.0,26558.0,33087.0,26558.0,27975.0,28728.0,33087.0,-0.0703843267778197,10.187123952279158,10.239102278743212,10.265662344545426,10.4069259578681,10.4069259578681,10.213113115511185,10.230629525189265,-0.05197832646405409
Lugo,2018,6,19708.0,24753.0,28728.0,24753.0,26558.0,27975.0,28728.0,-0.22792204910859937,10.116742371099967,10.187123952279158,10.239102278743212,10.265662344545426,10.265662344545426,10.151933161689563,10.180989534040778,-0.07038158117919124
Lugo,2018,7,14375.0,19708.0,27975.0,19708.0,24753.0,26558.0,27975.0,-0.3155340579983026,9.888830663192495,10.116742371099967,10.187123952279158,10.239102278743212,10.239102278743212,10.00278651714623,10.064232328857207,-0.22791170790747195
Lugo,2018,8,16056.0,14375.0,26558.0,14375.0,19708.0,24753.0,26558.0,0.11059202481062158,9.573315428463395,9.888830663192495,10.116742371099967,10.187123952279158,10.187123952279158,9.731073045827944,9.859629487585286,-0.3155152347290997
Lugo,2019,5,26670.0,16056.0,24753.0,16056.0,14375.0,19708.0,24753.0,0.5074567266998873,9.683900170549684,9.573315428463395,9.888830663192495,10.116742371099967,10.116742371099967,9.62860779950654,9.715348754068524,0.11058474208628866
Lugo,2019,6,24886.0,26670.0,19708.0,26670.0,16056.0,14375.0,19708.0,-0.06923394184048348,10.191332111786215,9.683900170549684,9.573315428463395,9.888830663192495,9.888830663192495,9.93761614116795,9.816182570266433,0.5074319412365309
Lugo,2019,7,18434.0,24886.0,14375.0,24886.0,26670.0,16056.0,14375.0,-0.30010861078196704,10.122100857763806,10.191332111786215,9.683900170549684,9.573315428463395,9.573315428463395,10.15671648477501,9.999111046699902,-0.0692312540224087
Lugo,2019,8,19447.0,18434.0,16056.0,18434.0,24886.0,26670.0,16056.0,0.053496030951272644,9.822006310668245,10.122100857763806,10.191332111786215,9.683900170549684,9.683900170549684,9.972053584216026,10.045146426739421,-0.3000945470955614
Lugo,2022,5,25110.0,10047.0,2105.0,10047.0,8789.0,4033.0,2105.0,0.9159920906893166,9.21512888870798,9.081369990679223,8.302513718514158,7.652545692693921,7.652545692693921,9.1482494396936,8.866337532633786,0.1337588980287574
Lugo,2022,6,24760.0,25110.0,4033.0,25110.0,10047.0,8789.0,4033.0,-0.014036725353097523,10.131061276129653,9.21512888870798,9.081369990679223,8.302513718514158,8.302513718514158,9.673095082418817,9.475853385172286,0.9159323874216732
Lugo,2022,7,19315.0,24760.0,8789.0,24760.0,25110.0,10047.0,8789.0,-0.24834745169815164,10.117025113705102,10.131061276129653,9.21512888870798,9.081369990679223,9.081369990679223,10.124043194917377,9.821071759514245,-0.01403616242455108
Lugo,2022,8,17783.0,19315.0,10047.0,19315.0,24760.0,25110.0,10047.0,-0.08263905135672012,9.868689046993433,10.117025113705102,10.131061276129653,9.21512888870798,9.21512888870798,9.992857080349268,10.038925145609396,-0.2483360667116692
Lugo,2023,5,35698.0,17783.0,25110.0,17783.0,19315.0,24760.0,25110.0,0.6968517200457924,9.786054455644033,9.868689046993433,10.117025113705102,10.131061276129653,10.131061276129653,9.827371751318733,9.92392287211419,-0.08263459134940021
Lugo,2023,6,29543.0,35698.0,24760.0,35698.0,17783.0,19315.0,24760.0,-0.1892478356501055,10.482877956170928,9.786054455644033,9.868689046993433,10.117025113705102,10.117025113705102,10.13446620590748,10.045873819602797,0.6968235005268948
Lugo,2023,7,19468.0,29543.0,19315.0,29543.0,35698.0,17783.0,19315.0,-0.4170747371860024,10.293635956532398,10.482877956170928,9.786054455644033,9.868689046993433,9.868689046993433,10.388256956351663,10.187522789449119,-0.18924199963852928
Lugo,2023,8,20431.0,19468.0,17783.0,19468.0,29543.0,35698.0,17783.0,0.04828126328646576,9.87657873597891,10.293635956532398,10.482877956170928,9.786054455644033,9.786054455644033,10.085107346255654,10.217697549560745,-0.41705722055348815
Lugo,2024,5,39527.0,20431.0,35698.0,20431.0,19468.0,29543.0,35698.0,0.6599306274431953,9.92485757827232,9.87657873597891,10.293635956532398,10.482877956170928,10.482877956170928,9.900718157125615,10.031690756927876,0.04827884229340995
Lugo,2024,6,29218.0,39527.0,29543.0,39527.0,20431.0,19468.0,29543.0,-0.3021990249905482,10.584764560525587,9.92485757827232,9.87657873597891,10.293635956532398,10.293635956532398,10.254811069398954,10.128733624925607,0.6599069822532666
Lugo,2024,7,22543.0,29218.0,19468.0,29218.0,39527.0,20431.0,19468.0,-0.2593603612383255,10.282574461584227,10.584764560525587,9.92485757827232,9.87657873597891,9.87657873597891,10.433669511054907,10.26406553346071,-0.3021900989413595
Lugo,2024,8,22266.0,22543.0,20431.0,22543.0,29218.0,39527.0,20431.0,-0.012363745165480111,10.023224234138462,10.282574461584227,10.584764560525587,9.92485757827232,9.92485757827232,10.152899347861345,10.296854418749426,-0.25935022744576486
Madrid,2018,5,538731.0,477992.0,548690.0,477992.0,530222.0,536206.0,548690.0,0.11962237802499587,13.077351367014899,13.181052951752841,13.192275559529069,13.215290720506859,13.215290720506859,13.129202159383869,13.150226626098936,-0.10370158473794255
Madrid,2018,6,553034.0,538731.0,536206.0,538731.0,477992.0,530222.0,536206.0,0.026203108478597414,13.196973509169093,13.077351367014899,13.181052951752841,13.192275559529069,13.192275559529069,13.137162438091995,13.151792609312276,0.11962214215419387
Madrid,2018,7,570828.0,553034.0,530222.0,553034.0,538731.0,477992.0,530222.0,0.03166845590560996,13.223176569640913,13.196973509169093,13.077351367014899,13.181052951752841,13.181052951752841,13.210075039405002,13.165833815274967,0.026203060471820194
Madrid,2018,8,476607.0,570828.0,477992.0,570828.0,553034.0,538731.0,477992.0,-0.1803956864332843,13.254844969180718,13.223176569640913,13.196973509169093,13.077351367014899,13.077351367014899,13.239010769410815,13.22499834933024,0.03166839953980549
Madrid,2019,5,604232.0,476607.0,538731.0,476607.0,570828.0,553034.0,538731.0,0.23726597821962514,13.074449629070317,13.254844969180718,13.223176569640913,13.196973509169093,13.196973509169093,13.164647299125518,13.184157055963984,-0.18039534011040104
Madrid,2019,6,595166.0,604232.0,553034.0,604232.0,476607.0,570828.0,553034.0,-0.015117871913920666,13.311715164119484,13.074449629070317,13.254844969180718,13.223176569640913,13.223176569640913,13.1930823965949,13.213669920790172,0.2372655350491666
Madrid,2019,7,589400.0,595166.0,570828.0,595166.0,604232.0,476607.0,570828.0,-0.009735287927755465,13.296597317415582,13.311715164119484,13.074449629070317,13.254844969180718,13.254844969180718,13.304156240767533,13.227587370201794,-0.015117846703901705
Madrid,2019,8,515112.0,589400.0,476607.0,589400.0,595166.0,604232.0,476607.0,-0.13472071755612092,13.286862045924943,13.296597317415582,13.311715164119484,13.074449629070317,13.074449629070317,13.291729681670262,13.298391509153335,-0.009735271490638908
Madrid,2022,5,460034.0,193907.0,97076.0,193907.0,179424.0,119886.0,97076.0,0.8639217371151737,12.175139098760248,12.097512572298273,11.694304911450928,11.483259757014471,11.483259757014471,12.13632583552926,11.988985527503148,0.07762652646197488
Madrid,2022,6,461468.0,460034.0,119886.0,460034.0,193907.0,179424.0,119886.0,0.003112312632062242,13.039057852527334,12.175139098760248,12.097512572298273,11.694304911450928,11.694304911450928,12.607098475643792,12.437236507861952,0.863918753767086
Madrid,2022,7,480915.0,461468.0,179424.0,461468.0,460034.0,193907.0,179424.0,0.041277826885831814,13.04217015840453,13.039057852527334,12.175139098760248,12.097512572298273,12.097512572298273,13.040614005465933,12.752122369897371,0.00311230587719713
Madrid,2022,8,406755.0,480915.0,193907.0,480915.0,461468.0,460034.0,193907.0,-0.16747950072648443,13.08344789766259,13.04217015840453,13.039057852527334,12.175139098760248,12.175139098760248,13.06280902803356,13.054891969531484,0.04127773925805833
Madrid,2023,5,549782.0,406755.0,460034.0,406755.0,480915.0,461468.0,460034.0,0.3013107974307303,12.915968776048087,13.08344789766259,13.04217015840453,13.039057852527334,13.039057852527334,12.999708336855338,13.013862277371736,-0.16747912161450174
Madrid,2023,6,547220.0,549782.0,461468.0,549782.0,406755.0,480915.0,461468.0,-0.00467092066930519,13.217278933900571,12.915968776048087,13.08344789766259,13.04217015840453,13.04217015840453,13.06662385497433,13.07223186920375,0.30131015785248394
Madrid,2023,7,562376.0,547220.0,480915.0,547220.0,549782.0,406755.0,480915.0,0.027319749984663133,13.212608021747075,13.217278933900571,12.915968776048087,13.08344789766259,13.08344789766259,13.214943477823823,13.115285243898578,-0.004670912153496687
Madrid,2023,8,532784.0,562376.0,406755.0,562376.0,547220.0,549782.0,406755.0,-0.05405457658744339,13.239927722483005,13.212608021747075,13.217278933900571,12.915968776048087,12.915968776048087,13.22626787211504,13.223271559376883,0.02731970073593004
Madrid,2024,5,648725.0,532784.0,549782.0,532784.0,562376.0,547220.0,549782.0,0.19689280934687048,13.185873244658856,13.239927722483005,13.212608021747075,13.217278933900571,13.217278933900571,13.21290048357093,13.212802996296311,-0.05405447782414896
Madrid,2024,6,591215.0,648725.0,547220.0,648725.0,532784.0,562376.0,547220.0,-0.09282915665549218,13.382765718558279,13.185873244658856,13.239927722483005,13.212608021747075,13.212608021747075,13.284319481608566,13.269522228566712,0.19689247389942288
Madrid,2024,7,597887.0,591215.0,562376.0,591215.0,648725.0,532784.0,562376.0,0.01122203144751488,13.289936711849375,13.382765718558279,13.185873244658856,13.239927722483005,13.239927722483005,13.336351215203827,13.286191891688837,-0.0928290067089037
Madrid,2024,8,555803.0,597887.0,532784.0,597887.0,591215.0,648725.0,532784.0,-0.07298785796525031,13.301158724421725,13.289936711849375,13.382765718558279,13.185873244658856,13.185873244658856,13.29554771813555,13.324620384943126,0.011222012572350337
Melilla,2018,5,1492.0,3016.0,1316.0,3016.0,1883.0,1085.0,1316.0,-0.7038139483641412,8.012018239159062,7.5411524551363085,6.990256500493881,7.183111701743281,7.183111701743281,7.776585347147686,7.514475731596417,0.47086578402275325
Melilla,2018,6,1537.0,1492.0,1085.0,1492.0,3016.0,1883.0,1085.0,0.029714962774890274,7.30854279753919,8.012018239159062,7.5411524551363085,6.990256500493881,6.990256500493881,7.660280518349126,7.620571163944853,-0.7034754416198714
Melilla,2018,7,2010.0,1537.0,1883.0,1537.0,1492.0,3016.0,1883.0,0.2683022575145255,7.338238150065589,7.30854279753919,8.012018239159062,7.5411524551363085,7.5411524551363085,7.323390473802389,7.552933062254613,0.029695352526398544
Melilla,2018,8,3823.0,2010.0,3016.0,2010.0,1537.0,1492.0,3016.0,0.6429007326432918,7.606387389772652,7.338238150065589,7.30854279753919,8.012018239159062,8.012018239159062,7.472312769919121,7.4177227791258105,0.2681492397070633
Melilla,2019,5,893.0,3823.0,1492.0,3823.0,2010.0,1537.0,1492.0,-1.4542041528199148,8.249052274171293,7.606387389772652,7.338238150065589,7.30854279753919,7.30854279753919,7.927719831971972,7.731225938003178,0.6426648843986404
Melilla,2019,6,1373.0,893.0,1537.0,893.0,3823.0,2010.0,1537.0,0.4301668248914723,6.795705775173514,8.249052274171293,7.606387389772652,7.338238150065589,7.338238150065589,7.522379024672404,7.550381813039153,-1.453346498997779
Melilla,2019,7,2342.0,1373.0,2010.0,1373.0,893.0,3823.0,2010.0,0.5340071383896916,7.2254814727822945,6.795705775173514,8.249052274171293,7.606387389772652,7.606387389772652,7.010593623977904,7.423413174042366,0.42977569760878076
Melilla,2019,8,4026.0,2342.0,3823.0,2342.0,1373.0,893.0,3823.0,0.5417680620420748,7.759187438507795,7.2254814727822945,6.795705775173514,8.249052274171293,8.249052274171293,7.492334455645045,7.260124895487867,0.5337059657255008
Melilla,2022,5,1055.0,396.0,332.0,396.0,369.0,336.0,332.0,0.9798818346556866,5.983936280687191,5.91350300563827,5.820082930352362,5.808142489980444,5.808142489980444,5.948719643162731,5.905840738892607,0.07043327504892094
Melilla,2022,6,616.0,1055.0,336.0,1055.0,396.0,369.0,336.0,-0.5380490823766477,6.962243464266207,5.983936280687191,5.91350300563827,5.820082930352362,5.820082930352362,6.473089872476699,6.2865609168638885,0.978307183579016
Melilla,2022,7,1779.0,616.0,369.0,616.0,1055.0,396.0,369.0,1.0605597241323155,6.424869023905388,6.962243464266207,5.983936280687191,5.91350300563827,5.91350300563827,6.693556244085798,6.457016256286262,-0.5373744403608187
Melilla,2022,8,2676.0,1779.0,396.0,1779.0,616.0,1055.0,396.0,0.40827173358228386,7.484368643286131,6.424869023905388,6.962243464266207,5.983936280687191,5.983936280687191,6.9546188335957595,6.957160377152576,1.0594996193807429
Melilla,2023,5,787.0,2676.0,1055.0,2676.0,1779.0,616.0,1055.0,-1.2238501728307156,7.892452043520352,7.484368643286131,6.424869023905388,6.962243464266207,6.962243464266207,7.688410343403241,7.267229903570623,0.4080834002342213
Melilla,2023,6,563.0,787.0,616.0,787.0,2676.0,1779.0,616.0,-0.33494862027771255,6.669498089857879,7.892452043520352,7.484368643286131,6.424869023905388,6.424869023905388,7.280975066689116,7.348772925554788,-1.222953953662473
Melilla,2023,7,1271.0,563.0,1779.0,563.0,787.0,2676.0,1779.0,0.8142796430497636,6.335054251498059,6.669498089857879,7.892452043520352,7.484368643286131,7.484368643286131,6.50227617067797,6.965668128292097,-0.33444383835982006
Melilla,2023,8,2561.0,1271.0,2676.0,1271.0,563.0,787.0,2676.0,0.7005938150100715,7.148345743900068,6.335054251498059,6.669498089857879,7.892452043520352,7.892452043520352,6.7416999976990635,6.717632695085335,0.8132914924020085
Melilla,2024,5,707.0,2561.0,787.0,2561.0,1271.0,563.0,787.0,-1.2871224203029525,7.848543482456679,7.148345743900068,6.335054251498059,6.669498089857879,6.669498089857879,7.498444613178373,7.110647825951602,0.7001977385566116
Melilla,2024,6,882.0,707.0,563.0,707.0,2561.0,1271.0,563.0,0.2211613901102183,6.56244409369372,7.848543482456679,7.148345743900068,6.335054251498059,6.335054251498059,7.2054937880751995,7.186444440016822,-1.2860993887629597
Melilla,2024,7,1155.0,882.0,1271.0,882.0,707.0,2561.0,1271.0,0.2696635669491023,6.78332520060396,6.56244409369372,7.848543482456679,7.148345743900068,7.148345743900068,6.672884647148839,7.064770925584786,0.2208811069102401
Melilla,2024,8,3378.0,1155.0,2561.0,1155.0,882.0,707.0,2561.0,1.0731834744118514,7.052721049232323,6.78332520060396,6.56244409369372,7.848543482456679,7.848543482456679,6.918023124918141,6.799496781176668,0.2693958486283634
Murcia,2018,5,28661.0,33216.0,25506.0,33216.0,29898.0,27882.0,25506.0,-0.14749437391679265,10.41081707204541,10.305580314003434,10.23577246310278,10.146708203279516,10.146708203279516,10.358198693024422,10.317389949717208,0.10523675804197552
Murcia,2018,6,27971.0,28661.0,27882.0,28661.0,33216.0,29898.0,27882.0,-0.024369054459807415,10.263327482618017,10.41081707204541,10.305580314003434,10.23577246310278,10.23577246310278,10.337072277331714,10.326574956222288,-0.14748958942739243
Murcia,2018,7,29292.0,27971.0,29898.0,27971.0,28661.0,33216.0,29898.0,0.04614618203200038,10.238959288823757,10.263327482618017,10.41081707204541,10.305580314003434,10.305580314003434,10.251143385720887,10.304367947829062,-0.024368193794259696
Murcia,2018,8,34472.0,29292.0,33216.0,29292.0,27971.0,28661.0,33216.0,0.16283295911471285,10.285103858612302,10.238959288823757,10.263327482618017,10.41081707204541,10.41081707204541,10.26203157371803,10.262463543351359,0.0461445697885452
Murcia,2019,5,29592.0,34472.0,28661.0,34472.0,29292.0,27971.0,28661.0,-0.15264334578338357,10.447931687925744,10.285103858612302,10.238959288823757,10.263327482618017,10.263327482618017,10.366517773269024,10.323998278453935,0.16282782931344109
Murcia,2019,6,30501.0,29592.0,27971.0,29592.0,34472.0,29292.0,27971.0,0.030255415430980648,10.295293125858327,10.447931687925744,10.285103858612302,10.238959288823757,10.238959288823757,10.371612406892035,10.342776224132125,-0.15263856206741622
Murcia,2019,7,31918.0,30501.0,29292.0,30501.0,29592.0,34472.0,29292.0,0.04541064401586148,10.32554753421613,10.295293125858327,10.447931687925744,10.285103858612302,10.285103858612302,10.310420330037228,10.3562574493334,0.03025440835780202
Murcia,2019,8,36446.0,31918.0,34472.0,31918.0,30501.0,29592.0,34472.0,0.13266159908686959,10.3709567227522,10.32554753421613,10.295293125858327,10.447931687925744,10.447931687925744,10.348252128484166,10.330599127608886,0.045409188536071454
Murcia,2022,5,28140.0,23796.0,7499.0,23796.0,16397.0,12673.0,7499.0,0.16767455236058382,10.077314801294376,9.704914655156124,9.447307929883463,8.922658299524402,8.922658299524402,9.89111472822525,9.743179128777989,0.37240014613825245
Murcia,2022,6,28600.0,28140.0,12673.0,28140.0,23796.0,16397.0,12673.0,0.01621466613956457,10.24498286663967,10.077314801294376,9.704914655156124,9.447307929883463,9.447307929883463,10.161148833967022,10.009070774363389,0.16766806534529444
Murcia,2022,7,35545.0,28600.0,16397.0,28600.0,28140.0,23796.0,16397.0,0.21739278155564,10.261196961231647,10.24498286663967,10.077314801294376,9.704914655156124,9.704914655156124,10.253089913935659,10.194498209721898,0.016214094591976647
Murcia,2022,8,41286.0,35545.0,23796.0,35545.0,28600.0,28140.0,23796.0,0.1497239600669502,10.478582911319936,10.261196961231647,10.24498286663967,10.077314801294376,10.077314801294376,10.369889936275792,10.328254246397085,0.2173859500882891
Murcia,2023,5,26976.0,41286.0,28140.0,41286.0,35545.0,28600.0,28140.0,-0.4255758776289529,10.62830295942287,10.478582911319936,10.261196961231647,10.24498286663967,10.24498286663967,10.553442935371404,10.456027610658152,0.1497200481029335
Murcia,2023,6,29942.0,26976.0,28600.0,26976.0,41286.0,35545.0,28600.0,0.10431459520819963,10.202739930102645,10.62830295942287,10.478582911319936,10.261196961231647,10.261196961231647,10.415521444762756,10.43654193361515,-0.42556302932022483
Murcia,2023,7,36522.0,29942.0,35545.0,29942.0,26976.0,41286.0,35545.0,0.19865264171219899,10.307050853354696,10.202739930102645,10.62830295942287,10.478582911319936,10.478582911319936,10.25489539172867,10.37936458096007,0.10431092325205071
Murcia,2023,8,41692.0,36522.0,41286.0,36522.0,29942.0,26976.0,41286.0,0.13239444513723342,10.505697478103938,10.307050853354696,10.202739930102645,10.62830295942287,10.62830295942287,10.406374165729318,10.338496087187094,0.19864662474924266
Murcia,2024,5,30109.0,41692.0,26976.0,41692.0,36522.0,29942.0,26976.0,-0.32548513349257213,10.638088527988433,10.505697478103938,10.307050853354696,10.202739930102645,10.202739930102645,10.571893003046185,10.483612286482355,0.1323910498844949
Murcia,2024,6,29481.0,30109.0,29942.0,30109.0,41692.0,36522.0,29942.0,-0.021078142336104833,10.312612621475779,10.638088527988433,10.505697478103938,10.307050853354696,10.307050853354696,10.475350574732106,10.485466209189383,-0.32547590651265423
Murcia,2024,7,41339.0,29481.0,36522.0,29481.0,30109.0,41692.0,36522.0,0.3380603762658172,10.291535186607224,10.312612621475779,10.638088527988433,10.505697478103938,10.505697478103938,10.302073904041501,10.41407877869048,-0.0210774348685554
Murcia,2024,8,47067.0,41339.0,41692.0,41339.0,29481.0,30109.0,41692.0,0.12976575420471193,10.62958583323576,10.291535186607224,10.312612621475779,10.638088527988433,10.638088527988433,10.460560509921493,10.411244547106255,0.33805064662853646
Málaga,2018,5,403078.0,368198.0,396917.0,368198.0,367828.0,386774.0,396917.0,0.09050925465200876,12.816378831862163,12.815373435243647,12.86559840758727,12.891484989216732,12.891484989216732,12.815876133552905,12.832450224897693,0.0010053966185168406
Málaga,2018,6,392129.0,403078.0,386774.0,403078.0,368198.0,367828.0,386774.0,-0.027539224318076094,12.906887851494169,12.816378831862163,12.815373435243647,12.86559840758727,12.86559840758727,12.861633341678166,12.846213372866659,0.0905090196320053
Málaga,2018,7,366346.0,392129.0,367828.0,392129.0,403078.0,368198.0,367828.0,-0.06801262526180629,12.879348696447707,12.906887851494169,12.816378831862163,12.815373435243647,12.815373435243647,12.893118273970938,12.867538459934678,-0.02753915504646187
Málaga,2018,8,348963.0,366346.0,368198.0,366346.0,392129.0,403078.0,368198.0,-0.048612342635594885,12.811336250664175,12.879348696447707,12.906887851494169,12.816378831862163,12.816378831862163,12.845342473555942,12.865857599535351,-0.06801244578353227
Málaga,2019,5,405405.0,348963.0,403078.0,348963.0,366346.0,392129.0,403078.0,0.1499206680493934,12.762724044001581,12.811336250664175,12.879348696447707,12.906887851494169,12.906887851494169,12.787030147332878,12.817802997037822,-0.04861220666259314
Málaga,2019,6,393984.0,405405.0,392129.0,405405.0,348963.0,366346.0,392129.0,-0.02857626810331837,12.912644313087851,12.762724044001581,12.811336250664175,12.879348696447707,12.879348696447707,12.837684178544716,12.82890153591787,0.14992026908626954
Málaga,2019,7,369492.0,393984.0,366346.0,393984.0,405405.0,348963.0,366346.0,-0.0641812100619994,12.88406811648936,12.912644313087851,12.762724044001581,12.811336250664175,12.811336250664175,12.898356214788606,12.853145491192931,-0.02857619659849142
Málaga,2019,8,365752.0,369492.0,348963.0,369492.0,393984.0,405405.0,348963.0,-0.010173581173027912,12.819887074671323,12.88406811648936,12.912644313087851,12.762724044001581,12.762724044001581,12.85197759558034,12.87219983474951,-0.06418104181803663
Málaga,2022,5,374336.0,220569.0,54272.0,220569.0,174818.0,89994.0,54272.0,0.5289432187144616,12.303970383806634,12.071506431948801,11.40750939221358,10.90178214468937,10.90178214468937,12.187738407877717,11.927662069323006,0.23246395185783264
Málaga,2022,6,352500.0,374336.0,89994.0,374336.0,220569.0,174818.0,89994.0,-0.060103167568236415,12.83291174019595,12.303970383806634,12.071506431948801,11.40750939221358,11.40750939221358,12.568441062001291,12.40279618531713,0.5289413563893159
Málaga,2022,7,351335.0,352500.0,174818.0,352500.0,374336.0,220569.0,174818.0,-0.003310437997361859,12.77280873810987,12.83291174019595,12.303970383806634,12.071506431948801,12.071506431948801,12.80286023915291,12.636563620704152,-0.06010300208608044
Málaga,2022,8,343423.0,351335.0,220569.0,351335.0,352500.0,374336.0,220569.0,-0.022777260748501504,12.769498309519358,12.77280873810987,12.83291174019595,12.303970383806634,12.303970383806634,12.771153523814615,12.791739595941726,-0.0033104285905114494
Málaga,2023,5,441821.0,343423.0,374336.0,343423.0,351335.0,352500.0,374336.0,0.2519418991701876,12.746721114345242,12.769498309519358,12.77280873810987,12.83291174019595,12.83291174019595,12.758109711932299,12.763009387324823,-0.02277719517411647
Málaga,2023,6,371988.0,441821.0,352500.0,441821.0,343423.0,351335.0,352500.0,-0.17204322698832009,12.998662365016273,12.746721114345242,12.769498309519358,12.77280873810987,12.77280873810987,12.872691739680757,12.838293929626957,0.251941250671031
Málaga,2023,7,386126.0,371988.0,351335.0,371988.0,441821.0,343423.0,351335.0,0.03730214538196108,12.826619562925613,12.998662365016273,12.746721114345242,12.769498309519358,12.769498309519358,12.912640963970944,12.857334347429044,-0.17204280209065992
Málaga,2023,8,409226.0,386126.0,343423.0,386126.0,371988.0,441821.0,343423.0,0.05810382960061489,12.863921609877265,12.826619562925613,12.998662365016273,12.746721114345242,12.746721114345242,12.845270586401439,12.89640117927305,0.037302046951651846
Málaga,2024,5,454999.0,409226.0,441821.0,409226.0,386126.0,371988.0,441821.0,0.10602765047543272,12.922025293287557,12.863921609877265,12.826619562925613,12.998662365016273,12.998662365016273,12.89297345158241,12.870855488696812,0.05810368341029282
Málaga,2024,6,400979.0,454999.0,371988.0,454999.0,409226.0,386126.0,371988.0,-0.12638616428838212,13.028052697933088,12.922025293287557,12.863921609877265,12.826619562925613,12.826619562925613,12.975038995610323,12.937999867032637,0.10602740464553051
Málaga,2024,7,397222.0,400979.0,386126.0,400979.0,454999.0,409226.0,386126.0,-0.0094137385067814,12.901666829733172,13.028052697933088,12.922025293287557,12.863921609877265,12.863921609877265,12.964859763833129,12.950581606984604,-0.12638586819991637
Málaga,2024,8,407909.0,397222.0,409226.0,397222.0,400979.0,454999.0,409226.0,0.026548791960356866,12.892253114814066,12.901666829733172,13.028052697933088,12.922025293287557,12.922025293287557,12.896959972273619,12.940657547493442,-0.009413714919105587
Navarra,2018,5,38908.0,40511.0,34189.0,40511.0,39100.0,31946.0,34189.0,-0.04037365716562746,10.609353505503847,10.573903321093981,10.371833558683493,10.439688482633347,10.439688482633347,10.591628413298913,10.518363461760439,0.035450184409866026
Navarra,2018,6,28457.0,38908.0,31946.0,38908.0,40511.0,39100.0,31946.0,-0.3128057090049321,10.568980865314236,10.609353505503847,10.573903321093981,10.371833558683493,10.371833558683493,10.589167185409043,10.584079230637355,-0.040372640189611175
Navarra,2018,7,37736.0,28457.0,39100.0,28457.0,38908.0,40511.0,39100.0,0.282220369979699,10.256184595105637,10.568980865314236,10.609353505503847,10.573903321093981,10.573903321093981,10.412582730209937,10.47817298864124,-0.3127962702085991
Navarra,2018,8,41087.0,37736.0,40511.0,37736.0,28457.0,38908.0,40511.0,0.08507722378313076,10.538396324506982,10.256184595105637,10.568980865314236,10.609353505503847,10.609353505503847,10.39729045980631,10.45452059497562,0.28221172940134487
Navarra,2019,5,33698.0,41087.0,38908.0,41087.0,37736.0,28457.0,38908.0,-0.19825328134889908,10.623471387049634,10.538396324506982,10.256184595105637,10.568980865314236,10.568980865314236,10.580933855778309,10.472684102220752,0.08507506254265174
Navarra,2019,6,31388.0,33698.0,28457.0,33698.0,41087.0,37736.0,28457.0,-0.0710128341509666,10.42522344230968,10.623471387049634,10.538396324506982,10.256184595105637,10.256184595105637,10.524347414679657,10.529030384622098,-0.1982479447399541
Navarra,2019,7,39137.0,31388.0,37736.0,31388.0,33698.0,41087.0,37736.0,0.22064265683459539,10.354212792049157,10.42522344230968,10.623471387049634,10.538396324506982,10.538396324506982,10.389718117179418,10.467635873802823,-0.07101065026052211
Navarra,2019,8,43776.0,39137.0,41087.0,39137.0,31388.0,33698.0,41087.0,0.11201741090026296,10.574849141024151,10.354212792049157,10.42522344230968,10.623471387049634,10.623471387049634,10.464530966536653,10.451428458460995,0.22063634897499362
Navarra,2022,5,32934.0,24286.0,5925.0,24286.0,16395.0,7856.0,5925.0,0.30460550616418125,10.097696506752222,9.704792681624228,8.969160133175821,8.68710472813351,8.68710472813351,9.901244594188224,9.590549773850755,0.39290382512799304
Navarra,2022,6,29313.0,32934.0,7856.0,32934.0,24286.0,16395.0,7856.0,-0.11647445516549126,10.402291201074794,10.097696506752222,9.704792681624228,8.969160133175821,8.969160133175821,10.249993853913509,10.068260129817082,0.3045946943225726
Navarra,2022,7,34930.0,29313.0,16395.0,29313.0,32934.0,24286.0,16395.0,0.17531495518842455,10.285820496587245,10.402291201074794,10.097696506752222,9.704792681624228,9.704792681624228,10.344055848831019,10.261936068138086,-0.11647070448754882
Navarra,2022,8,45586.0,34930.0,24286.0,34930.0,29313.0,32934.0,24286.0,0.2662545930182052,10.461129966077028,10.285820496587245,10.402291201074794,10.097696506752222,10.097696506752222,10.373475231332137,10.38308055457969,0.17530946948978254
Navarra,2023,5,40688.0,45586.0,32934.0,45586.0,34930.0,29313.0,32934.0,-0.11366744315718158,10.72737786713795,10.461129966077028,10.285820496587245,10.402291201074794,10.402291201074794,10.594253916607489,10.49144277660074,0.2662479010609218
Navarra,2023,6,31633.0,40688.0,29313.0,40688.0,45586.0,34930.0,29313.0,-0.25173232919530797,10.613713064630824,10.72737786713795,10.461129966077028,10.285820496587245,10.285820496587245,10.670545465884388,10.600740299281934,-0.11366480250712563
Navarra,2023,7,37860.0,31633.0,34930.0,31633.0,40688.0,45586.0,34930.0,0.17969426629671936,10.361987770523434,10.613713064630824,10.72737786713795,10.461129966077028,10.461129966077028,10.487850417577128,10.567692900764069,-0.25172529410738953
Navarra,2023,8,40198.0,37860.0,45586.0,37860.0,31633.0,40688.0,45586.0,0.0599220973623833,10.541676837515393,10.361987770523434,10.613713064630824,10.72737786713795,10.72737786713795,10.451832304019414,10.505792557556552,0.1796890669919584
Navarra,2024,5,40802.0,40198.0,40688.0,40198.0,37860.0,31633.0,40688.0,0.014913856672977843,10.601597398675818,10.541676837515393,10.361987770523434,10.613713064630824,10.613713064630824,10.571637118095605,10.501754002238215,0.05992056116042477
Navarra,2024,6,29943.0,40802.0,31633.0,40802.0,40198.0,37860.0,31633.0,-0.3094355254439787,10.616510887100864,10.601597398675818,10.541676837515393,10.361987770523434,10.361987770523434,10.60905414288834,10.586595041097357,0.01491348842504614
Navarra,2024,7,38688.0,29943.0,37860.0,29943.0,40802.0,40198.0,37860.0,0.25623390005982394,10.307084249584264,10.616510887100864,10.601597398675818,10.541676837515393,10.541676837515393,10.461797568342565,10.508397511786983,-0.3094266375165997
Navarra,2024,8,44852.0,38688.0,40198.0,38688.0,29943.0,40802.0,40198.0,0.14783870616625094,10.563310600888576,10.307084249584264,10.616510887100864,10.601597398675818,10.601597398675818,10.43519742523642,10.495635245857903,0.2562263513043117
Ourense,2018,5,4070.0,4695.0,3218.0,4695.0,3617.0,3904.0,3218.0,-0.1428551132057212,8.454466361507933,8.193676665955241,8.270013062273787,8.076826031298808,8.076826031298808,8.324071513731587,8.30605202991232,0.2607896955526918
Ourense,2018,6,3554.0,4070.0,3904.0,4070.0,4695.0,3617.0,3904.0,-0.13556926972204408,8.31164394850298,8.454466361507933,8.193676665955241,8.270013062273787,8.270013062273787,8.383055155005456,8.319928991988718,-0.14282241300495357
Ourense,2018,7,5506.0,3554.0,3617.0,3554.0,4070.0,4695.0,3617.0,0.43776467698795507,8.176110342237342,8.31164394850298,8.454466361507933,8.193676665955241,8.193676665955241,8.24387714537016,8.314073550749418,-0.13553360626563737
Ourense,2018,8,5920.0,5506.0,4695.0,5506.0,3554.0,4070.0,4695.0,0.07249804217549816,8.613775289262481,8.176110342237342,8.31164394850298,8.454466361507933,8.454466361507933,8.39494281574991,8.3671765266676,0.43766494702513903
Ourense,2019,5,4309.0,5920.0,4070.0,5920.0,5506.0,3554.0,4070.0,-0.31763059026221185,8.686260632531775,8.613775289262481,8.176110342237342,8.31164394850298,8.31164394850298,8.650017960897127,8.4920487546772,0.07248534326929423
Ourense,2019,6,4715.0,4309.0,3554.0,4309.0,5920.0,5506.0,3554.0,0.09004305745171948,8.368693183097793,8.686260632531775,8.613775289262481,8.176110342237342,8.176110342237342,8.527476907814783,8.556243034964016,-0.31756744943398196
Ourense,2019,7,3977.0,4715.0,5506.0,4715.0,4309.0,5920.0,5506.0,-0.17022114985986825,8.458716261657262,8.368693183097793,8.686260632531775,8.613775289262481,8.613775289262481,8.413704722377528,8.504556692428944,0.09002307855946867
Ourense,2019,8,5835.0,3977.0,5920.0,3977.0,4715.0,4309.0,5920.0,0.3833464995129656,8.288534459413917,8.458716261657262,8.368693183097793,8.686260632531775,8.686260632531775,8.37362536053559,8.371981301389658,-0.170181802243345
Ourense,2022,5,3530.0,3603.0,1158.0,3603.0,2183.0,2243.0,1158.0,-0.020468960820750226,8.189799618728228,7.688913336864796,7.716015266642587,7.055312843339752,7.055312843339752,7.939356477796512,7.8649094074118695,0.5008862818634325
Ourense,2022,6,4128.0,3530.0,2243.0,3530.0,3603.0,2183.0,2243.0,0.15649515723405472,8.169336395928386,8.189799618728228,7.688913336864796,7.716015266642587,7.716015266642587,8.179568007328307,8.016016450507136,-0.02046322279984203
Ourense,2022,7,4180.0,4128.0,2183.0,4128.0,3530.0,3603.0,2183.0,0.012518218357403299,8.32579052588609,8.169336395928386,8.189799618728228,7.688913336864796,7.688913336864796,8.247563460907237,8.228308846847568,0.15645412995770336
Ourense,2022,8,5437.0,4180.0,3603.0,4180.0,4128.0,3530.0,3603.0,0.2629161916271201,8.338305731356565,8.32579052588609,8.169336395928386,8.189799618728228,8.189799618728228,8.332048128621327,8.277810884390346,0.01251520547047491
Ourense,2023,5,3541.0,5437.0,3530.0,5437.0,4180.0,4128.0,3530.0,-0.42881826503401754,8.601166625192416,8.338305731356565,8.32579052588609,8.169336395928386,8.169336395928386,8.469736178274491,8.421754294145025,0.26286089383585143
Ourense,2023,6,4064.0,3541.0,4128.0,3541.0,5437.0,4180.0,4128.0,0.13775853714641428,8.17244681834278,8.601166625192416,8.338305731356565,8.32579052588609,8.32579052588609,8.386806721767599,8.37063972496392,-0.42871980684963695
Ourense,2023,7,3554.0,4064.0,4180.0,4064.0,3541.0,5437.0,4180.0,-0.1340939805437209,8.310169021981912,8.17244681834278,8.601166625192416,8.338305731356565,8.338305731356565,8.241307920162345,8.361260821839036,0.13772220363913235
Ourense,2023,8,6165.0,3554.0,5437.0,3554.0,4064.0,3541.0,5437.0,0.5508144068838465,8.176110342237342,8.310169021981912,8.17244681834278,8.601166625192416,8.601166625192416,8.243139682109627,8.219575394187345,-0.13405867974456953
Ourense,2024,5,5621.0,6165.0,3541.0,6165.0,3554.0,4064.0,3541.0,-0.09237855259636873,8.726805608446096,8.176110342237342,8.310169021981912,8.17244681834278,8.17244681834278,8.451457975341718,8.404361657555116,0.5506952662087539
Ourense,2024,6,5234.0,5621.0,4064.0,5621.0,6165.0,3554.0,4064.0,-0.07133377991198309,8.634442751466477,8.726805608446096,8.176110342237342,8.310169021981912,8.310169021981912,8.680624179956286,8.512452900716639,-0.09236285697961932
Ourense,2024,7,4810.0,5234.0,3554.0,5234.0,5621.0,6165.0,3554.0,-0.084478719990285,8.563122123304638,8.634442751466477,8.726805608446096,8.176110342237342,8.176110342237342,8.598782437385557,8.64145682773907,-0.07132062816183904
Ourense,2024,8,6456.0,4810.0,6165.0,4810.0,5234.0,5621.0,6165.0,0.29431284684997827,8.478660241699453,8.563122123304638,8.634442751466477,8.726805608446096,8.726805608446096,8.520891182502044,8.558741705490188,-0.08446188160518453
Palencia,2018,5,6849.0,8699.0,7595.0,8699.0,6860.0,5783.0,7595.0,-0.23910542030963455,9.071078304642676,8.833608482690892,8.6628507638386,8.935377071932177,8.935377071932177,8.952343393666784,8.855845850390722,0.2374698219517839
Palencia,2018,6,6014.0,6849.0,5783.0,6849.0,8699.0,6860.0,5783.0,-0.13001257164943247,8.83200393125627,9.071078304642676,8.833608482690892,8.6628507638386,8.6628507638386,8.951541117949473,8.912230239529945,-0.23907437338640491
Palencia,2018,7,5810.0,6014.0,6860.0,6014.0,6849.0,8699.0,6860.0,-0.03450951370251687,8.70201162840878,8.83200393125627,9.071078304642676,8.833608482690892,8.833608482690892,8.767007779832525,8.868364621435909,-0.12999230284749075
Palencia,2018,8,7426.0,5810.0,8699.0,5810.0,6014.0,6849.0,8699.0,0.2454067848910686,8.667507952075105,8.70201162840878,8.83200393125627,9.071078304642676,9.071078304642676,8.684759790241943,8.733841170580051,-0.03450367633367435
Palencia,2019,5,6124.0,7426.0,6849.0,7426.0,5810.0,6014.0,6849.0,-0.1927718779594514,8.912877287669296,8.667507952075105,8.70201162840878,8.83200393125627,8.83200393125627,8.790192619872201,8.76079895605106,0.24536933559419083
Palencia,2019,6,5568.0,6124.0,6014.0,6124.0,7426.0,5810.0,6014.0,-0.09517955476331785,8.720134035412928,8.912877287669296,8.667507952075105,8.70201162840878,8.70201162840878,8.816505661541111,8.766839758385776,-0.1927432522563688
Palencia,2019,7,5882.0,5568.0,5810.0,5568.0,6124.0,7426.0,5810.0,0.05486091709968477,8.624970783589669,8.720134035412928,8.912877287669296,8.667507952075105,8.667507952075105,8.672552409501298,8.752660702223965,-0.09516325182325858
Palencia,2019,8,8296.0,5882.0,7426.0,5882.0,5568.0,6124.0,7426.0,0.34387663079542286,8.679822114864455,8.624970783589669,8.720134035412928,8.912877287669296,8.912877287669296,8.652396449227062,8.67497564462235,0.054851331274786475
Palencia,2022,5,6288.0,2825.0,1233.0,2825.0,2743.0,1122.0,1233.0,0.800134690528501,7.946617563244473,7.917171988845776,7.023758954738443,7.1180162044653335,7.1180162044653335,7.931894776045125,7.629182835609565,0.02944557439869744
Palencia,2022,6,5648.0,6288.0,1122.0,6288.0,2825.0,2743.0,1122.0,-0.10734155493596376,8.746557354543503,7.946617563244473,7.917171988845776,7.023758954738443,7.023758954738443,8.346587458893989,8.203448968877918,0.79993979129903
Palencia,2022,7,6024.0,5648.0,2743.0,5648.0,6288.0,2825.0,2743.0,0.06444999030665066,8.639233817325263,8.746557354543503,7.946617563244473,7.917171988845776,7.917171988845776,8.692895585934384,8.444136245037747,-0.10732353721824062
Palencia,2022,8,8413.0,6024.0,2825.0,6024.0,5648.0,6288.0,2825.0,0.33402663807108546,8.703672758358856,8.639233817325263,8.746557354543503,7.946617563244473,7.946617563244473,8.67145328784206,8.69648797674254,0.06443894103359327
Palencia,2023,5,7451.0,8413.0,6288.0,8413.0,6024.0,5648.0,6288.0,-0.1214298769970874,9.037652264150466,8.703672758358856,8.639233817325263,8.746557354543503,8.746557354543503,8.870662511254661,8.793519613278194,0.3339795057916106
Palencia,2023,6,4382.0,7451.0,5648.0,7451.0,8413.0,6024.0,5648.0,-0.5308430103983142,8.916237731721479,9.037652264150466,8.703672758358856,8.639233817325263,8.639233817325263,8.976944997935973,8.885854251410267,-0.1214145324289877
Palencia,2023,7,6414.0,4382.0,6024.0,4382.0,7451.0,8413.0,6024.0,0.38097786009768697,8.38548870041881,8.916237731721479,9.037652264150466,8.703672758358856,8.703672758358856,8.650863216070144,8.779792898763585,-0.530749031302669
Palencia,2023,8,8914.0,6414.0,8413.0,6414.0,4382.0,7451.0,8413.0,0.32913997325340105,8.766394277049736,8.38548870041881,8.916237731721479,9.037652264150466,9.037652264150466,8.575941488734273,8.689373569730009,0.3809055766309264
Palencia,2024,5,8143.0,8914.0,7451.0,8914.0,6414.0,4382.0,7451.0,-0.09046441203936872,9.09549053029724,8.766394277049736,8.38548870041881,8.916237731721479,8.916237731721479,8.930942403673487,8.749124502588595,0.3290962532475046
Palencia,2024,6,7523.0,8143.0,4382.0,8143.0,8914.0,6414.0,4382.0,-0.07919366790691029,9.005036738790304,9.09549053029724,8.766394277049736,8.38548870041881,8.38548870041881,9.050263634543771,8.955640515379093,-0.09045379150693655
Palencia,2024,7,6841.0,7523.0,6414.0,7523.0,8143.0,8914.0,6414.0,-0.09503107479922335,8.925853190420922,9.005036738790304,9.09549053029724,8.766394277049736,8.766394277049736,8.965444964605613,9.008793486502823,-0.07918354836938235
Palencia,2024,8,7437.0,6841.0,8914.0,6841.0,7523.0,8143.0,8914.0,0.0835336219423013,8.830835365537549,8.925853190420922,9.005036738790304,9.09549053029724,9.09549053029724,8.878344277979235,8.920575098249591,-0.09501782488337263
Pontevedra,2018,5,34219.0,49286.0,30794.0,49286.0,44086.0,38511.0,30794.0,-0.3648590197004342,10.805415633574446,10.693920233396923,10.558725160022853,10.335107618121144,10.335107618121144,10.749667933485686,10.686020342331409,0.1114954001775228
Pontevedra,2018,6,38171.0,34219.0,38511.0,34219.0,49286.0,44086.0,38511.0,0.10929501963897792,10.440565547446184,10.805415633574446,10.693920233396923,10.558725160022853,10.558725160022853,10.622990590510316,10.646633804805852,-0.3648500861282624
Pontevedra,2018,7,43170.0,38171.0,44086.0,38171.0,34219.0,49286.0,44086.0,0.12306974456814856,10.549857541537145,10.440565547446184,10.805415633574446,10.693920233396923,10.693920233396923,10.495211544491664,10.598612907519259,0.10929199409096135
Pontevedra,2018,8,49896.0,43170.0,49286.0,43170.0,38171.0,34219.0,49286.0,0.14479502965643576,10.672924252515658,10.549857541537145,10.440565547446184,10.805415633574446,10.805415633574446,10.611390897026402,10.554449113832996,0.12306671097851307
Pontevedra,2019,5,45388.0,49896.0,34219.0,49896.0,43170.0,38171.0,34219.0,-0.094693086295079,10.817716159691836,10.672924252515658,10.549857541537145,10.440565547446184,10.440565547446184,10.745320206103747,10.680165984581548,0.1447919071761774
Pontevedra,2019,6,53235.0,45388.0,38171.0,45388.0,49896.0,43170.0,38171.0,0.1594683218378261,10.723025063923394,10.817716159691836,10.672924252515658,10.549857541537145,10.549857541537145,10.770370611807614,10.737888492043629,-0.09469109576844126
Pontevedra,2019,7,45784.0,53235.0,43170.0,53235.0,45388.0,49896.0,43170.0,-0.15078138965976784,10.882490138206446,10.723025063923394,10.817716159691836,10.672924252515658,10.672924252515658,10.80275760106492,10.807743787273893,0.15946507428305168
Pontevedra,2019,8,55712.0,45784.0,49896.0,45784.0,53235.0,45388.0,49896.0,0.19626087847897722,10.731711805541833,10.882490138206446,10.723025063923394,10.817716159691836,10.817716159691836,10.807100971874139,10.779075669223891,-0.15077833266461305
Pontevedra,2022,5,44016.0,30259.0,5479.0,30259.0,19722.0,16961.0,5479.0,0.3747595432947062,10.317581987342347,9.889540746403503,9.738730826921646,8.608860379942062,8.608860379942062,10.103561366872924,9.981951186889164,0.4280412409388443
Pontevedra,2022,6,44002.0,44016.0,16961.0,44016.0,30259.0,19722.0,16961.0,-0.0003181167515293737,10.692331201917552,10.317581987342347,9.889540746403503,9.738730826921646,9.738730826921646,10.504956594629949,10.299817978554467,0.37474921457520516
Pontevedra,2022,7,45052.0,44002.0,19722.0,44002.0,44016.0,30259.0,19722.0,0.023582290754761814,10.692013092394305,10.692331201917552,10.317581987342347,9.889540746403503,9.889540746403503,10.69217214715593,10.567308760551402,-0.0003181095232474007
Pontevedra,2022,8,54275.0,45052.0,30259.0,45052.0,44002.0,44016.0,30259.0,0.18624633757890408,10.715594853494096,10.692013092394305,10.692331201917552,10.317581987342347,10.317581987342347,10.7038039729442,10.699979715935319,0.023581761099791265
Pontevedra,2023,5,51829.0,54275.0,44016.0,54275.0,45052.0,44002.0,44016.0,-0.04611387759413077,10.901837419265844,10.715594853494096,10.692013092394305,10.692331201917552,10.692331201917552,10.80871613637997,10.769815121718082,0.1862425657717477
Pontevedra,2023,6,45859.0,51829.0,44002.0,51829.0,54275.0,45052.0,44002.0,-0.12237836647319433,10.855724411183752,10.901837419265844,10.715594853494096,10.692013092394305,10.692013092394305,10.878780915224798,10.824385561314564,-0.04611300808209151
Pontevedra,2023,7,49035.0,45859.0,45052.0,45859.0,51829.0,54275.0,45052.0,0.0669628571472547,10.733348556411896,10.855724411183752,10.901837419265844,10.715594853494096,10.715594853494096,10.794536483797824,10.830303462287164,-0.12237585477185675
Pontevedra,2023,8,67098.0,49035.0,54275.0,49035.0,45859.0,51829.0,54275.0,0.31361990842982124,10.800310001214886,10.733348556411896,10.855724411183752,10.901837419265844,10.901837419265844,10.76682927881339,10.79646098960351,0.06696144480299004
Pontevedra,2024,5,71866.0,67098.0,51829.0,67098.0,49035.0,45859.0,51829.0,0.06864903661175248,11.113924419719064,10.800310001214886,10.733348556411896,10.855724411183752,10.855724411183752,10.957117210466976,10.882527659115283,0.31361441850417826
Pontevedra,2024,6,66275.0,71866.0,45859.0,71866.0,67098.0,49035.0,45859.0,-0.0809905217107687,11.182572467557037,11.113924419719064,10.800310001214886,10.733348556411896,10.733348556411896,11.14824844363805,11.03226896283033,0.06864804783797318
Pontevedra,2024,7,57751.0,66275.0,49035.0,66275.0,71866.0,67098.0,49035.0,-0.13767208690579125,11.101583119689188,11.182572467557037,11.113924419719064,10.800310001214886,10.800310001214886,11.142077793623113,11.132693335655096,-0.08098934786784895
Pontevedra,2024,8,77389.0,57751.0,67098.0,57751.0,66275.0,71866.0,67098.0,0.2927039863634917,10.963913259818996,11.101583119689188,11.182572467557037,11.113924419719064,11.113924419719064,11.032748189754091,11.082689615688407,-0.13766985987019176
Salamanca,2018,5,32960.0,40681.0,34883.0,40681.0,37373.0,32131.0,34883.0,-0.2104664479411813,10.613541013162433,10.5287305544822,10.377607697293703,10.459783550346875,10.459783550346875,10.571135783822317,10.506626421646112,0.08481045868023251
Salamanca,2018,6,29482.0,32960.0,32131.0,32960.0,40681.0,37373.0,32131.0,-0.11151479741618431,10.403080323368991,10.613541013162433,10.5287305544822,10.377607697293703,10.377607697293703,10.508310668265711,10.515117297004542,-0.21046068979344135
Salamanca,2018,7,35973.0,29482.0,37373.0,29482.0,32960.0,40681.0,37373.0,0.19898874944031952,10.291569105033412,10.403080323368991,10.613541013162433,10.5287305544822,10.5287305544822,10.347324714201202,10.436063480521613,-0.11151121833557909
Salamanca,2018,8,40344.0,35973.0,40681.0,35973.0,29482.0,32960.0,40681.0,0.11467402770901813,10.490551734287916,10.291569105033412,10.403080323368991,10.613541013162433,10.613541013162433,10.391060419660665,10.395067054230106,0.1989826292545036
Salamanca,2019,5,35900.0,40344.0,32960.0,40344.0,35973.0,29482.0,32960.0,-0.1167053892801917,10.605222750282607,10.490551734287916,10.291569105033412,10.403080323368991,10.403080323368991,10.547887242285261,10.462447863201312,0.11467101599469132
Salamanca,2019,6,30679.0,35900.0,29482.0,35900.0,40344.0,35973.0,29482.0,-0.15715891405051075,10.488520429241627,10.605222750282607,10.490551734287916,10.291569105033412,10.291569105033412,10.546871589762116,10.528098304604049,-0.11670232104098055
Salamanca,2019,7,33660.0,30679.0,35973.0,30679.0,35900.0,40344.0,35973.0,0.0927318073189376,10.331366255481193,10.488520429241627,10.605222750282607,10.490551734287916,10.490551734287916,10.409943342361409,10.475036478335142,-0.15715417376043384
Salamanca,2019,8,41479.0,33660.0,40344.0,33660.0,30679.0,35900.0,40344.0,0.20887708630420754,10.424095176156737,10.331366255481193,10.488520429241627,10.605222750282607,10.605222750282607,10.377730715818965,10.414660620293185,0.09272892067554395
Salamanca,2022,5,24569.0,19962.0,4231.0,19962.0,13584.0,7592.0,4231.0,0.20765501939972353,9.901635839172654,9.516721521860449,8.934982049213234,8.350429973538136,8.350429973538136,9.709178680516551,9.451113136748779,0.38491431731220516
Salamanca,2022,6,23976.0,24569.0,7592.0,24569.0,19962.0,13584.0,7592.0,-0.024432155649757092,10.109281465515226,9.901635839172654,9.516721521860449,8.934982049213234,8.934982049213234,10.00545865234394,9.842546275516108,0.2076456263425719
Salamanca,2022,7,34909.0,23976.0,13584.0,23976.0,24569.0,19962.0,13584.0,0.3756913456049382,10.08485031650177,10.109281465515226,9.901635839172654,9.516721521860449,9.516721521860449,10.097065891008498,10.03192254039655,-0.024431149013455666
Salamanca,2022,8,39268.0,34909.0,19962.0,34909.0,23976.0,24569.0,19962.0,0.11766526221097529,10.460528600099082,10.08485031650177,10.109281465515226,9.901635839172654,9.901635839172654,10.272689458300427,10.218220127372026,0.3756782835973116
Salamanca,2023,5,29736.0,39268.0,24569.0,39268.0,34909.0,23976.0,24569.0,-0.27805150483532337,10.578190682516476,10.460528600099082,10.08485031650177,10.109281465515226,10.109281465515226,10.51935964130778,10.374523199705777,0.11766208241739484
Salamanca,2023,6,26766.0,29736.0,23976.0,29736.0,39268.0,34909.0,23976.0,-0.10522600762076806,10.300147340682555,10.578190682516476,10.460528600099082,10.08485031650177,10.08485031650177,10.439169011599516,10.446288874432705,-0.27804334183392143
Salamanca,2023,7,37465.0,26766.0,34909.0,26766.0,29736.0,39268.0,34909.0,0.336274738442091,10.194925064489325,10.300147340682555,10.578190682516476,10.460528600099082,10.460528600099082,10.247536202585941,10.357754362562787,-0.10522227619322955
Salamanca,2023,8,47450.0,37465.0,39268.0,37465.0,26766.0,29736.0,39268.0,0.23626936123966225,10.531189134021004,10.194925064489325,10.300147340682555,10.578190682516476,10.578190682516476,10.363057099255165,10.342087179730962,0.3362640695316781
Salamanca,2024,5,34686.0,47450.0,29736.0,47450.0,37465.0,26766.0,29736.0,-0.31334037772754186,10.767452878631598,10.531189134021004,10.194925064489325,10.300147340682555,10.300147340682555,10.6493210063263,10.497855692380641,0.23626374461059463
Salamanca,2024,6,28955.0,34686.0,26766.0,34686.0,47450.0,37465.0,26766.0,-0.18059324665064125,10.454120255970487,10.767452878631598,10.531189134021004,10.194925064489325,10.194925064489325,10.610786567301043,10.584254089541028,-0.31333262266111106
Salamanca,2024,7,37532.0,28955.0,37465.0,28955.0,34686.0,47450.0,37465.0,0.2594510017500493,10.273532715413031,10.454120255970487,10.767452878631598,10.531189134021004,10.531189134021004,10.36382648569176,10.498368616671707,-0.18058754055745574
Salamanca,2024,8,45951.0,37532.0,47450.0,37532.0,28955.0,34686.0,47450.0,0.202381708922724,10.53297582498551,10.273532715413031,10.454120255970487,10.767452878631598,10.767452878631598,10.40325427019927,10.420209598789675,0.2594431095724783
Santa Cruz de Tenerife,2018,5,219770.0,236949.0,214160.0,236949.0,253003.0,226958.0,214160.0,-0.07526338316693071,12.375604427395734,12.441160577861355,12.332524663410284,12.274483347589385,12.274483347589385,12.408382502628545,12.383096556222457,-0.06555615046562124
Santa Cruz de Tenerife,2018,6,217667.0,219770.0,226958.0,219770.0,236949.0,253003.0,226958.0,-0.00961517293740144,12.300341374121489,12.375604427395734,12.441160577861355,12.332524663410284,12.332524663410284,12.337972900758611,12.372368793126192,-0.0752630532742451
Santa Cruz de Tenerife,2018,7,242147.0,217667.0,253003.0,217667.0,219770.0,236949.0,253003.0,0.10657860775670258,12.29072624514597,12.300341374121489,12.375604427395734,12.441160577861355,12.441160577861355,12.29553380963373,12.322224015554397,-0.009615128975518417
Santa Cruz de Tenerife,2018,8,238779.0,242147.0,236949.0,242147.0,217667.0,219770.0,236949.0,-0.014006541804388206,12.397304388453884,12.29072624514597,12.300341374121489,12.375604427395734,12.375604427395734,12.344015316799927,12.329457335907115,0.10657814330791382
Santa Cruz de Tenerife,2019,5,232547.0,238779.0,219770.0,238779.0,242147.0,217667.0,219770.0,-0.02644608281765315,12.38329790489938,12.397304388453884,12.29072624514597,12.300341374121489,12.300341374121489,12.39030114667663,12.357109512833077,-0.014006483554505067
Santa Cruz de Tenerife,2019,6,225949.0,232547.0,217667.0,232547.0,238779.0,242147.0,217667.0,-0.02878304504579532,12.35685193431425,12.38329790489938,12.397304388453884,12.29072624514597,12.29072624514597,12.370074919606814,12.379151409222503,-0.02644597058512943
Santa Cruz de Tenerife,2019,7,243367.0,225949.0,242147.0,225949.0,232547.0,238779.0,242147.0,0.07426128197879578,12.328069014839425,12.35685193431425,12.38329790489938,12.397304388453884,12.397304388453884,12.342460474576837,12.356072951351019,-0.02878291947482481
Santa Cruz de Tenerife,2019,8,240470.0,243367.0,238779.0,243367.0,225949.0,232547.0,238779.0,-0.01197525042799974,12.402329980062607,12.328069014839425,12.35685193431425,12.38329790489938,12.38329790489938,12.365199497451016,12.362416976405427,0.07426096522318204
Santa Cruz de Tenerife,2022,5,224717.0,135843.0,37490.0,135843.0,87580.0,46418.0,37490.0,0.5033420256354528,11.819262447519176,11.380319358422197,10.745464137157782,10.531856183153893,10.531856183153893,11.599790902970685,11.315015314366384,0.43894308909697877
Santa Cruz de Tenerife,2022,6,228907.0,224717.0,46418.0,224717.0,135843.0,87580.0,46418.0,0.018473974770408574,12.32260156177412,11.819262447519176,11.380319358422197,10.745464137157782,10.745464137157782,12.070932004646647,11.840727789238498,0.5033391142549437
Santa Cruz de Tenerife,2022,7,249417.0,228907.0,87580.0,228907.0,224717.0,135843.0,87580.0,0.085810386984841,12.34107545508965,12.32260156177412,11.819262447519176,11.380319358422197,11.380319358422197,12.331838508431884,12.160979821460982,0.018473893315530177
Santa Cruz de Tenerife,2022,8,253837.0,249417.0,135843.0,249417.0,228907.0,224717.0,135843.0,0.017566134221247864,12.42688548283943,12.34107545508965,12.32260156177412,11.819262447519176,11.819262447519176,12.38398046896454,12.363520833234398,0.08581002774977975
Santa Cruz de Tenerife,2023,5,248268.0,253837.0,224717.0,253837.0,249417.0,228907.0,224717.0,-0.02218352088716813,12.444451547247153,12.42688548283943,12.34107545508965,12.32260156177412,12.32260156177412,12.435668515043291,12.404137495058743,0.017566064407724014
Santa Cruz de Tenerife,2023,6,246835.0,248268.0,228907.0,248268.0,253837.0,249417.0,228907.0,-0.005788710638196193,12.42226811472896,12.444451547247153,12.42688548283943,12.34107545508965,12.34107545508965,12.433359830988056,12.431201714938515,-0.02218343251819377
Santa Cruz de Tenerife,2023,7,269257.0,246835.0,249417.0,246835.0,248268.0,253837.0,249417.0,0.0869462166301318,12.416479427474664,12.42226811472896,12.444451547247153,12.42688548283943,12.42688548283943,12.419373771101812,12.427733029816926,-0.005788687254295155
Santa Cruz de Tenerife,2023,8,261064.0,269257.0,253837.0,269257.0,246835.0,248268.0,253837.0,-0.030900725850116828,12.503425306740654,12.416479427474664,12.42226811472896,12.444451547247153,12.444451547247153,12.45995236710766,12.447390949648094,0.08694587926598984
Santa Cruz de Tenerife,2024,5,263845.0,261064.0,248268.0,261064.0,269257.0,246835.0,248268.0,0.010596221519618254,12.472524697444577,12.503425306740654,12.416479427474664,12.42226811472896,12.42226811472896,12.487975002092615,12.46414314388663,-0.03090060929607752
Santa Cruz de Tenerife,2024,6,258292.0,263845.0,246835.0,263845.0,261064.0,269257.0,246835.0,-0.021271081627171284,12.483120878590038,12.472524697444577,12.503425306740654,12.416479427474664,12.416479427474664,12.477822788017306,12.486356960925088,0.010596181145460903
Santa Cruz de Tenerife,2024,7,276360.0,258292.0,269257.0,258292.0,263845.0,261064.0,269257.0,0.06761363573672163,12.46184987844571,12.483120878590038,12.472524697444577,12.503425306740654,12.503425306740654,12.472485378517874,12.472498484826774,-0.0212710001443277
Santa Cruz de Tenerife,2024,8,281821.0,276360.0,261064.0,276360.0,258292.0,263845.0,261064.0,0.019567754004272686,12.529463261064848,12.46184987844571,12.483120878590038,12.472524697444577,12.472524697444577,12.49565656975528,12.491478006033532,0.06761338261913785
Segovia,2018,5,10199.0,9351.0,11874.0,9351.0,10289.0,10957.0,11874.0,0.08680638681507169,9.143345503151904,9.238927828828094,9.301825062098361,9.382190628902842,9.382190628902842,9.19113666599,9.22803279802612,-0.0955823256761903
Segovia,2018,6,9475.0,10199.0,10957.0,10199.0,9351.0,10289.0,10957.0,-0.07363292529989174,9.230142999272362,9.143345503151904,9.238927828828094,9.301825062098361,9.301825062098361,9.186744251212133,9.20413877708412,0.0867974961204574
Segovia,2018,7,9634.0,9475.0,10289.0,9475.0,10199.0,9351.0,10289.0,0.01664175723954031,9.156517565278676,9.230142999272362,9.143345503151904,9.238927828828094,9.238927828828094,9.193330282275518,9.176668689234313,-0.07362543399368526
Segovia,2018,8,9818.0,9634.0,9351.0,9634.0,9475.0,10199.0,9351.0,0.018918927427831633,9.173157580848466,9.156517565278676,9.230142999272362,9.143345503151904,9.143345503151904,9.164837573063572,9.186606048466501,0.016640015569789668
Segovia,2019,5,13099.0,9818.0,10199.0,9818.0,9634.0,9475.0,10199.0,0.28831845577965076,9.19207456316929,9.173157580848466,9.156517565278676,9.230142999272362,9.230142999272362,9.182616072008878,9.173916569765478,0.018916982320824616
Segovia,2019,6,12467.0,13099.0,9475.0,13099.0,9818.0,9634.0,9475.0,-0.049450738052673415,9.480367509189243,9.19207456316929,9.173157580848466,9.156517565278676,9.156517565278676,9.336221036179268,9.281866551069001,0.28829294601995237
Segovia,2019,7,10657.0,12467.0,9634.0,12467.0,13099.0,9818.0,9634.0,-0.1568682001240198,9.430920640887228,9.480367509189243,9.19207456316929,9.173157580848466,9.173157580848466,9.455644075038236,9.367787571081921,-0.049446868302014835
Segovia,2019,8,9458.0,10657.0,9818.0,10657.0,12467.0,13099.0,9818.0,-0.11935600901713528,9.274066062856727,9.430920640887228,9.480367509189243,9.19207456316929,9.19207456316929,9.352493351871978,9.395118070977732,-0.15685457803050085
Segovia,2022,5,7892.0,6047.0,1368.0,6047.0,4647.0,2189.0,1368.0,0.2662873068692928,8.70748291785937,8.444192298531748,7.691656822810547,7.221835825288449,7.221835825288449,8.57583760819556,8.281110679733889,0.26329061932762166
Segovia,2022,6,7821.0,7892.0,2189.0,7892.0,6047.0,4647.0,2189.0,-0.009037164540893983,8.973731569708402,8.70748291785937,8.444192298531748,7.691656822810547,7.691656822810547,8.840607243783886,8.708468928699839,0.26624865184903257
Segovia,2022,7,10371.0,7821.0,4647.0,7821.0,7892.0,6047.0,4647.0,0.28220102598812247,8.96469555531546,8.973731569708402,8.70748291785937,8.444192298531748,8.444192298531748,8.969213562511932,8.881970014294412,-0.009036014392941993
Segovia,2022,8,8205.0,10371.0,6047.0,10371.0,7821.0,7892.0,6047.0,-0.234269725065543,9.246865146658555,8.96469555531546,8.973731569708402,8.70748291785937,8.70748291785937,9.105780350987008,9.061764090560805,0.28216959134309505
Segovia,2023,5,9547.0,8205.0,7892.0,8205.0,10371.0,7821.0,7892.0,0.15148324447384276,9.012620873002131,9.246865146658555,8.96469555531546,8.973731569708402,8.973731569708402,9.129743009830342,9.074727191658715,-0.23424427365642408
Segovia,2023,6,9032.0,9547.0,7821.0,9547.0,8205.0,10371.0,7821.0,-0.0554531421685347,9.16408698745872,9.012620873002131,9.246865146658555,8.96469555531546,8.96469555531546,9.088353930230426,9.141191002373136,0.1514661144565892
Segovia,2023,7,10930.0,9032.0,10371.0,9032.0,9547.0,8205.0,10371.0,0.19073747534108598,9.108639817149843,9.16408698745872,9.012620873002131,9.246865146658555,9.246865146658555,9.136363402304282,9.095115892536898,-0.05544717030887725
Segovia,2023,8,10005.0,10930.0,8205.0,10930.0,9032.0,9547.0,8205.0,-0.0884263341527518,9.299358068293836,9.108639817149843,9.16408698745872,9.012620873002131,9.012620873002131,9.203998942721839,9.190694957634133,0.1907182511439931
Segovia,2024,5,11837.0,10005.0,9547.0,10005.0,10930.0,9032.0,9547.0,0.16814525093606036,9.21094019204815,9.299358068293836,9.108639817149843,9.16408698745872,9.16408698745872,9.255149130170993,9.206312692497276,-0.08841787624568553
Segovia,2024,6,14979.0,11837.0,9032.0,11837.0,10005.0,10930.0,9032.0,0.23541900121482584,9.37906997525067,9.21094019204815,9.299358068293836,9.108639817149843,9.108639817149843,9.29500508364941,9.296456078530886,0.16812978320252014
Segovia,2024,7,12786.0,14979.0,10930.0,14979.0,11837.0,10005.0,10930.0,-0.15829839784204758,9.61447125707121,9.37906997525067,9.21094019204815,9.299358068293836,9.299358068293836,9.49677061616094,9.401493808123343,0.23540128182053977
Segovia,2024,8,10589.0,12786.0,10005.0,12786.0,14979.0,11837.0,10005.0,-0.1885350958962171,9.456184308811169,9.61447125707121,9.37906997525067,9.21094019204815,9.21094019204815,9.53532778294119,9.483241847044349,-0.15828694826004153
Sevilla,2018,5,192498.0,185908.0,196524.0,185908.0,154858.0,181806.0,196524.0,0.034833836372822446,12.133012585662994,11.950270304474431,12.110700963834645,12.188544928661956,12.188544928661956,12.041641445068713,12.064661284657356,0.18274228118856328
Sevilla,2018,6,183022.0,192498.0,181806.0,192498.0,185908.0,154858.0,181806.0,-0.05047939986849492,12.167846237891288,12.133012585662994,11.950270304474431,12.110700963834645,12.110700963834645,12.150429411777141,12.083709709342905,0.03483365222829349
Sevilla,2018,7,164041.0,183022.0,154858.0,183022.0,192498.0,185908.0,154858.0,-0.10948996761557694,12.117367106986213,12.167846237891288,12.133012585662994,11.950270304474431,11.950270304474431,12.14260667243875,12.139408643513498,-0.0504791309050745
Sevilla,2018,8,184707.0,164041.0,185908.0,164041.0,183022.0,192498.0,185908.0,0.11865438920378502,12.007877771579928,12.117367106986213,12.167846237891288,12.133012585662994,12.133012585662994,12.062622439283071,12.097697038819144,-0.1094893354062858
Sevilla,2019,5,202251.0,184707.0,192498.0,184707.0,164041.0,183022.0,192498.0,0.09073871451895954,12.126531478730652,12.007877771579928,12.117367106986213,12.167846237891288,12.167846237891288,12.06720462515529,12.083925452432263,0.11865370715072387
Sevilla,2019,6,180603.0,202251.0,183022.0,202251.0,184707.0,164041.0,183022.0,-0.11320824816155017,12.21726972362339,12.126531478730652,12.007877771579928,12.117367106986213,12.117367106986213,12.171900601177022,12.117226324644657,0.09073824489273896
Sevilla,2019,7,162935.0,180603.0,164041.0,180603.0,202251.0,184707.0,164041.0,-0.10294990387107106,12.104062068113992,12.21726972362339,12.126531478730652,12.007877771579928,12.007877771579928,12.160665895868691,12.149287756822678,-0.11320765550939882
Sevilla,2019,8,192100.0,162935.0,184707.0,162935.0,180603.0,202251.0,184707.0,0.16466472150498213,12.001112764649593,12.104062068113992,12.21726972362339,12.126531478730652,12.126531478730652,12.052587416381792,12.107481518795659,-0.10294930346439912
Sevilla,2022,5,162280.0,74687.0,24057.0,74687.0,55186.0,41587.0,24057.0,0.7760171907954945,11.221074715646228,10.918482697282624,10.63556694309786,10.088222860554017,10.088222860554017,11.069778706464426,10.925041452008903,0.3025920183636046
Sevilla,2022,6,138129.0,162280.0,41587.0,162280.0,74687.0,55186.0,41587.0,-0.161135207209524,11.997084679490207,11.221074715646228,10.918482697282624,10.63556694309786,10.63556694309786,11.609079697568218,11.37888069747302,0.776009963843979
Sevilla,2022,7,123990.0,138129.0,55186.0,138129.0,162280.0,74687.0,55186.0,-0.10798711393697147,11.835950549694006,11.997084679490207,11.221074715646228,10.918482697282624,10.918482697282624,11.916517614592106,11.684703314943482,-0.161134129796201
Sevilla,2022,8,161425.0,123990.0,74687.0,123990.0,138129.0,162280.0,74687.0,0.26383972132077993,11.72796426130791,11.835950549694006,11.997084679490207,11.221074715646228,11.221074715646228,11.781957405500957,11.853666496830707,-0.10798628838609581
Sevilla,2023,5,184996.0,161425.0,162280.0,161425.0,123990.0,138129.0,162280.0,0.13629356471042087,11.9918021123028,11.72796426130791,11.835950549694006,11.997084679490207,11.997084679490207,11.859883186805355,11.851905641101572,0.2638378509948893
Sevilla,2023,6,162667.0,184996.0,138129.0,184996.0,161425.0,123990.0,138129.0,-0.12862903685968696,12.128094887712761,11.9918021123028,11.72796426130791,11.835950549694006,11.835950549694006,12.059948500007781,11.949287087107825,0.1362927754099612
Sevilla,2023,7,153546.0,162667.0,123990.0,162667.0,184996.0,161425.0,123990.0,-0.05770496996227692,11.999466592854892,12.128094887712761,11.9918021123028,11.72796426130791,11.72796426130791,12.063780740283827,12.039787864290153,-0.12862829485786875
Sevilla,2023,8,184065.0,153546.0,161425.0,153546.0,162667.0,184996.0,161425.0,0.18128875969563296,11.941761988068208,11.999466592854892,12.128094887712761,11.9918021123028,11.9918021123028,11.970614290461551,12.023107822878622,-0.057704604786684044
Sevilla,2024,5,226530.0,184065.0,184996.0,184065.0,153546.0,162667.0,184996.0,0.2075884303868225,12.12304966792739,11.941761988068208,11.999466592854892,12.128094887712761,12.128094887712761,12.032405827997799,12.021426082950164,0.1812876798591816
Sevilla,2024,6,178192.0,226530.0,162667.0,226530.0,184065.0,153546.0,162667.0,-0.2400157658327,12.330637079882182,12.12304966792739,11.941761988068208,11.999466592854892,11.999466592854892,12.226843373904785,12.131816245292592,0.20758741195479224
Sevilla,2024,7,170175.0,178192.0,153546.0,178192.0,226530.0,184065.0,153546.0,-0.04603430131672859,12.090622511541351,12.330637079882182,12.12304966792739,11.941761988068208,11.941761988068208,12.210629795711768,12.181436419783642,-0.2400145683408308
Sevilla,2024,8,201569.0,170175.0,184065.0,170175.0,178192.0,226530.0,184065.0,0.16930443519813387,12.044588474602692,12.090622511541351,12.330637079882182,12.12304966792739,12.12304966792739,12.067605493072023,12.155282688675408,-0.04603403693865893
Soria,2018,5,1570.0,1948.0,2373.0,1948.0,2221.0,1929.0,2373.0,-0.21572758586012686,7.575071699507561,7.706162970199576,7.5652752818989315,7.772331575169614,7.772331575169614,7.640617334853568,7.615503317202022,-0.1310912706920151
Soria,2018,6,2319.0,1570.0,1929.0,1570.0,1948.0,2221.0,1929.0,0.3900604389131779,7.359467638255621,7.575071699507561,7.706162970199576,7.5652752818989315,7.5652752818989315,7.467269668881591,7.54690076932092,-0.21560406125193943
Soria,2018,7,2066.0,2319.0,2221.0,2319.0,1570.0,1948.0,2221.0,-0.1155216875759475,7.749322464660356,7.359467638255621,7.575071699507561,7.706162970199576,7.706162970199576,7.5543950514579885,7.561287267474512,0.38985482640473457
Soria,2018,8,2350.0,2066.0,1948.0,2066.0,2319.0,1570.0,1948.0,0.12880095745862086,7.633853559681768,7.749322464660356,7.359467638255621,7.575071699507561,7.575071699507561,7.691588012171062,7.580881220865915,-0.11546890497858797
Soria,2019,5,1858.0,2350.0,1570.0,2350.0,2066.0,2319.0,1570.0,-0.23491468776442126,7.762596048540069,7.633853559681768,7.749322464660356,7.359467638255621,7.359467638255621,7.698224804110918,7.715257357627397,0.1287424888583013
Soria,2019,6,1880.0,1858.0,2319.0,1858.0,2350.0,2066.0,2319.0,0.01177113645021155,7.527793987721444,7.762596048540069,7.633853559681768,7.749322464660356,7.749322464660356,7.645195018130757,7.641414531981094,-0.23480206081862498
Soria,2019,7,1815.0,1880.0,2066.0,1880.0,1858.0,2350.0,2066.0,-0.03518630912504417,7.53955882930103,7.527793987721444,7.762596048540069,7.633853559681768,7.633853559681768,7.533676408511237,7.609982955187514,0.011764841579585905
Soria,2019,8,1665.0,1815.0,2350.0,1815.0,1880.0,1858.0,2350.0,-0.08626034428440654,7.504391559161238,7.53955882930103,7.527793987721444,7.762596048540069,7.762596048540069,7.521975194231134,7.5239147920612375,-0.03516727013979182
Soria,2022,5,1979.0,1407.0,518.0,1407.0,1143.0,785.0,518.0,0.3411318884881762,7.249925536717988,7.042286171939743,6.666956792429207,6.251903883165888,6.251903883165888,7.146105854328866,6.986389500362313,0.2076393647782444
Soria,2022,6,1766.0,1979.0,785.0,1979.0,1407.0,1143.0,785.0,-0.11387456443866029,7.590852123688581,7.249925536717988,7.042286171939743,6.666956792429207,6.666956792429207,7.420388830203285,7.294354610782104,0.3409265869705935
Soria,2022,7,2614.0,1766.0,1143.0,1766.0,1979.0,1407.0,1143.0,0.392164513020262,7.4770384723196965,7.590852123688581,7.249925536717988,7.042286171939743,7.042286171939743,7.533945298004139,7.439272044242088,-0.11381365136888455
Soria,2022,8,1999.0,2614.0,1407.0,2614.0,1766.0,1979.0,1407.0,-0.2682345596837674,7.869019376499023,7.4770384723196965,7.590852123688581,7.249925536717988,7.249925536717988,7.67302892440936,7.6456366575024335,0.3919809041793263
Soria,2023,5,2042.0,1999.0,1979.0,1999.0,2614.0,1766.0,1979.0,0.02128266422421099,7.600902459542082,7.869019376499023,7.4770384723196965,7.590852123688581,7.590852123688581,7.734960918020553,7.6489867694536,-0.2681169169569406
Soria,2023,6,1811.0,2042.0,1766.0,2042.0,1999.0,2614.0,1766.0,-0.1200505408411976,7.622174594817622,7.600902459542082,7.869019376499023,7.4770384723196965,7.4770384723196965,7.611538527179852,7.69736547695291,0.02127213527553984
Soria,2023,7,2170.0,1811.0,2614.0,1811.0,2042.0,1999.0,2614.0,0.18084798865109253,7.502186486602924,7.622174594817622,7.600902459542082,7.869019376499023,7.869019376499023,7.562180540710273,7.575087846987543,-0.11998810821469785
Soria,2023,8,2142.0,2170.0,1999.0,2170.0,1811.0,2042.0,1999.0,-0.01298719552681149,7.682943169878292,7.502186486602924,7.622174594817622,7.600902459542082,7.600902459542082,7.592564828240608,7.602434750432946,0.18075668327536754
Soria,2024,5,2901.0,2142.0,2042.0,2142.0,2170.0,1811.0,2042.0,0.30331553311371007,7.669961995473577,7.682943169878292,7.502186486602924,7.622174594817622,7.622174594817622,7.676452582675934,7.618363883984931,-0.01298117440471458
Soria,2024,6,2115.0,2901.0,1811.0,2901.0,2142.0,2170.0,1811.0,-0.31600069264102615,7.973155433444133,7.669961995473577,7.682943169878292,7.502186486602924,7.502186486602924,7.821558714458855,7.775353532932001,0.3031934379705561
Soria,2024,7,1839.0,2115.0,2170.0,2115.0,2901.0,2142.0,2170.0,-0.13983286687605734,7.65728279297819,7.973155433444133,7.669961995473577,7.682943169878292,7.682943169878292,7.815219113211162,7.7668000739653005,-0.3158726404659431
Soria,2024,8,1897.0,1839.0,2142.0,1839.0,2115.0,2901.0,2142.0,0.03105174533069377,7.517520850603031,7.65728279297819,7.973155433444133,7.669961995473577,7.669961995473577,7.5874018217906105,7.715986359008451,-0.13976194237515926
Tarragona,2018,5,163405.0,263759.0,162719.0,263759.0,265450.0,193765.0,162719.0,-0.4788040257179009,12.482794877745613,12.489185545192516,12.174406524451161,11.999786211282387,11.999786211282387,12.485990211469066,12.382128982463096,-0.006390667446902754
Tarragona,2018,6,182439.0,163405.0,193765.0,163405.0,263759.0,265450.0,193765.0,0.11018408886142517,12.00399318044013,12.482794877745613,12.489185545192516,12.174406524451161,12.174406524451161,12.243394029092872,12.325324534459421,-0.4788016973054834
Tarragona,2018,7,234064.0,182439.0,265450.0,182439.0,163405.0,263759.0,265450.0,0.24917871166136507,12.114176630825638,12.00399318044013,12.482794877745613,12.489185545192516,12.489185545192516,12.059084905632883,12.200321563003792,0.1101834503855077
Tarragona,2018,8,245641.0,234064.0,263759.0,234064.0,182439.0,163405.0,263759.0,0.04827653821539002,12.363354133544512,12.114176630825638,12.00399318044013,12.482794877745613,12.482794877745613,12.238765382185075,12.160507981603425,0.24917750271887407
Tarragona,2019,5,156319.0,245641.0,163405.0,245641.0,234064.0,182439.0,163405.0,-0.4519723293111948,12.411630470406607,12.363354133544512,12.114176630825638,12.00399318044013,12.00399318044013,12.38749230197556,12.296387078258919,0.04827633686209509
Tarragona,2019,6,194937.0,156319.0,182439.0,156319.0,245641.0,234064.0,182439.0,0.2207776383001505,11.95966046727661,12.411630470406607,12.363354133544512,12.114176630825638,12.114176630825638,12.185645468841608,12.244881690409244,-0.4519700031299969
Tarragona,2019,7,234361.0,194937.0,234064.0,194937.0,156319.0,245641.0,234064.0,0.1841862321671588,12.180436838271525,11.95966046727661,12.411630470406607,12.363354133544512,12.363354133544512,12.070048652774068,12.183909258651582,0.22077637099491554
Tarragona,2019,8,254469.0,234361.0,245641.0,234361.0,194937.0,156319.0,245641.0,0.0823163594985914,12.364622207501814,12.180436838271525,11.95966046727661,12.411630470406607,12.411630470406607,12.27252952288667,12.168239837683316,0.1841853692302884
Tarragona,2022,5,139713.0,109468.0,11122.0,109468.0,73108.0,27916.0,11122.0,0.24395804937922172,11.60339668313407,11.199706757174393,10.236991101246426,9.316770315592029,9.316770315592029,11.401551720154231,11.013364847184961,0.4036899259596769
Tarragona,2022,6,137196.0,139713.0,27916.0,139713.0,109468.0,73108.0,27916.0,-0.01817975813533934,11.847352754969775,11.60339668313407,11.199706757174393,10.236991101246426,10.236991101246426,11.725374719051922,11.550152065092746,0.24395607183570434
Tarragona,2022,7,212123.0,137196.0,73108.0,137196.0,139713.0,109468.0,73108.0,0.43575573475904505,11.829173128145648,11.847352754969775,11.60339668313407,11.199706757174393,11.199706757174393,11.838262941557712,11.759974188749831,-0.01817962682412677
Tarragona,2022,8,230290.0,212123.0,109468.0,212123.0,137196.0,139713.0,109468.0,0.08217308915304677,12.264926288323883,11.829173128145648,11.847352754969775,11.60339668313407,11.60339668313407,12.047049708234766,11.980484057146436,0.4357531601782352
Tarragona,2023,5,167047.0,230290.0,139713.0,230290.0,212123.0,137196.0,139713.0,-0.3210641743134204,12.347099005583583,12.264926288323883,11.829173128145648,11.847352754969775,11.847352754969775,12.306012646953732,12.147066140684371,0.08217271725970043
Tarragona,2023,6,148207.0,167047.0,137196.0,167047.0,230290.0,212123.0,137196.0,-0.11966526473169736,12.026036475249898,12.347099005583583,12.264926288323883,11.829173128145648,11.829173128145648,12.186567740416741,12.21268725638579,-0.3210625303336858
Tarragona,2023,7,226071.0,148207.0,212123.0,148207.0,167047.0,230290.0,212123.0,0.4222391640118168,11.906371971493808,12.026036475249898,12.347099005583583,12.264926288323883,12.264926288323883,11.966204223371854,12.093169150775765,-0.1196645037560895
Tarragona,2023,8,237217.0,226071.0,230290.0,226071.0,148207.0,167047.0,230290.0,0.04812622480604567,12.32860881158809,11.906371971493808,12.026036475249898,12.347099005583583,12.347099005583583,12.117490391540949,12.087005752777266,0.422236840094282
Tarragona,2024,5,192065.0,237217.0,167047.0,237217.0,226071.0,148207.0,167047.0,-0.21114147763052138,12.376734828555398,12.32860881158809,11.906371971493808,12.026036475249898,12.026036475249898,12.352671820071745,12.203905203879097,0.04812601696730745
Tarragona,2024,6,175066.0,192065.0,148207.0,192065.0,237217.0,226071.0,148207.0,-0.0926708107219838,12.165594341941423,12.376734828555398,12.32860881158809,11.906371971493808,11.906371971493808,12.27116458524841,12.29031266069497,-0.21114048661397433
Tarragona,2024,7,227735.0,175066.0,226071.0,175066.0,192065.0,237217.0,226071.0,0.2630196266004763,12.072924036777414,12.165594341941423,12.376734828555398,12.32860881158809,12.32860881158809,12.119259189359418,12.205084402424745,-0.09267030516400965
Tarragona,2024,8,243534.0,227735.0,237217.0,227735.0,175066.0,192065.0,237217.0,0.06707389088473192,12.335942342321705,12.072924036777414,12.165594341941423,12.376734828555398,12.376734828555398,12.204433189549558,12.191486907013513,0.26301830554429095
Teruel,2018,5,6356.0,5146.0,5195.0,5146.0,5009.0,4626.0,5195.0,0.21117953481491725,8.546169299652755,8.51919119407891,8.439663988907,8.55564437779049,8.55564437779049,8.532680246865834,8.501674827546223,0.026978105573844502
Teruel,2018,6,5163.0,6356.0,4626.0,6356.0,5146.0,5009.0,4626.0,-0.20788144277695686,8.757311846936409,8.546169299652755,8.51919119407891,8.439663988907,8.439663988907,8.651740573294582,8.607557446889357,0.21114254728365367
Teruel,2018,7,5077.0,5163.0,5009.0,5163.0,6356.0,5146.0,5009.0,-0.01679726993225472,8.549466751966532,8.757311846936409,8.546169299652755,8.51919119407891,8.51919119407891,8.65338929945147,8.617649299518567,-0.20784509496987624
Teruel,2018,8,5673.0,5077.0,5146.0,5077.0,5163.0,6356.0,5146.0,0.11099754237917203,8.532672762264625,8.549466751966532,8.757311846936409,8.546169299652755,8.546169299652755,8.54106975711558,8.613150453722524,-0.01679398970190782
Teruel,2019,5,6244.0,5673.0,6356.0,5673.0,5077.0,5163.0,6356.0,0.09590292430875635,8.643649615368796,8.532672762264625,8.549466751966532,8.757311846936409,8.757311846936409,8.58816118881671,8.575263043199984,0.11097685310417127
Teruel,2019,6,4945.0,6244.0,5163.0,6244.0,5673.0,5077.0,5163.0,-0.2332440375785101,8.739536422559677,8.643649615368796,8.532672762264625,8.549466751966532,8.549466751966532,8.691593018964237,8.638619600064366,0.09588680719088138
Teruel,2019,7,5275.0,4945.0,5077.0,4945.0,6244.0,5673.0,5077.0,0.06460171428745376,8.506334448081361,8.739536422559677,8.643649615368796,8.532672762264625,8.532672762264625,8.62293543532052,8.629840162003278,-0.23320197447831603
Teruel,2019,8,5719.0,5275.0,5673.0,5275.0,4945.0,6244.0,5673.0,0.08081528557104889,8.570923513837204,8.506334448081361,8.739536422559677,8.643649615368796,8.643649615368796,8.538628980959283,8.605598128159414,0.06458906575584322
Teruel,2022,5,5111.0,3355.0,1954.0,3355.0,4071.0,2429.0,1954.0,0.4209433093624977,8.118505067587098,8.311889558230359,7.795646536334594,7.578145472419466,7.578145472419466,8.215197312908728,8.075347054050683,-0.19338449064326113
Teruel,2022,6,4643.0,5111.0,2429.0,5111.0,3355.0,4071.0,2429.0,-0.09603437074835774,8.53934599605737,8.118505067587098,8.311889558230359,7.795646536334594,7.795646536334594,8.328925531822234,8.323246873958276,0.4208409284702732
Teruel,2022,7,4757.0,4643.0,4071.0,4643.0,5111.0,3355.0,4071.0,0.024256508412358713,8.443331342817782,8.53934599605737,8.118505067587098,8.311889558230359,8.311889558230359,8.491338669437576,8.367060802154084,-0.09601465323958891
Teruel,2022,8,5577.0,4757.0,3355.0,4757.0,4643.0,5111.0,3355.0,0.15903377995727297,8.467582690862903,8.443331342817782,8.53934599605737,8.118505067587098,8.118505067587098,8.455457016840342,8.483420009912685,0.02425134804512119
Teruel,2023,5,6490.0,5577.0,5111.0,5577.0,4757.0,4643.0,5111.0,0.15161153330858212,8.626585568187433,8.467582690862903,8.443331342817782,8.53934599605737,8.53934599605737,8.547084129525167,8.512499867289373,0.15900287732453044
Teruel,2023,6,4861.0,6490.0,4643.0,6490.0,5577.0,4757.0,4643.0,-0.28901835265268083,8.778171881033469,8.626585568187433,8.467582690862903,8.443331342817782,8.443331342817782,8.702378724610451,8.624113380027936,0.1515863128460353
Teruel,2023,7,4881.0,4861.0,4757.0,4861.0,6490.0,5577.0,4757.0,0.0041059388416915255,8.48920515487607,8.778171881033469,8.626585568187433,8.467582690862903,8.467582690862903,8.63368851795477,8.631320868032324,-0.2889667261573994
Teruel,2023,8,6135.0,4881.0,5577.0,4881.0,4861.0,6490.0,5577.0,0.2286599612578648,8.493310250952906,8.48920515487607,8.778171881033469,8.626585568187433,8.626585568187433,8.491257702914488,8.586895762287481,0.00410509607683629
Teruel,2024,5,7344.0,6135.0,6490.0,6135.0,4881.0,4861.0,6490.0,0.1798735751553142,8.721928343047091,8.493310250952906,8.48920515487607,8.778171881033469,8.778171881033469,8.607619297,8.568147916292022,0.2286180920941856
Teruel,2024,6,4429.0,7344.0,4861.0,7344.0,6135.0,4881.0,4861.0,-0.5057098283771282,8.901775088607979,8.721928343047091,8.493310250952906,8.48920515487607,8.48920515487607,8.811851715827535,8.705671227535992,0.1798467455608872
Teruel,2024,7,5277.0,4429.0,4881.0,4429.0,7344.0,6135.0,4881.0,0.1751839294824702,8.39615486303918,8.901775088607979,8.721928343047091,8.493310250952906,8.493310250952906,8.64896497582358,8.673286098231417,-0.5056202255687978
Teruel,2024,8,6054.0,5277.0,6135.0,5277.0,4429.0,7344.0,6135.0,0.13736145617599682,8.57130251706327,8.39615486303918,8.901775088607979,8.721928343047091,8.721928343047091,8.483728690051226,8.623077489570143,0.17514765402408905
Toledo,2018,5,27025.0,23904.0,27862.0,23904.0,24463.0,24941.0,27862.0,0.12271655457486474,10.081842921060204,10.104957928168844,10.124308408480692,10.235054922800046,10.235054922800046,10.093400424614524,10.103703085903247,-0.023115007108639674
Toledo,2018,6,23844.0,27025.0,24941.0,27025.0,23904.0,24463.0,24941.0,-0.1252297501675912,10.204554644598032,10.081842921060204,10.104957928168844,10.124308408480692,10.124308408480692,10.143198782829117,10.130451831275693,0.12271172353782767
Toledo,2018,7,23264.0,23844.0,24463.0,23844.0,27025.0,23904.0,24463.0,-0.024625512006570816,10.079329830732325,10.204554644598032,10.081842921060204,10.104957928168844,10.104957928168844,10.141942237665178,10.121909132130186,-0.1252248138657066
Toledo,2018,8,25169.0,23264.0,23904.0,23264.0,23844.0,27025.0,23904.0,0.07870597716975603,10.05470536427875,10.079329830732325,10.204554644598032,10.081842921060204,10.081842921060204,10.067017597505536,10.112863279869702,-0.024624466453575522
Toledo,2019,5,29841.0,25169.0,27025.0,25169.0,23264.0,23844.0,27025.0,0.17027020831752182,10.133408088129361,10.05470536427875,10.079329830732325,10.204554644598032,10.204554644598032,10.094056726204055,10.089147761046812,0.07870272385061128
Toledo,2019,6,26520.0,29841.0,23844.0,29841.0,25169.0,23264.0,23844.0,-0.1179841215207258,10.303672076200368,10.133408088129361,10.05470536427875,10.079329830732325,10.079329830732325,10.218540082164864,10.16392850953616,0.17026398807100662
Toledo,2019,7,24818.0,26520.0,23264.0,26520.0,29841.0,25169.0,23264.0,-0.06632996896523302,10.185692150979541,10.303672076200368,10.133408088129361,10.05470536427875,10.05470536427875,10.244682113589954,10.207590771769757,-0.11797992522082623
Toledo,2019,8,26444.0,24818.0,25169.0,24818.0,26520.0,29841.0,25169.0,0.06346009311890377,10.119364767858293,10.185692150979541,10.303672076200368,10.133408088129361,10.133408088129361,10.152528459418917,10.202909665012735,-0.06632738312124786
Toledo,2022,5,16296.0,11271.0,3345.0,11271.0,9149.0,5528.0,3345.0,0.36868662366456384,9.330077053578517,9.121509158269568,8.617762246337932,8.11552088154677,8.11552088154677,9.225793105924042,9.023116152728672,0.20856789530894915
Toledo,2022,6,15968.0,16296.0,5528.0,16296.0,11271.0,9149.0,5528.0,-0.020332959355396696,9.69873632077599,9.330077053578517,9.121509158269568,8.617762246337932,8.617762246337932,9.514406687177253,9.383440844208025,0.3686592671974722
Toledo,2022,7,17222.0,15968.0,9149.0,15968.0,16296.0,11271.0,9149.0,0.07560091670486635,9.678404621840867,9.69873632077599,9.330077053578517,9.121509158269568,9.121509158269568,9.688570471308427,9.569072665398457,-0.020331698935121878
Toledo,2022,8,20135.0,17222.0,11271.0,17222.0,15968.0,16296.0,11271.0,0.15627195802944271,9.754000978835746,9.678404621840867,9.69873632077599,9.330077053578517,9.330077053578517,9.716202800338307,9.710380640484201,0.07559635699487899
Toledo,2023,5,22931.0,20135.0,16296.0,20135.0,17222.0,15968.0,16296.0,0.13003011260543396,9.910264536815152,9.754000978835746,9.678404621840867,9.69873632077599,9.69873632077599,9.832132757825448,9.780890045830589,0.15626355797940583
Toledo,2023,6,18620.0,22931.0,15968.0,22931.0,20135.0,17222.0,15968.0,-0.20825343505993033,10.040288594028274,9.910264536815152,9.754000978835746,9.678404621840867,9.678404621840867,9.975276565421712,9.901518036559724,0.13002405721312194
Toledo,2023,7,20635.0,18620.0,17222.0,18620.0,22931.0,20135.0,17222.0,0.10275239135562408,9.832045255081763,10.040288594028274,9.910264536815152,9.754000978835746,9.754000978835746,9.936166924555017,9.927532795308396,-0.20824333894651126
Toledo,2023,8,21599.0,20635.0,20135.0,20635.0,18620.0,22931.0,20135.0,0.04565835411757213,9.93479240236454,9.832045255081763,10.040288594028274,9.910264536815152,9.910264536815152,9.883418828723151,9.935708750491527,0.10274714728277701
Toledo,2024,5,24183.0,21599.0,22931.0,21599.0,20635.0,18620.0,22931.0,0.11300288964745597,9.980448593672257,9.93479240236454,9.832045255081763,10.040288594028274,10.040288594028274,9.957620498018398,9.915762083706186,0.045656191307717364
Toledo,2024,6,19661.0,24183.0,18620.0,24183.0,21599.0,20635.0,18620.0,-0.20701292884421818,10.093446536459293,9.980448593672257,9.93479240236454,9.832045255081763,9.832045255081763,10.036947565065775,10.002895844165364,0.11299794278703601
Toledo,2024,7,19122.0,19661.0,20635.0,19661.0,24183.0,21599.0,20635.0,-0.027797473462099376,9.88644311792687,10.093446536459293,9.980448593672257,9.93479240236454,9.93479240236454,9.989944827193082,9.986779416019473,-0.2070034185324232
Toledo,2024,8,20949.0,19122.0,21599.0,19122.0,19661.0,24183.0,21599.0,0.09125140786875363,9.858647078062974,9.88644311792687,10.093446536459293,9.980448593672257,9.980448593672257,9.872545097994923,9.94617891081638,-0.027796039863895672
Valencia/València,2018,5,136143.0,147898.0,122851.0,147898.0,137592.0,121676.0,122851.0,-0.08281704305860238,11.904284887350814,11.832055331094327,11.709125271796893,11.718735657833086,11.718735657833086,11.868170109222572,11.815155163414012,0.0722295562564863
Valencia/València,2018,6,134516.0,136143.0,121676.0,136143.0,147898.0,137592.0,121676.0,-0.012022652841654491,11.82146842808934,11.904284887350814,11.832055331094327,11.709125271796893,11.709125271796893,11.862876657720076,11.85260288217816,-0.0828164592614744
Valencia/València,2018,7,146709.0,134516.0,137592.0,134516.0,136143.0,147898.0,137592.0,0.08676788188574491,11.809445864089021,11.82146842808934,11.904284887350814,11.832055331094327,11.832055331094327,11.81545714608918,11.84506639317639,-0.012022564000318425
Valencia/València,2018,8,157440.0,146709.0,147898.0,146709.0,134516.0,136143.0,147898.0,0.0705934003435722,11.89621312813369,11.809445864089021,11.82146842808934,11.904284887350814,11.904284887350814,11.852829496111355,11.842375806770683,0.08676726404466883
Valencia/València,2019,5,149454.0,157440.0,136143.0,157440.0,146709.0,134516.0,136143.0,-0.05205578012788514,11.966806063891925,11.89621312813369,11.809445864089021,11.82146842808934,11.82146842808934,11.931509596012807,11.890821685371543,0.07059293575823489
Valencia/València,2019,6,146670.0,149454.0,134516.0,149454.0,157440.0,146709.0,134516.0,-0.0188034879173955,11.914750623157797,11.966806063891925,11.89621312813369,11.809445864089021,11.809445864089021,11.940778343524862,11.925923271727804,-0.0520554407341276
Valencia/València,2019,7,157018.0,146670.0,146709.0,146670.0,149454.0,157440.0,146709.0,0.0681752831994018,11.895947262244421,11.914750623157797,11.966806063891925,11.89621312813369,11.89621312813369,11.90534894270111,11.925834649764715,-0.018803360913375755
Valencia/València,2019,8,167257.0,157018.0,157440.0,157018.0,146670.0,149454.0,157440.0,0.0631711031871447,11.964122096116505,11.895947262244421,11.914750623157797,11.966806063891925,11.966806063891925,11.930034679180462,11.924939993839573,0.06817483387208334
Valencia/València,2022,5,135221.0,110061.0,26848.0,110061.0,87770.0,43793.0,26848.0,0.20587571944745164,11.608799122354876,11.382486428935865,10.687252100679688,10.197983855295579,10.197983855295579,11.49564277564537,11.226179217323477,0.22631269341901117
Valencia/València,2022,6,126241.0,135221.0,43793.0,135221.0,110061.0,87770.0,43793.0,-0.06871769850519449,11.814673151246721,11.608799122354876,11.382486428935865,10.687252100679688,10.687252100679688,11.711736136800798,11.601986234179153,0.20587402889184503
Valencia/València,2022,7,155496.0,126241.0,87770.0,126241.0,135221.0,110061.0,87770.0,0.20842722933005753,11.74595597879324,11.814673151246721,11.608799122354876,11.382486428935865,11.382486428935865,11.780314565019982,11.72314275079828,-0.0687171724534803
Valencia/València,2022,8,167917.0,155496.0,110061.0,155496.0,126241.0,135221.0,110061.0,0.0768498018867092,11.95438171781082,11.74595597879324,11.814673151246721,11.608799122354876,11.608799122354876,11.85016884830203,11.838336949283594,0.20842573901757966
Valencia/València,2023,5,147446.0,167917.0,135221.0,167917.0,155496.0,126241.0,135221.0,-0.13000780264910183,12.031231043990045,11.95438171781082,11.74595597879324,11.814673151246721,11.814673151246721,11.992806380900433,11.910522913531368,0.07684932617922513
Valencia/València,2023,6,140700.0,147446.0,126241.0,147446.0,167917.0,155496.0,126241.0,-0.04683204293302978,11.901224068156482,12.031231043990045,11.95438171781082,11.74595597879324,11.74595597879324,11.966227556073264,11.962278943319115,-0.13000697583356313
Valencia/València,2023,7,153777.0,140700.0,155496.0,140700.0,147446.0,167917.0,155496.0,0.08887353690479216,11.854392350397763,11.901224068156482,12.031231043990045,11.95438171781082,11.95438171781082,11.877808209277124,11.928949154181431,-0.046831717758719194
Valencia/València,2023,8,170230.0,153777.0,167917.0,153777.0,140700.0,147446.0,167917.0,0.10164696280134322,11.943265282909193,11.854392350397763,11.901224068156482,12.031231043990045,12.031231043990045,11.898828816653477,11.899627233821144,0.08887293251143014
Valencia/València,2024,5,162926.0,170230.0,147446.0,170230.0,153777.0,140700.0,147446.0,-0.04385435383340841,12.044911617196579,11.943265282909193,11.854392350397763,11.901224068156482,11.901224068156482,11.994088450052885,11.947523083501176,0.1016463342873859
Valencia/València,2024,6,149576.0,162926.0,140700.0,162926.0,170230.0,153777.0,140700.0,-0.08549148513009719,12.001057526712163,12.044911617196579,11.943265282909193,11.854392350397763,11.854392350397763,12.022984571954371,11.99641147560598,-0.04385409048441602
Valencia/València,2024,7,167045.0,149576.0,153777.0,149576.0,162926.0,170230.0,153777.0,0.11045861233350962,11.915566589387291,12.001057526712163,12.044911617196579,11.943265282909193,11.943265282909193,11.958312058049728,11.987178577765343,-0.08549093732487201
Valencia/València,2024,8,187910.0,167045.0,170230.0,167045.0,149576.0,162926.0,170230.0,0.11769988760457828,12.02602450257155,11.915566589387291,12.001057526712163,12.044911617196579,12.044911617196579,11.97079554597942,11.980882872890334,0.11045791318425913
Valladolid,2018,5,13292.0,26186.0,11037.0,26186.0,21319.0,11642.0,11037.0,-0.6780625663132138,10.173018383403459,9.967400878279781,9.362460420037015,9.309099143999447,9.309099143999447,10.070209630841621,9.834293227240087,0.20561750512367816
Valladolid,2018,6,10712.0,13292.0,11642.0,13292.0,26186.0,21319.0,11642.0,-0.2157977421034758,9.4949928598676,10.173018383403459,9.967400878279781,9.362460420037015,9.362460420037015,9.83400562163553,9.878470707183615,-0.6780255235358599
Valladolid,2018,7,16976.0,10712.0,21319.0,10712.0,13292.0,26186.0,21319.0,0.4604359734827561,9.279213236262558,9.4949928598676,10.173018383403459,9.967400878279781,9.967400878279781,9.387103048065079,9.649074826511205,-0.21577962360504088
Valladolid,2018,8,26468.0,16976.0,26186.0,16976.0,10712.0,13292.0,26186.0,0.4441358742781851,9.739614765810634,9.279213236262558,9.4949928598676,10.173018383403459,10.173018383403459,9.509414001036596,9.504606953980264,0.46040152954807567
Valladolid,2019,5,12603.0,26468.0,13292.0,26468.0,16976.0,10712.0,13292.0,-0.7420015752944575,10.183729515890214,9.739614765810634,9.279213236262558,9.4949928598676,9.4949928598676,9.961672140850425,9.734185839321135,0.4441147500795797
Valladolid,2019,6,12636.0,12603.0,10712.0,12603.0,26468.0,16976.0,10712.0,0.002615002084484175,9.441769502877165,10.183729515890214,9.739614765810634,9.279213236262558,9.279213236262558,9.81274950938369,9.788371261526004,-0.741960013013049
Valladolid,2019,7,15978.0,12636.0,16976.0,12636.0,12603.0,26468.0,16976.0,0.23466289312001187,9.444384297758681,9.441769502877165,10.183729515890214,9.739614765810634,9.739614765810634,9.443076900317923,9.689961105508687,0.0026147948815165023
Valladolid,2019,8,25053.0,15978.0,26468.0,15978.0,12636.0,12603.0,26468.0,0.44978080477935123,9.679030639139388,9.444384297758681,9.441769502877165,10.183729515890214,10.183729515890214,9.561707468449034,9.521728146591744,0.2346463413807065
Valladolid,2022,5,10184.0,13476.0,2750.0,13476.0,7776.0,4774.0,2750.0,-0.28009246428920065,9.508739807769159,8.958925938694943,8.471149252914831,7.919719760924575,7.919719760924575,9.23383287323205,8.979604999792977,0.5498138690742156
Valladolid,2022,6,11502.0,10184.0,4774.0,10184.0,13476.0,7776.0,4774.0,0.12170307203645692,9.228671328660907,9.508739807769159,8.958925938694943,8.471149252914831,8.471149252914831,9.368705568215033,9.232112358375003,-0.2800684791082517
Valladolid,2022,7,19806.0,11502.0,7776.0,11502.0,10184.0,13476.0,7776.0,0.5434639888075488,9.35036314989601,9.228671328660907,9.508739807769159,8.958925938694943,8.958925938694943,9.289517239278458,9.362591428775358,0.12169182123510325
Valladolid,2022,8,25507.0,19806.0,13476.0,19806.0,11502.0,10184.0,13476.0,0.2529680021982674,9.893790689557264,9.35036314989601,9.228671328660907,9.508739807769159,9.508739807769159,9.622076919726638,9.490941722704727,0.5434275396612538
Valladolid,2023,5,12803.0,25507.0,10184.0,25507.0,19806.0,11502.0,10184.0,-0.6892734058333367,10.146747407435162,9.893790689557264,9.35036314989601,9.228671328660907,9.228671328660907,10.020269048496214,9.796967082296147,0.25295671787789864
Valladolid,2023,6,11876.0,12803.0,11502.0,12803.0,25507.0,19806.0,11502.0,-0.07515996156252847,9.457512901089753,10.146747407435162,9.893790689557264,9.35036314989601,9.35036314989601,9.802130154262457,9.832683666027393,-0.6892345063454091
Valladolid,2023,7,18480.0,11876.0,19806.0,11876.0,12803.0,25507.0,19806.0,0.4421695093120235,9.38235903577424,9.457512901089753,10.146747407435162,9.893790689557264,9.893790689557264,9.419935968431997,9.662206448099719,-0.07515386531551371
Valladolid,2023,8,23365.0,18480.0,25507.0,18480.0,11876.0,12803.0,25507.0,0.2345501099388514,9.824498456285756,9.38235903577424,9.457512901089753,10.146747407435162,10.146747407435162,9.603428746029998,9.554790131049916,0.44213942051151633
Valladolid,2024,5,12114.0,23365.0,12803.0,23365.0,18480.0,11876.0,12803.0,-0.6568773675936335,10.059037253277094,9.824498456285756,9.38235903577424,9.457512901089753,9.457512901089753,9.941767854781425,9.755298248445696,0.2345387969913375
Valladolid,2024,6,12617.0,12114.0,11876.0,12114.0,23365.0,18480.0,11876.0,0.04068330238684936,9.402199633250627,10.059037253277094,9.824498456285756,9.38235903577424,9.38235903577424,9.730618443263861,9.761911780937826,-0.656837620026467
Valladolid,2024,7,18170.0,12617.0,18480.0,12617.0,12114.0,23365.0,18480.0,0.36472677146247534,9.442879644930755,9.402199633250627,10.059037253277094,9.824498456285756,9.824498456285756,9.42253963909069,9.634705510486159,0.040680011680128914
Valladolid,2024,8,22032.0,18170.0,23365.0,18170.0,12617.0,12114.0,23365.0,0.1927240595782198,9.807582195649056,9.442879644930755,9.402199633250627,10.059037253277094,10.059037253277094,9.625230920289905,9.550887157943478,0.3647025507183006
Zamora,2018,5,4429.0,3596.0,3493.0,3596.0,2939.0,3351.0,3493.0,0.20835170833168704,8.187855443695623,7.986164860332727,8.117312461601975,8.158802490694002,8.158802490694002,8.087010152014175,8.097110921876775,0.20169058336289591
Zamora,2018,6,3294.0,4429.0,3351.0,4429.0,3596.0,2939.0,3351.0,-0.2960711931856128,8.39615486303918,8.187855443695623,7.986164860332727,8.117312461601975,8.117312461601975,8.292005153367402,8.19005838902251,0.20829941934355745
Zamora,2018,7,2901.0,3294.0,2939.0,3294.0,4429.0,3596.0,2939.0,-0.12704712661618078,8.100161446936607,8.39615486303918,8.187855443695623,7.986164860332727,7.986164860332727,8.248158154987895,8.228057251223804,-0.2959934161025739
Zamora,2018,8,4127.0,2901.0,3596.0,2901.0,3294.0,4429.0,3596.0,0.35249524563117784,7.973155433444133,8.100161446936607,8.39615486303918,8.187855443695623,8.187855443695623,8.03665844019037,8.156490581139975,-0.12700601349247354
Zamora,2019,5,4348.0,4127.0,4429.0,4127.0,2901.0,3294.0,4429.0,0.052165218488518406,8.325548307161398,7.973155433444133,8.100161446936607,8.39615486303918,8.39615486303918,8.149351870302766,8.132955062514046,0.3523928737172648
Zamora,2019,6,3912.0,4348.0,3294.0,4348.0,4127.0,2901.0,3294.0,-0.10566721708639193,8.37770121259764,8.325548307161398,7.973155433444133,8.100161446936607,8.100161446936607,8.351624759879519,8.225468317734391,0.05215290543624107
Zamora,2019,7,3548.0,3912.0,2901.0,3912.0,4348.0,4127.0,2901.0,-0.09766468772523851,8.272059622210412,8.37770121259764,8.325548307161398,7.973155433444133,7.973155433444133,8.324880417404025,8.325103047323148,-0.10564159038722742
Zamora,2019,8,3744.0,3548.0,4127.0,3548.0,3912.0,4348.0,4127.0,0.05377049416801327,8.174421152646497,8.272059622210412,8.37770121259764,8.325548307161398,8.325548307161398,8.223240387428454,8.274727329151515,-0.09763846956391475
Zamora,2022,5,3963.0,2278.0,737.0,2278.0,2002.0,1260.0,737.0,0.5537034491833079,7.731492029245684,7.602401335665818,7.13966033596492,6.6039438246004725,6.6039438246004725,7.666946682455752,7.4911845669588075,0.12909069357986613
Zamora,2022,6,3009.0,3963.0,1260.0,3963.0,2278.0,2002.0,1260.0,-0.27539351656039024,8.285008895449879,7.731492029245684,7.602401335665818,7.13966033596492,7.13966033596492,8.008250462347782,7.87296742012046,0.5535168662041947
Zamora,2022,7,3170.0,3009.0,2002.0,3009.0,3963.0,2278.0,2002.0,0.05212379024128211,8.009695357742922,8.285008895449879,7.731492029245684,7.602401335665818,7.602401335665818,8.1473521265964,8.008732094146161,-0.2753135377069569
Zamora,2022,8,3689.0,3170.0,2278.0,3170.0,3009.0,3963.0,2278.0,0.1516238307253488,8.061802274538348,8.009695357742922,8.285008895449879,7.731492029245684,7.731492029245684,8.035748816140636,8.118835509243716,0.05210691679542556
Zamora,2023,5,3421.0,3689.0,3963.0,3689.0,3170.0,3009.0,3963.0,-0.0754225126190704,8.213381737034572,8.061802274538348,8.009695357742922,8.285008895449879,8.285008895449879,8.137592005786459,8.094959789771947,0.15157946249622434
Zamora,2023,6,3091.0,3421.0,3009.0,3421.0,3689.0,3170.0,3009.0,-0.10143824284548941,8.137980454452139,8.213381737034572,8.061802274538348,8.009695357742922,8.009695357742922,8.175681095743355,8.13772148867502,-0.07540128258243328
Zamora,2023,7,3017.0,3091.0,3170.0,3091.0,3421.0,3689.0,3170.0,-0.024231702973054325,8.036573409707312,8.137980454452139,8.213381737034572,8.061802274538348,8.061802274538348,8.087276932079725,8.129311867064674,-0.10140704474482654
Zamora,2023,8,3853.0,3017.0,3689.0,3017.0,3091.0,3421.0,3689.0,0.2445891054670959,8.012349639327795,8.036573409707312,8.137980454452139,8.213381737034572,8.213381737034572,8.024461524517553,8.062301167829082,-0.024223770379517617
Zamora,2024,5,4583.0,3853.0,3421.0,3853.0,3017.0,3091.0,3421.0,0.17350173988296724,8.256866848974312,8.012349639327795,8.036573409707312,8.137980454452139,8.137980454452139,8.134608244151053,8.101929966003139,0.24451720964651713
Zamora,2024,6,3200.0,4583.0,3091.0,4583.0,3853.0,3017.0,3091.0,-0.3592029957213061,8.430327258394575,8.256866848974312,8.012349639327795,8.036573409707312,8.036573409707312,8.343597053684444,8.233181248898894,0.17346040942026342
Zamora,2024,7,2710.0,3200.0,3017.0,3200.0,4583.0,3853.0,3017.0,-0.16620217491407185,8.071218539969863,8.430327258394575,8.256866848974312,8.012349639327795,8.012349639327795,8.25077289918222,8.252804215779584,-0.3591087184247126
Zamora,2024,8,3593.0,2710.0,3853.0,2710.0,3200.0,4583.0,3853.0,0.28203887323977117,7.905072849498666,8.071218539969863,8.430327258394575,8.256866848974312,8.256866848974312,7.988145694734264,8.135539549287701,-0.16614569047119687
Zaragoza,2018,5,45490.0,51356.0,38505.0,51356.0,42234.0,37481.0,38505.0,-0.12128925314692474,10.846556525442889,10.651004540161598,10.531616096721624,10.55856935228928,10.55856935228928,10.748780532802243,10.676392387442036,0.19555198528129125
Zaragoza,2018,6,41887.0,45490.0,37481.0,45490.0,51356.0,42234.0,37481.0,-0.08251700532503037,10.725269783175804,10.846556525442889,10.651004540161598,10.531616096721624,10.531616096721624,10.785913154309346,10.740943616260097,-0.12128674226708469
Zaragoza,2018,7,45692.0,41887.0,42234.0,41887.0,45490.0,51356.0,42234.0,0.08694771161481718,10.642754668709626,10.725269783175804,10.846556525442889,10.651004540161598,10.651004540161598,10.684012225942716,10.738193659109442,-0.08251511446617776
Zaragoza,2018,8,51384.0,45692.0,51356.0,45692.0,41887.0,45490.0,51356.0,0.11740361208379113,10.729700392283613,10.642754668709626,10.725269783175804,10.846556525442889,10.846556525442889,10.68622753049662,10.699241614723014,0.08694572357398656
Zaragoza,2019,5,47922.0,51384.0,45490.0,51384.0,45692.0,41887.0,45490.0,-0.06975215079218344,10.847101580059174,10.729700392283613,10.642754668709626,10.725269783175804,10.725269783175804,10.788400986171393,10.739852213684138,0.11740118777556141
Zaragoza,2019,6,41866.0,47922.0,41887.0,47922.0,51384.0,45692.0,41887.0,-0.1351006474909795,10.777350835170328,10.847101580059174,10.729700392283613,10.642754668709626,10.642754668709626,10.812226207614751,10.784717602504372,-0.06975074488884658
Zaragoza,2019,7,45244.0,41866.0,45692.0,41866.0,47922.0,51384.0,45692.0,0.07759602299680601,10.64225320609987,10.777350835170328,10.847101580059174,10.729700392283613,10.729700392283613,10.709802020635099,10.755568540443123,-0.13509762907045797
Zaragoza,2019,8,52307.0,45244.0,51384.0,45244.0,41866.0,47922.0,51384.0,0.14506014065777606,10.719847445785234,10.64225320609987,10.777350835170328,10.847101580059174,10.847101580059174,10.681050325942552,10.713150495685143,0.07759423968536439
Zaragoza,2022,5,28941.0,28159.0,7835.0,28159.0,21004.0,10597.0,7835.0,0.027392255560863887,10.245657810271979,9.952515783603483,9.268420583052707,8.966483779064431,8.966483779064431,10.09908679693773,9.822198058976056,0.2931420266684963
Zaragoza,2022,6,29565.0,28941.0,10597.0,28941.0,28159.0,21004.0,10597.0,0.021331954416266896,10.273049106297938,10.245657810271979,9.952515783603483,9.268420583052707,9.268420583052707,10.25935345828496,10.157074233391134,0.027391296025959022
Zaragoza,2022,7,38013.0,29565.0,21004.0,29565.0,28941.0,28159.0,21004.0,0.2513369772120875,10.294380331461035,10.273049106297938,10.245657810271979,9.952515783603483,9.952515783603483,10.283714718879487,10.271029082676984,0.021331225163097045
Zaragoza,2022,8,50810.0,38013.0,28159.0,38013.0,29565.0,28941.0,28159.0,0.29016497912076034,10.545709791910783,10.294380331461035,10.273049106297938,10.245657810271979,10.245657810271979,10.420045061685908,10.371046409889919,0.2513294604497478
Zaragoza,2023,5,38169.0,50810.0,28941.0,50810.0,38013.0,29565.0,28941.0,-0.28606951777696743,10.835868145559232,10.545709791910783,10.294380331461035,10.273049106297938,10.273049106297938,10.690788968735006,10.55865275631035,0.2901583536484491
Zaragoza,2023,6,32999.0,38169.0,29565.0,38169.0,50810.0,38013.0,29565.0,-0.1455464098516437,10.549805145739276,10.835868145559232,10.545709791910783,10.294380331461035,10.294380331461035,10.692836645649255,10.643794361069764,-0.286062999819956
Zaragoza,2023,7,44118.0,32999.0,38013.0,32999.0,38169.0,50810.0,38013.0,0.29039060446510945,10.404262840448617,10.549805145739276,10.835868145559232,10.545709791910783,10.545709791910783,10.477033993093947,10.596645377249041,-0.14554230529065926
Zaragoza,2023,8,52777.0,44118.0,50810.0,44118.0,32999.0,38169.0,50810.0,0.1792076273055887,10.694645807652732,10.404262840448617,10.549805145739276,10.835868145559232,10.835868145559232,10.549454324050675,10.549571264613542,0.29038296720411516
Zaragoza,2024,5,44826.0,52777.0,38169.0,52777.0,44118.0,32999.0,38169.0,-0.16328716152600897,10.873849716198011,10.694645807652732,10.404262840448617,10.549805145739276,10.549805145739276,10.784247761925371,10.65758612143312,0.17920390854527923
Zaragoza,2024,6,38178.0,44826.0,32999.0,44826.0,52777.0,44118.0,32999.0,-0.1605288947430097,10.71056591543671,10.873849716198011,10.694645807652732,10.404262840448617,10.404262840448617,10.79220781581736,10.759687146429151,-0.16328380076130067
Zaragoza,2024,7,42475.0,38178.0,44118.0,38178.0,44826.0,52777.0,44118.0,0.1066562340792867,10.550040905213313,10.71056591543671,10.873849716198011,10.694645807652732,10.694645807652732,10.630303410325013,10.711485512282678,-0.16052501022339705
Zaragoza,2024,8,50730.0,42475.0,52777.0,42475.0,38178.0,44826.0,52777.0,0.17760178402060234,10.656694489523737,10.550040905213313,10.71056591543671,10.873849716198011,10.873849716198011,10.603367697368526,10.639100436724588,0.10665358431042371
Ávila,2018,5,5647.0,5413.0,9454.0,5413.0,5479.0,6522.0,9454.0,0.04232096287585918,8.596743470174246,8.608860379942062,8.783089671796096,9.154298981092557,9.154298981092557,8.602801925058154,8.662897840637468,-0.012116909767815542
Ávila,2018,6,4984.0,5647.0,6522.0,5647.0,5413.0,5479.0,6522.0,-0.12489164920554785,8.639056779173078,8.596743470174246,8.608860379942062,8.783089671796096,8.783089671796096,8.617900124673662,8.614886876429795,0.0423133089988319
Ávila,2018,7,4347.0,4984.0,5479.0,4984.0,5647.0,5413.0,5479.0,-0.13674682947849703,8.514188682395938,8.639056779173078,8.596743470174246,8.608860379942062,8.608860379942062,8.576622730784507,8.58332964391442,-0.12486809677714028
Ávila,2018,8,4343.0,4347.0,5413.0,4347.0,4984.0,5647.0,5413.0,-0.0009205984539697454,8.3774712482411,8.514188682395938,8.639056779173078,8.596743470174246,8.596743470174246,8.44582996531852,8.51023890327004,-0.1367174341548374
Ávila,2019,5,7310.0,4343.0,5647.0,4343.0,4347.0,4984.0,5647.0,0.5206779202090015,8.37655086161377,8.3774712482411,8.514188682395938,8.639056779173078,8.639056779173078,8.377011054927436,8.42273693075027,-0.000920386627329961
Ávila,2019,6,5403.0,7310.0,4984.0,7310.0,4343.0,4347.0,4984.0,-0.30228891889975884,8.897135342293316,8.37655086161377,8.3774712482411,8.514188682395938,8.514188682395938,8.636843101953543,8.550385817382729,0.5205844806795454
Ávila,2019,7,5181.0,5403.0,4347.0,5403.0,7310.0,4343.0,4347.0,-0.04195626702927768,8.59489469908009,8.897135342293316,8.37655086161377,8.3774712482411,8.3774712482411,8.746015020686702,8.622860300995725,-0.3022406432132261
Ávila,2019,8,5152.0,5181.0,4343.0,5181.0,5403.0,7310.0,4343.0,-0.005613099030597368,8.552946361122055,8.59489469908009,8.897135342293316,8.37655086161377,8.37655086161377,8.573920530101073,8.681658800831821,-0.04194833795803454
Ávila,2022,5,4333.0,2427.0,735.0,2427.0,1618.0,1250.0,735.0,0.5796042160133075,7.794823152179389,7.389563953677635,7.1316985104669115,6.601230118728877,6.601230118728877,7.592193552928512,7.438695205441312,0.40525919850175374
Ávila,2022,6,4412.0,4333.0,1250.0,4333.0,2427.0,1618.0,1250.0,0.018067958633483983,8.374246182096304,7.794823152179389,7.389563953677635,7.1316985104669115,7.1316985104669115,8.084534667137847,7.852877762651109,0.5794230299169145
Ávila,2022,7,3802.0,4412.0,1618.0,4412.0,4333.0,2427.0,1618.0,-0.1488008573250177,8.392310009269547,8.374246182096304,7.794823152179389,7.389563953677635,7.389563953677635,8.383278095682925,8.187126447848414,0.018063827173243396
Ávila,2022,8,4301.0,3802.0,2427.0,3802.0,4412.0,4333.0,2427.0,0.12332030973536057,8.24354550792826,8.392310009269547,8.374246182096304,7.794823152179389,7.794823152179389,8.317927758598904,8.33670056643137,-0.1487645013412866
Ávila,2023,5,6043.0,4301.0,4333.0,4301.0,3802.0,4412.0,4333.0,0.3400530235778234,8.366835309827675,8.24354550792826,8.392310009269547,8.374246182096304,8.374246182096304,8.305190408877968,8.33423027567516,0.12328980189941419
Ávila,2023,6,4652.0,6043.0,4412.0,6043.0,4301.0,3802.0,4412.0,-0.2616033427230047,8.70682132339263,8.366835309827675,8.24354550792826,8.392310009269547,8.392310009269547,8.536828316610151,8.439067380382854,0.33998601356495506
Ávila,2023,7,5674.0,4652.0,3802.0,4652.0,6043.0,4301.0,3802.0,0.19859710173024148,8.445267451844648,8.70682132339263,8.366835309827675,8.24354550792826,8.24354550792826,8.576044387618639,8.506308028354985,-0.2615538715479815
Ávila,2023,8,5350.0,5674.0,4301.0,5674.0,4652.0,6043.0,4301.0,-0.058797775478742764,8.643825842349603,8.445267451844648,8.70682132339263,8.366835309827675,8.366835309827675,8.544546647097125,8.598638205862294,0.19855839050495483
Ávila,2024,5,8737.0,5350.0,6043.0,5350.0,5674.0,4652.0,6043.0,0.4904703204080416,8.585038738311304,8.643825842349603,8.445267451844648,8.70682132339263,8.70682132339263,8.614432290330454,8.558044010835184,-0.058787104038298565
Ávila,2024,6,5414.0,8737.0,4652.0,8737.0,5350.0,5674.0,4652.0,-0.47857869012384846,9.075436609511382,8.585038738311304,8.643825842349603,8.445267451844648,8.445267451844648,8.830237673911343,8.768100396724096,0.49039787120007716
Ávila,2024,7,5379.0,5414.0,5674.0,5414.0,8737.0,5350.0,5674.0,-0.006485707901003224,8.596928159435091,9.075436609511382,8.585038738311304,8.643825842349603,8.643825842349603,8.836182384473236,8.752467835752592,-0.4785084500762906
Ávila,2024,8,4708.0,5379.0,5350.0,5379.0,5414.0,8737.0,5350.0,-0.13323929389307487,8.59044365315583,8.596928159435091,9.075436609511382,8.585038738311304,8.585038738311304,8.59368590629546,8.754269474034102,-0.006484506279260671
