Provincias,Año,Mes,Turistas_totales
A Coruña,1999,1,4292.0
A Coruña,1999,2,5241.0
A Coruña,1999,3,8533.0
A Coruña,1999,4,20900.0
A Coruña,1999,5,20009.0
A Coruña,1999,6,26502.0
A Coruña,1999,7,29981.0
A Coruña,1999,8,34504.0
A Coruña,1999,9,35897.0
A Coruña,1999,10,20201.0
A Coruña,1999,11,9371.0
A Coruña,1999,12,8380.0
A Coruña,2000,1,4530.0
A Coruña,2000,2,5252.0
A Coruña,2000,3,10127.0
A Coruña,2000,4,17391.0
A Coruña,2000,5,23734.0
A Coruña,2000,6,23406.0
A Coruña,2000,7,34173.0
A Coruña,2000,8,41807.0
A Coruña,2000,9,35208.0
A Coruña,2000,10,24508.0
A Coruña,2000,11,11283.0
A Coruña,2000,12,12124.0
A Coruña,2001,1,4912.0
A Coruña,2001,2,13683.0
A Coruña,2001,3,15435.0
A Coruña,2001,4,20740.0
A Coruña,2001,5,22710.0
A Coruña,2001,6,26662.0
A Coruña,2001,7,32838.0
A Coruña,2001,8,39131.0
A Coruña,2001,9,25441.0
A Coruña,2001,10,19882.0
A Coruña,2001,11,10666.0
A Coruña,2001,12,8390.0
A Coruña,2002,1,4598.0
A Coruña,2002,2,7340.0
A Coruña,2002,3,12015.0
A Coruña,2002,4,23155.0
A Coruña,2002,5,28278.0
A Coruña,2002,6,28773.0
A Coruña,2002,7,32133.0
A Coruña,2002,8,46825.0
A Coruña,2002,9,34886.0
A Coruña,2002,10,23035.0
A Coruña,2002,11,11595.0
A Coruña,2002,12,9069.0
A Coruña,2003,1,7475.0
A Coruña,2003,2,7559.0
A Coruña,2003,3,13801.0
A Coruña,2003,4,26615.0
A Coruña,2003,5,34058.0
A Coruña,2003,6,36625.0
A Coruña,2003,7,35302.0
A Coruña,2003,8,50953.0
A Coruña,2003,9,41507.0
A Coruña,2003,10,27739.0
A Coruña,2003,11,14517.0
A Coruña,2003,12,10536.0
A Coruña,2004,1,8140.0
A Coruña,2004,2,12620.0
A Coruña,2004,3,13612.0
A Coruña,2004,4,22944.0
A Coruña,2004,5,36958.0
A Coruña,2004,6,32715.0
A Coruña,2004,7,40787.0
A Coruña,2004,8,47853.0
A Coruña,2004,9,44526.0
A Coruña,2004,10,32739.0
A Coruña,2004,11,15475.0
A Coruña,2004,12,11003.0
A Coruña,2005,1,8992.0
A Coruña,2005,2,10508.0
A Coruña,2005,3,15484.0
A Coruña,2005,4,26529.0
A Coruña,2005,5,36436.0
A Coruña,2005,6,38887.0
A Coruña,2005,7,42885.0
A Coruña,2005,8,51505.0
A Coruña,2005,9,42293.0
A Coruña,2005,10,33779.0
A Coruña,2005,11,16288.0
A Coruña,2005,12,13487.0
A Coruña,2006,1,12006.0
A Coruña,2006,2,13091.0
A Coruña,2006,3,14876.0
A Coruña,2006,4,29785.0
A Coruña,2006,5,40455.0
A Coruña,2006,6,39525.0
A Coruña,2006,7,43003.0
A Coruña,2006,8,49654.0
A Coruña,2006,9,41307.0
A Coruña,2006,10,33463.0
A Coruña,2006,11,14654.0
A Coruña,2006,12,13663.0
A Coruña,2007,1,10989.0
A Coruña,2007,2,14505.0
A Coruña,2007,3,16985.0
A Coruña,2007,4,34045.0
A Coruña,2007,5,47897.0
A Coruña,2007,6,48956.0
A Coruña,2007,7,47819.0
A Coruña,2007,8,56408.0
A Coruña,2007,9,48925.0
A Coruña,2007,10,43384.0
A Coruña,2007,11,19537.0
A Coruña,2007,12,13590.0
A Coruña,2008,1,11613.0
A Coruña,2008,2,15494.0
A Coruña,2008,3,19491.0
A Coruña,2008,4,31766.0
A Coruña,2008,5,47664.0
A Coruña,2008,6,42770.0
A Coruña,2008,7,41378.0
A Coruña,2008,8,46301.0
A Coruña,2008,9,42025.0
A Coruña,2008,10,33032.0
A Coruña,2008,11,16156.0
A Coruña,2008,12,10977.0
A Coruña,2009,1,9759.0
A Coruña,2009,2,13359.0
A Coruña,2009,3,14622.0
A Coruña,2009,4,25737.0
A Coruña,2009,5,42948.0
A Coruña,2009,6,42366.0
A Coruña,2009,7,43470.0
A Coruña,2009,8,45116.0
A Coruña,2009,9,46273.0
A Coruña,2009,10,38802.0
A Coruña,2009,11,15029.0
A Coruña,2009,12,11349.0
A Coruña,2010,1,8596.0
A Coruña,2010,2,12420.0
A Coruña,2010,3,14233.0
A Coruña,2010,4,28818.0
A Coruña,2010,5,49028.0
A Coruña,2010,6,47508.0
A Coruña,2010,7,53864.0
A Coruña,2010,8,58280.0
A Coruña,2010,9,60349.0
A Coruña,2010,10,45757.0
A Coruña,2010,11,14851.0
A Coruña,2010,12,11927.0
A Coruña,2011,1,8258.0
A Coruña,2011,2,10078.0
A Coruña,2011,3,14668.0
A Coruña,2011,4,30157.0
A Coruña,2011,5,47422.0
A Coruña,2011,6,49322.0
A Coruña,2011,7,50356.0
A Coruña,2011,8,63328.0
A Coruña,2011,9,57923.0
A Coruña,2011,10,38093.0
A Coruña,2011,11,14421.0
A Coruña,2011,12,9340.0
A Coruña,2012,1,9207.0
A Coruña,2012,2,10452.0
A Coruña,2012,3,15321.0
A Coruña,2012,4,34332.0
A Coruña,2012,5,54468.0
A Coruña,2012,6,50831.0
A Coruña,2012,7,47703.0
A Coruña,2012,8,61918.0
A Coruña,2012,9,65807.0
A Coruña,2012,10,43978.0
A Coruña,2012,11,14196.0
A Coruña,2012,12,11543.0
A Coruña,2013,1,8693.0
A Coruña,2013,2,10666.0
A Coruña,2013,3,18670.0
A Coruña,2013,4,35086.0
A Coruña,2013,5,64295.0
A Coruña,2013,6,69579.0
A Coruña,2013,7,63568.0
A Coruña,2013,8,73270.0
A Coruña,2013,9,71487.0
A Coruña,2013,10,52421.0
A Coruña,2013,11,17127.0
A Coruña,2013,12,10503.0
A Coruña,2014,1,9976.0
A Coruña,2014,2,10866.0
A Coruña,2014,3,14608.0
A Coruña,2014,4,41636.0
A Coruña,2014,5,78960.0
A Coruña,2014,6,81432.0
A Coruña,2014,7,74266.0
A Coruña,2014,8,84463.0
A Coruña,2014,9,91544.0
A Coruña,2014,10,68340.0
A Coruña,2014,11,18517.0
A Coruña,2014,12,12608.0
A Coruña,2015,1,10985.0
A Coruña,2015,2,11720.0
A Coruña,2015,3,23346.0
A Coruña,2015,4,51660.0
A Coruña,2015,5,94357.0
A Coruña,2015,6,103830.0
A Coruña,2015,7,95818.0
A Coruña,2015,8,105779.0
A Coruña,2015,9,109584.0
A Coruña,2015,10,79313.0
A Coruña,2015,11,23563.0
A Coruña,2015,12,15551.0
A Coruña,2016,1,11094.0
A Coruña,2016,2,13426.0
A Coruña,2016,3,26744.0
A Coruña,2016,4,50084.0
A Coruña,2016,5,101220.0
A Coruña,2016,6,99513.0
A Coruña,2016,7,83214.0
A Coruña,2016,8,100661.0
A Coruña,2016,9,109821.0
A Coruña,2016,10,86702.0
A Coruña,2016,11,25019.0
A Coruña,2016,12,15831.0
A Coruña,2017,1,14186.0
A Coruña,2017,2,15560.0
A Coruña,2017,3,24519.0
A Coruña,2017,4,57887.0
A Coruña,2017,5,100749.0
A Coruña,2017,6,100977.0
A Coruña,2017,7,84469.0
A Coruña,2017,8,92013.0
A Coruña,2017,9,114524.0
A Coruña,2017,10,95022.0
A Coruña,2017,11,30300.0
A Coruña,2017,12,15935.0
A Coruña,2018,1,14014.0
A Coruña,2018,2,16209.0
A Coruña,2018,3,26044.0
A Coruña,2018,4,47970.0
A Coruña,2018,5,88112.0
A Coruña,2018,6,81602.0
A Coruña,2018,7,67530.0
A Coruña,2018,8,83274.0
A Coruña,2018,9,87336.0
A Coruña,2018,10,70710.0
A Coruña,2018,11,26098.0
A Coruña,2018,12,16504.0
A Coruña,2019,1,14508.0
A Coruña,2019,2,14507.0
A Coruña,2019,3,25439.0
A Coruña,2019,4,59056.0
A Coruña,2019,5,91799.0
A Coruña,2019,6,85363.0
A Coruña,2019,7,66236.0
A Coruña,2019,8,75809.0
A Coruña,2019,9,96970.0
A Coruña,2019,10,80071.0
A Coruña,2019,11,26033.0
A Coruña,2019,12,16713.0
A Coruña,2020,1,16962.0
A Coruña,2020,2,19758.0
A Coruña,2020,3,6964.0
A Coruña,2020,4,0.0
A Coruña,2020,5,135.0
A Coruña,2020,6,1485.0
A Coruña,2020,7,11394.0
A Coruña,2020,8,17248.0
A Coruña,2020,9,9193.0
A Coruña,2020,10,7301.0
A Coruña,2020,11,2921.0
A Coruña,2020,12,2012.0
A Coruña,2021,1,1697.0
A Coruña,2021,2,1380.0
A Coruña,2021,3,2879.0
A Coruña,2021,4,2890.0
A Coruña,2021,5,7570.0
A Coruña,2021,6,17566.0
A Coruña,2021,7,31093.0
A Coruña,2021,8,38091.0
A Coruña,2021,9,50405.0
A Coruña,2021,10,52210.0
A Coruña,2021,11,20755.0
A Coruña,2021,12,12458.0
A Coruña,2022,1,10804.0
A Coruña,2022,2,13320.0
A Coruña,2022,3,24794.0
A Coruña,2022,4,57536.0
A Coruña,2022,5,97410.0
A Coruña,2022,6,94573.0
A Coruña,2022,7,82142.0
A Coruña,2022,8,80681.0
A Coruña,2022,9,105761.0
A Coruña,2022,10,94199.0
A Coruña,2022,11,28034.0
A Coruña,2022,12,18050.0
A Coruña,2023,1,16431.0
A Coruña,2023,2,20281.0
A Coruña,2023,3,32053.0
A Coruña,2023,4,80804.0
A Coruña,2023,5,118698.0
A Coruña,2023,6,105707.0
A Coruña,2023,7,81785.0
A Coruña,2023,8,91598.0
A Coruña,2023,9,128113.0
A Coruña,2023,10,112764.0
A Coruña,2023,11,32649.0
A Coruña,2023,12,21797.0
A Coruña,2024,1,15782.0
A Coruña,2024,2,20892.0
A Coruña,2024,3,38544.0
A Coruña,2024,4,87442.0
A Coruña,2024,5,139649.0
A Coruña,2024,6,109641.0
A Coruña,2024,7,85487.0
A Coruña,2024,8,94202.0
A Coruña,2024,9,128835.0
A Coruña,2024,10,113150.0
A Coruña,2024,11,37670.0
A Coruña,2024,12,21274.0
A Coruña,2025,1,17353.0
A Coruña,2025,2,20557.0
A Coruña,2025,3,35226.0
A Coruña,2025,4,81699.0
A Coruña,2025,5,135778.0
A Coruña,2025,6,114384.0
A Coruña,2025,7,86281.0
A Coruña,2025,8,89110.0
A Coruña,2025,9,127957.0
Albacete,1999,1,676.0
Albacete,1999,2,1035.0
Albacete,1999,3,1024.0
Albacete,1999,4,1221.0
Albacete,1999,5,2605.0
Albacete,1999,6,1015.0
Albacete,1999,7,1544.0
Albacete,1999,8,3245.0
Albacete,1999,9,2111.0
Albacete,1999,10,1819.0
Albacete,1999,11,1729.0
Albacete,1999,12,1302.0
Albacete,2000,1,735.0
Albacete,2000,2,1199.0
Albacete,2000,3,1140.0
Albacete,2000,4,1805.0
Albacete,2000,5,1743.0
Albacete,2000,6,1333.0
Albacete,2000,7,1459.0
Albacete,2000,8,2272.0
Albacete,2000,9,1922.0
Albacete,2000,10,1999.0
Albacete,2000,11,1020.0
Albacete,2000,12,1022.0
Albacete,2001,1,1520.0
Albacete,2001,2,1527.0
Albacete,2001,3,1532.0
Albacete,2001,4,2362.0
Albacete,2001,5,2285.0
Albacete,2001,6,1289.0
Albacete,2001,7,1770.0
Albacete,2001,8,2149.0
Albacete,2001,9,1673.0
Albacete,2001,10,1855.0
Albacete,2001,11,1132.0
Albacete,2001,12,1215.0
Albacete,2002,1,1380.0
Albacete,2002,2,1361.0
Albacete,2002,3,1100.0
Albacete,2002,4,1963.0
Albacete,2002,5,1640.0
Albacete,2002,6,2112.0
Albacete,2002,7,1824.0
Albacete,2002,8,2091.0
Albacete,2002,9,1699.0
Albacete,2002,10,2424.0
Albacete,2002,11,1385.0
Albacete,2002,12,1537.0
Albacete,2003,1,1249.0
Albacete,2003,2,1076.0
Albacete,2003,3,1177.0
Albacete,2003,4,1626.0
Albacete,2003,5,2053.0
Albacete,2003,6,1859.0
Albacete,2003,7,2122.0
Albacete,2003,8,2211.0
Albacete,2003,9,2748.0
Albacete,2003,10,2345.0
Albacete,2003,11,1711.0
Albacete,2003,12,1164.0
Albacete,2004,1,924.0
Albacete,2004,2,1022.0
Albacete,2004,3,1902.0
Albacete,2004,4,2176.0
Albacete,2004,5,2467.0
Albacete,2004,6,2173.0
Albacete,2004,7,1829.0
Albacete,2004,8,2559.0
Albacete,2004,9,2568.0
Albacete,2004,10,2942.0
Albacete,2004,11,1885.0
Albacete,2004,12,1294.0
Albacete,2005,1,1172.0
Albacete,2005,2,1118.0
Albacete,2005,3,1318.0
Albacete,2005,4,1682.0
Albacete,2005,5,2331.0
Albacete,2005,6,1846.0
Albacete,2005,7,1585.0
Albacete,2005,8,2314.0
Albacete,2005,9,2207.0
Albacete,2005,10,2028.0
Albacete,2005,11,1514.0
Albacete,2005,12,912.0
Albacete,2006,1,1123.0
Albacete,2006,2,1147.0
Albacete,2006,3,1803.0
Albacete,2006,4,1600.0
Albacete,2006,5,1822.0
Albacete,2006,6,2325.0
Albacete,2006,7,2543.0
Albacete,2006,8,2547.0
Albacete,2006,9,2906.0
Albacete,2006,10,2540.0
Albacete,2006,11,1992.0
Albacete,2006,12,1175.0
Albacete,2007,1,2018.0
Albacete,2007,2,1389.0
Albacete,2007,3,1702.0
Albacete,2007,4,1939.0
Albacete,2007,5,2948.0
Albacete,2007,6,3163.0
Albacete,2007,7,2402.0
Albacete,2007,8,2695.0
Albacete,2007,9,2433.0
Albacete,2007,10,2046.0
Albacete,2007,11,1681.0
Albacete,2007,12,1392.0
Albacete,2008,1,1781.0
Albacete,2008,2,1818.0
Albacete,2008,3,2125.0
Albacete,2008,4,1900.0
Albacete,2008,5,2211.0
Albacete,2008,6,2281.0
Albacete,2008,7,1677.0
Albacete,2008,8,2457.0
Albacete,2008,9,2323.0
Albacete,2008,10,2540.0
Albacete,2008,11,1851.0
Albacete,2008,12,1257.0
Albacete,2009,1,1212.0
Albacete,2009,2,1165.0
Albacete,2009,3,1782.0
Albacete,2009,4,1990.0
Albacete,2009,5,2698.0
Albacete,2009,6,2071.0
Albacete,2009,7,1625.0
Albacete,2009,8,2321.0
Albacete,2009,9,1597.0
Albacete,2009,10,2173.0
Albacete,2009,11,1452.0
Albacete,2009,12,895.0
Albacete,2010,1,1333.0
Albacete,2010,2,1388.0
Albacete,2010,3,1658.0
Albacete,2010,4,2142.0
Albacete,2010,5,3546.0
Albacete,2010,6,2461.0
Albacete,2010,7,2305.0
Albacete,2010,8,2086.0
Albacete,2010,9,2973.0
Albacete,2010,10,2988.0
Albacete,2010,11,1939.0
Albacete,2010,12,1410.0
Albacete,2011,1,1562.0
Albacete,2011,2,1505.0
Albacete,2011,3,2020.0
Albacete,2011,4,2366.0
Albacete,2011,5,2770.0
Albacete,2011,6,2619.0
Albacete,2011,7,2252.0
Albacete,2011,8,1824.0
Albacete,2011,9,2631.0
Albacete,2011,10,2992.0
Albacete,2011,11,1606.0
Albacete,2011,12,1076.0
Albacete,2012,1,1323.0
Albacete,2012,2,1702.0
Albacete,2012,3,2007.0
Albacete,2012,4,2053.0
Albacete,2012,5,2528.0
Albacete,2012,6,2494.0
Albacete,2012,7,1827.0
Albacete,2012,8,2419.0
Albacete,2012,9,2639.0
Albacete,2012,10,2093.0
Albacete,2012,11,1645.0
Albacete,2012,12,1148.0
Albacete,2013,1,1023.0
Albacete,2013,2,1034.0
Albacete,2013,3,2394.0
Albacete,2013,4,1798.0
Albacete,2013,5,2731.0
Albacete,2013,6,1913.0
Albacete,2013,7,1720.0
Albacete,2013,8,1725.0
Albacete,2013,9,2436.0
Albacete,2013,10,2530.0
Albacete,2013,11,1602.0
Albacete,2013,12,1159.0
Albacete,2014,1,1034.0
Albacete,2014,2,1276.0
Albacete,2014,3,1588.0
Albacete,2014,4,2392.0
Albacete,2014,5,1976.0
Albacete,2014,6,2020.0
Albacete,2014,7,2341.0
Albacete,2014,8,2143.0
Albacete,2014,9,2721.0
Albacete,2014,10,2603.0
Albacete,2014,11,1564.0
Albacete,2014,12,963.0
Albacete,2015,1,1114.0
Albacete,2015,2,1320.0
Albacete,2015,3,1460.0
Albacete,2015,4,1907.0
Albacete,2015,5,2414.0
Albacete,2015,6,2009.0
Albacete,2015,7,2037.0
Albacete,2015,8,2171.0
Albacete,2015,9,2380.0
Albacete,2015,10,2867.0
Albacete,2015,11,2223.0
Albacete,2015,12,1435.0
Albacete,2016,1,2366.0
Albacete,2016,2,1214.0
Albacete,2016,3,2413.0
Albacete,2016,4,2376.0
Albacete,2016,5,2984.0
Albacete,2016,6,2558.0
Albacete,2016,7,2282.0
Albacete,2016,8,2483.0
Albacete,2016,9,3111.0
Albacete,2016,10,3168.0
Albacete,2016,11,2484.0
Albacete,2016,12,1204.0
Albacete,2017,1,1782.0
Albacete,2017,2,1671.0
Albacete,2017,3,2014.0
Albacete,2017,4,3075.0
Albacete,2017,5,3177.0
Albacete,2017,6,2719.0
Albacete,2017,7,3005.0
Albacete,2017,8,2793.0
Albacete,2017,9,3062.0
Albacete,2017,10,2885.0
Albacete,2017,11,2303.0
Albacete,2017,12,1625.0
Albacete,2018,1,2067.0
Albacete,2018,2,2228.0
Albacete,2018,3,2718.0
Albacete,2018,4,2970.0
Albacete,2018,5,2987.0
Albacete,2018,6,2766.0
Albacete,2018,7,2769.0
Albacete,2018,8,2840.0
Albacete,2018,9,3723.0
Albacete,2018,10,3355.0
Albacete,2018,11,2211.0
Albacete,2018,12,1768.0
Albacete,2019,1,1991.0
Albacete,2019,2,2603.0
Albacete,2019,3,2559.0
Albacete,2019,4,3179.0
Albacete,2019,5,3749.0
Albacete,2019,6,3372.0
Albacete,2019,7,3599.0
Albacete,2019,8,3343.0
Albacete,2019,9,3447.0
Albacete,2019,10,3797.0
Albacete,2019,11,2654.0
Albacete,2019,12,2271.0
Albacete,2020,1,2002.0
Albacete,2020,2,2585.0
Albacete,2020,3,892.0
Albacete,2020,4,0.0
Albacete,2020,5,265.0
Albacete,2020,6,661.0
Albacete,2020,7,1561.0
Albacete,2020,8,1325.0
Albacete,2020,9,1471.0
Albacete,2020,10,1713.0
Albacete,2020,11,713.0
Albacete,2020,12,833.0
Albacete,2021,1,624.0
Albacete,2021,2,791.0
Albacete,2021,3,983.0
Albacete,2021,4,949.0
Albacete,2021,5,1689.0
Albacete,2021,6,1781.0
Albacete,2021,7,1904.0
Albacete,2021,8,2407.0
Albacete,2021,9,2961.0
Albacete,2021,10,2984.0
Albacete,2021,11,2735.0
Albacete,2021,12,1812.0
Albacete,2022,1,1525.0
Albacete,2022,2,2755.0
Albacete,2022,3,2440.0
Albacete,2022,4,3040.0
Albacete,2022,5,3871.0
Albacete,2022,6,3350.0
Albacete,2022,7,3624.0
Albacete,2022,8,4218.0
Albacete,2022,9,3715.0
Albacete,2022,10,3847.0
Albacete,2022,11,3848.0
Albacete,2022,12,2356.0
Albacete,2023,1,2386.0
Albacete,2023,2,2390.0
Albacete,2023,3,3176.0
Albacete,2023,4,3306.0
Albacete,2023,5,4148.0
Albacete,2023,6,3688.0
Albacete,2023,7,3908.0
Albacete,2023,8,4117.0
Albacete,2023,9,4246.0
Albacete,2023,10,3958.0
Albacete,2023,11,2872.0
Albacete,2023,12,2619.0
Albacete,2024,1,2229.0
Albacete,2024,2,2475.0
Albacete,2024,3,4141.0
Albacete,2024,4,4132.0
Albacete,2024,5,4810.0
Albacete,2024,6,3916.0
Albacete,2024,7,3825.0
Albacete,2024,8,4375.0
Albacete,2024,9,4388.0
Albacete,2024,10,4890.0
Albacete,2024,11,4451.0
Albacete,2024,12,3281.0
Albacete,2025,1,3571.0
Albacete,2025,2,3890.0
Albacete,2025,3,4128.0
Albacete,2025,4,4954.0
Albacete,2025,5,5340.0
Albacete,2025,6,4138.0
Albacete,2025,7,4750.0
Albacete,2025,8,4618.0
Albacete,2025,9,5140.0
Alicante/Alacant,1999,1,63712.0
Alicante/Alacant,1999,2,76523.0
Alicante/Alacant,1999,3,75072.0
Alicante/Alacant,1999,4,81192.0
Alicante/Alacant,1999,5,100049.0
Alicante/Alacant,1999,6,94249.0
Alicante/Alacant,1999,7,102815.0
Alicante/Alacant,1999,8,107668.0
Alicante/Alacant,1999,9,132237.0
Alicante/Alacant,1999,10,108379.0
Alicante/Alacant,1999,11,88361.0
Alicante/Alacant,1999,12,68639.0
Alicante/Alacant,2000,1,60731.0
Alicante/Alacant,2000,2,71692.0
Alicante/Alacant,2000,3,81273.0
Alicante/Alacant,2000,4,84426.0
Alicante/Alacant,2000,5,98710.0
Alicante/Alacant,2000,6,87936.0
Alicante/Alacant,2000,7,92193.0
Alicante/Alacant,2000,8,94817.0
Alicante/Alacant,2000,9,103687.0
Alicante/Alacant,2000,10,95688.0
Alicante/Alacant,2000,11,76606.0
Alicante/Alacant,2000,12,53303.0
Alicante/Alacant,2001,1,64657.0
Alicante/Alacant,2001,2,64277.0
Alicante/Alacant,2001,3,82423.0
Alicante/Alacant,2001,4,84797.0
Alicante/Alacant,2001,5,101802.0
Alicante/Alacant,2001,6,99264.0
Alicante/Alacant,2001,7,88151.0
Alicante/Alacant,2001,8,90312.0
Alicante/Alacant,2001,9,94548.0
Alicante/Alacant,2001,10,87025.0
Alicante/Alacant,2001,11,74926.0
Alicante/Alacant,2001,12,86155.0
Alicante/Alacant,2002,1,60812.0
Alicante/Alacant,2002,2,66438.0
Alicante/Alacant,2002,3,89572.0
Alicante/Alacant,2002,4,89132.0
Alicante/Alacant,2002,5,98155.0
Alicante/Alacant,2002,6,89625.0
Alicante/Alacant,2002,7,89519.0
Alicante/Alacant,2002,8,94046.0
Alicante/Alacant,2002,9,102532.0
Alicante/Alacant,2002,10,93840.0
Alicante/Alacant,2002,11,82460.0
Alicante/Alacant,2002,12,66427.0
Alicante/Alacant,2003,1,69430.0
Alicante/Alacant,2003,2,76532.0
Alicante/Alacant,2003,3,104273.0
Alicante/Alacant,2003,4,114100.0
Alicante/Alacant,2003,5,130861.0
Alicante/Alacant,2003,6,122635.0
Alicante/Alacant,2003,7,128392.0
Alicante/Alacant,2003,8,119010.0
Alicante/Alacant,2003,9,118185.0
Alicante/Alacant,2003,10,116578.0
Alicante/Alacant,2003,11,78238.0
Alicante/Alacant,2003,12,62969.0
Alicante/Alacant,2004,1,68333.0
Alicante/Alacant,2004,2,81898.0
Alicante/Alacant,2004,3,98336.0
Alicante/Alacant,2004,4,99909.0
Alicante/Alacant,2004,5,115263.0
Alicante/Alacant,2004,6,99686.0
Alicante/Alacant,2004,7,93073.0
Alicante/Alacant,2004,8,107269.0
Alicante/Alacant,2004,9,111046.0
Alicante/Alacant,2004,10,107316.0
Alicante/Alacant,2004,11,83317.0
Alicante/Alacant,2004,12,67176.0
Alicante/Alacant,2005,1,72241.0
Alicante/Alacant,2005,2,83552.0
Alicante/Alacant,2005,3,101210.0
Alicante/Alacant,2005,4,99429.0
Alicante/Alacant,2005,5,120546.0
Alicante/Alacant,2005,6,126759.0
Alicante/Alacant,2005,7,120588.0
Alicante/Alacant,2005,8,129111.0
Alicante/Alacant,2005,9,132056.0
Alicante/Alacant,2005,10,108887.0
Alicante/Alacant,2005,11,89912.0
Alicante/Alacant,2005,12,82647.0
Alicante/Alacant,2006,1,91405.0
Alicante/Alacant,2006,2,80975.0
Alicante/Alacant,2006,3,114270.0
Alicante/Alacant,2006,4,118972.0
Alicante/Alacant,2006,5,145046.0
Alicante/Alacant,2006,6,135687.0
Alicante/Alacant,2006,7,137507.0
Alicante/Alacant,2006,8,137948.0
Alicante/Alacant,2006,9,143259.0
Alicante/Alacant,2006,10,130430.0
Alicante/Alacant,2006,11,120343.0
Alicante/Alacant,2006,12,88427.0
Alicante/Alacant,2007,1,80210.0
Alicante/Alacant,2007,2,85344.0
Alicante/Alacant,2007,3,106211.0
Alicante/Alacant,2007,4,109237.0
Alicante/Alacant,2007,5,136407.0
Alicante/Alacant,2007,6,135204.0
Alicante/Alacant,2007,7,140886.0
Alicante/Alacant,2007,8,144571.0
Alicante/Alacant,2007,9,139579.0
Alicante/Alacant,2007,10,122013.0
Alicante/Alacant,2007,11,98889.0
Alicante/Alacant,2007,12,78259.0
Alicante/Alacant,2008,1,77814.0
Alicante/Alacant,2008,2,85407.0
Alicante/Alacant,2008,3,107840.0
Alicante/Alacant,2008,4,115400.0
Alicante/Alacant,2008,5,133980.0
Alicante/Alacant,2008,6,125416.0
Alicante/Alacant,2008,7,133392.0
Alicante/Alacant,2008,8,143815.0
Alicante/Alacant,2008,9,136590.0
Alicante/Alacant,2008,10,112266.0
Alicante/Alacant,2008,11,87269.0
Alicante/Alacant,2008,12,65918.0
Alicante/Alacant,2009,1,62774.0
Alicante/Alacant,2009,2,67545.0
Alicante/Alacant,2009,3,90951.0
Alicante/Alacant,2009,4,97919.0
Alicante/Alacant,2009,5,112342.0
Alicante/Alacant,2009,6,104850.0
Alicante/Alacant,2009,7,123296.0
Alicante/Alacant,2009,8,122388.0
Alicante/Alacant,2009,9,122497.0
Alicante/Alacant,2009,10,118595.0
Alicante/Alacant,2009,11,81638.0
Alicante/Alacant,2009,12,65038.0
Alicante/Alacant,2010,1,65651.0
Alicante/Alacant,2010,2,66461.0
Alicante/Alacant,2010,3,87994.0
Alicante/Alacant,2010,4,112664.0
Alicante/Alacant,2010,5,124497.0
Alicante/Alacant,2010,6,124016.0
Alicante/Alacant,2010,7,126111.0
Alicante/Alacant,2010,8,125089.0
Alicante/Alacant,2010,9,124567.0
Alicante/Alacant,2010,10,119018.0
Alicante/Alacant,2010,11,76650.0
Alicante/Alacant,2010,12,56355.0
Alicante/Alacant,2011,1,55378.0
Alicante/Alacant,2011,2,61065.0
Alicante/Alacant,2011,3,88913.0
Alicante/Alacant,2011,4,120635.0
Alicante/Alacant,2011,5,132990.0
Alicante/Alacant,2011,6,128672.0
Alicante/Alacant,2011,7,137659.0
Alicante/Alacant,2011,8,127042.0
Alicante/Alacant,2011,9,145128.0
Alicante/Alacant,2011,10,142107.0
Alicante/Alacant,2011,11,84804.0
Alicante/Alacant,2011,12,60637.0
Alicante/Alacant,2012,1,53855.0
Alicante/Alacant,2012,2,63389.0
Alicante/Alacant,2012,3,96185.0
Alicante/Alacant,2012,4,105577.0
Alicante/Alacant,2012,5,129002.0
Alicante/Alacant,2012,6,141508.0
Alicante/Alacant,2012,7,141004.0
Alicante/Alacant,2012,8,148595.0
Alicante/Alacant,2012,9,146229.0
Alicante/Alacant,2012,10,132820.0
Alicante/Alacant,2012,11,90422.0
Alicante/Alacant,2012,12,65634.0
Alicante/Alacant,2013,1,57977.0
Alicante/Alacant,2013,2,60245.0
Alicante/Alacant,2013,3,92196.0
Alicante/Alacant,2013,4,133012.0
Alicante/Alacant,2013,5,157389.0
Alicante/Alacant,2013,6,156015.0
Alicante/Alacant,2013,7,158253.0
Alicante/Alacant,2013,8,164488.0
Alicante/Alacant,2013,9,162274.0
Alicante/Alacant,2013,10,144365.0
Alicante/Alacant,2013,11,103036.0
Alicante/Alacant,2013,12,69443.0
Alicante/Alacant,2014,1,65967.0
Alicante/Alacant,2014,2,75971.0
Alicante/Alacant,2014,3,101127.0
Alicante/Alacant,2014,4,137152.0
Alicante/Alacant,2014,5,157846.0
Alicante/Alacant,2014,6,155542.0
Alicante/Alacant,2014,7,151359.0
Alicante/Alacant,2014,8,158170.0
Alicante/Alacant,2014,9,167826.0
Alicante/Alacant,2014,10,157061.0
Alicante/Alacant,2014,11,98429.0
Alicante/Alacant,2014,12,70317.0
Alicante/Alacant,2015,1,63465.0
Alicante/Alacant,2015,2,67502.0
Alicante/Alacant,2015,3,103675.0
Alicante/Alacant,2015,4,135571.0
Alicante/Alacant,2015,5,175277.0
Alicante/Alacant,2015,6,158450.0
Alicante/Alacant,2015,7,160027.0
Alicante/Alacant,2015,8,165611.0
Alicante/Alacant,2015,9,168564.0
Alicante/Alacant,2015,10,160989.0
Alicante/Alacant,2015,11,97942.0
Alicante/Alacant,2015,12,79127.0
Alicante/Alacant,2016,1,77843.0
Alicante/Alacant,2016,2,85874.0
Alicante/Alacant,2016,3,123574.0
Alicante/Alacant,2016,4,162815.0
Alicante/Alacant,2016,5,181447.0
Alicante/Alacant,2016,6,172341.0
Alicante/Alacant,2016,7,192717.0
Alicante/Alacant,2016,8,185935.0
Alicante/Alacant,2016,9,195181.0
Alicante/Alacant,2016,10,176827.0
Alicante/Alacant,2016,11,120540.0
Alicante/Alacant,2016,12,86283.0
Alicante/Alacant,2017,1,98777.0
Alicante/Alacant,2017,2,103168.0
Alicante/Alacant,2017,3,151684.0
Alicante/Alacant,2017,4,184610.0
Alicante/Alacant,2017,5,210328.0
Alicante/Alacant,2017,6,199578.0
Alicante/Alacant,2017,7,226359.0
Alicante/Alacant,2017,8,215630.0
Alicante/Alacant,2017,9,224262.0
Alicante/Alacant,2017,10,198333.0
Alicante/Alacant,2017,11,126554.0
Alicante/Alacant,2017,12,101769.0
Alicante/Alacant,2018,1,99916.0
Alicante/Alacant,2018,2,104706.0
Alicante/Alacant,2018,3,151379.0
Alicante/Alacant,2018,4,184480.0
Alicante/Alacant,2018,5,216679.0
Alicante/Alacant,2018,6,203655.0
Alicante/Alacant,2018,7,209909.0
Alicante/Alacant,2018,8,204241.0
Alicante/Alacant,2018,9,228751.0
Alicante/Alacant,2018,10,205717.0
Alicante/Alacant,2018,11,136527.0
Alicante/Alacant,2018,12,106513.0
Alicante/Alacant,2019,1,100324.0
Alicante/Alacant,2019,2,113873.0
Alicante/Alacant,2019,3,146402.0
Alicante/Alacant,2019,4,176826.0
Alicante/Alacant,2019,5,203063.0
Alicante/Alacant,2019,6,197779.0
Alicante/Alacant,2019,7,208572.0
Alicante/Alacant,2019,8,205907.0
Alicante/Alacant,2019,9,217481.0
Alicante/Alacant,2019,10,193405.0
Alicante/Alacant,2019,11,137583.0
Alicante/Alacant,2019,12,102588.0
Alicante/Alacant,2020,1,97449.0
Alicante/Alacant,2020,2,115921.0
Alicante/Alacant,2020,3,70694.0
Alicante/Alacant,2020,4,0.0
Alicante/Alacant,2020,5,378.0
Alicante/Alacant,2020,6,3750.0
Alicante/Alacant,2020,7,44885.0
Alicante/Alacant,2020,8,55719.0
Alicante/Alacant,2020,9,26354.0
Alicante/Alacant,2020,10,24438.0
Alicante/Alacant,2020,11,11186.0
Alicante/Alacant,2020,12,12153.0
Alicante/Alacant,2021,1,8012.0
Alicante/Alacant,2021,2,4684.0
Alicante/Alacant,2021,3,9187.0
Alicante/Alacant,2021,4,12563.0
Alicante/Alacant,2021,5,28038.0
Alicante/Alacant,2021,6,49979.0
Alicante/Alacant,2021,7,85451.0
Alicante/Alacant,2021,8,127562.0
Alicante/Alacant,2021,9,116046.0
Alicante/Alacant,2021,10,140659.0
Alicante/Alacant,2021,11,92713.0
Alicante/Alacant,2021,12,61512.0
Alicante/Alacant,2022,1,49765.0
Alicante/Alacant,2022,2,78422.0
Alicante/Alacant,2022,3,124360.0
Alicante/Alacant,2022,4,168677.0
Alicante/Alacant,2022,5,196679.0
Alicante/Alacant,2022,6,195961.0
Alicante/Alacant,2022,7,217146.0
Alicante/Alacant,2022,8,219568.0
Alicante/Alacant,2022,9,210661.0
Alicante/Alacant,2022,10,187378.0
Alicante/Alacant,2022,11,123020.0
Alicante/Alacant,2022,12,97349.0
Alicante/Alacant,2023,1,93146.0
Alicante/Alacant,2023,2,105950.0
Alicante/Alacant,2023,3,155088.0
Alicante/Alacant,2023,4,200406.0
Alicante/Alacant,2023,5,223942.0
Alicante/Alacant,2023,6,220241.0
Alicante/Alacant,2023,7,237854.0
Alicante/Alacant,2023,8,237819.0
Alicante/Alacant,2023,9,231229.0
Alicante/Alacant,2023,10,219053.0
Alicante/Alacant,2023,11,148355.0
Alicante/Alacant,2023,12,116511.0
Alicante/Alacant,2024,1,113926.0
Alicante/Alacant,2024,2,137098.0
Alicante/Alacant,2024,3,186820.0
Alicante/Alacant,2024,4,222412.0
Alicante/Alacant,2024,5,254810.0
Alicante/Alacant,2024,6,236519.0
Alicante/Alacant,2024,7,252627.0
Alicante/Alacant,2024,8,263329.0
Alicante/Alacant,2024,9,249425.0
Alicante/Alacant,2024,10,236337.0
Alicante/Alacant,2024,11,165148.0
Alicante/Alacant,2024,12,122438.0
Alicante/Alacant,2025,1,116825.0
Alicante/Alacant,2025,2,141450.0
Alicante/Alacant,2025,3,209868.0
Alicante/Alacant,2025,4,228662.0
Alicante/Alacant,2025,5,271165.0
Alicante/Alacant,2025,6,259188.0
Alicante/Alacant,2025,7,278318.0
Alicante/Alacant,2025,8,289539.0
Alicante/Alacant,2025,9,264935.0
Almería,1999,1,7845.0
Almería,1999,2,11745.0
Almería,1999,3,13948.0
Almería,1999,4,22868.0
Almería,1999,5,29737.0
Almería,1999,6,28740.0
Almería,1999,7,31540.0
Almería,1999,8,28081.0
Almería,1999,9,30376.0
Almería,1999,10,26652.0
Almería,1999,11,12524.0
Almería,1999,12,7778.0
Almería,2000,1,8391.0
Almería,2000,2,15528.0
Almería,2000,3,19934.0
Almería,2000,4,28095.0
Almería,2000,5,31152.0
Almería,2000,6,28760.0
Almería,2000,7,30353.0
Almería,2000,8,30995.0
Almería,2000,9,30794.0
Almería,2000,10,26543.0
Almería,2000,11,12013.0
Almería,2000,12,7956.0
Almería,2001,1,11059.0
Almería,2001,2,12062.0
Almería,2001,3,17975.0
Almería,2001,4,24422.0
Almería,2001,5,32491.0
Almería,2001,6,31934.0
Almería,2001,7,27442.0
Almería,2001,8,30993.0
Almería,2001,9,31476.0
Almería,2001,10,30606.0
Almería,2001,11,12848.0
Almería,2001,12,7993.0
Almería,2002,1,9064.0
Almería,2002,2,10239.0
Almería,2002,3,16306.0
Almería,2002,4,18573.0
Almería,2002,5,32333.0
Almería,2002,6,26544.0
Almería,2002,7,28773.0
Almería,2002,8,28323.0
Almería,2002,9,29331.0
Almería,2002,10,27366.0
Almería,2002,11,11752.0
Almería,2002,12,8375.0
Almería,2003,1,9554.0
Almería,2003,2,12691.0
Almería,2003,3,14521.0
Almería,2003,4,18887.0
Almería,2003,5,27371.0
Almería,2003,6,26024.0
Almería,2003,7,25245.0
Almería,2003,8,28421.0
Almería,2003,9,27468.0
Almería,2003,10,22656.0
Almería,2003,11,12030.0
Almería,2003,12,10101.0
Almería,2004,1,10206.0
Almería,2004,2,13148.0
Almería,2004,3,21291.0
Almería,2004,4,21912.0
Almería,2004,5,27861.0
Almería,2004,6,26123.0
Almería,2004,7,24080.0
Almería,2004,8,29243.0
Almería,2004,9,27613.0
Almería,2004,10,24335.0
Almería,2004,11,11454.0
Almería,2004,12,9974.0
Almería,2005,1,13062.0
Almería,2005,2,13668.0
Almería,2005,3,18421.0
Almería,2005,4,16606.0
Almería,2005,5,27443.0
Almería,2005,6,26682.0
Almería,2005,7,29055.0
Almería,2005,8,26020.0
Almería,2005,9,26686.0
Almería,2005,10,25911.0
Almería,2005,11,14456.0
Almería,2005,12,9188.0
Almería,2006,1,15009.0
Almería,2006,2,13720.0
Almería,2006,3,17245.0
Almería,2006,4,19375.0
Almería,2006,5,29981.0
Almería,2006,6,24713.0
Almería,2006,7,30678.0
Almería,2006,8,32272.0
Almería,2006,9,22693.0
Almería,2006,10,20089.0
Almería,2006,11,11911.0
Almería,2006,12,8671.0
Almería,2007,1,9358.0
Almería,2007,2,9828.0
Almería,2007,3,15815.0
Almería,2007,4,22403.0
Almería,2007,5,28822.0
Almería,2007,6,25276.0
Almería,2007,7,27297.0
Almería,2007,8,28775.0
Almería,2007,9,27740.0
Almería,2007,10,22558.0
Almería,2007,11,12874.0
Almería,2007,12,8156.0
Almería,2008,1,8723.0
Almería,2008,2,10424.0
Almería,2008,3,13984.0
Almería,2008,4,24586.0
Almería,2008,5,25167.0
Almería,2008,6,22451.0
Almería,2008,7,24998.0
Almería,2008,8,21875.0
Almería,2008,9,28832.0
Almería,2008,10,19944.0
Almería,2008,11,11303.0
Almería,2008,12,6629.0
Almería,2009,1,7702.0
Almería,2009,2,8410.0
Almería,2009,3,10628.0
Almería,2009,4,13880.0
Almería,2009,5,17689.0
Almería,2009,6,17614.0
Almería,2009,7,25878.0
Almería,2009,8,19841.0
Almería,2009,9,22964.0
Almería,2009,10,16857.0
Almería,2009,11,8195.0
Almería,2009,12,5927.0
Almería,2010,1,6708.0
Almería,2010,2,8711.0
Almería,2010,3,11235.0
Almería,2010,4,11483.0
Almería,2010,5,16419.0
Almería,2010,6,15453.0
Almería,2010,7,17428.0
Almería,2010,8,18539.0
Almería,2010,9,17820.0
Almería,2010,10,14585.0
Almería,2010,11,7081.0
Almería,2010,12,5387.0
Almería,2011,1,5254.0
Almería,2011,2,6520.0
Almería,2011,3,8620.0
Almería,2011,4,13577.0
Almería,2011,5,14840.0
Almería,2011,6,20110.0
Almería,2011,7,22102.0
Almería,2011,8,21230.0
Almería,2011,9,21594.0
Almería,2011,10,14734.0
Almería,2011,11,6474.0
Almería,2011,12,5622.0
Almería,2012,1,6389.0
Almería,2012,2,7740.0
Almería,2012,3,10710.0
Almería,2012,4,10177.0
Almería,2012,5,13953.0
Almería,2012,6,20527.0
Almería,2012,7,22598.0
Almería,2012,8,22802.0
Almería,2012,9,22424.0
Almería,2012,10,13251.0
Almería,2012,11,6894.0
Almería,2012,12,5625.0
Almería,2013,1,6361.0
Almería,2013,2,7344.0
Almería,2013,3,10947.0
Almería,2013,4,12449.0
Almería,2013,5,23113.0
Almería,2013,6,26661.0
Almería,2013,7,29821.0
Almería,2013,8,33347.0
Almería,2013,9,28040.0
Almería,2013,10,18499.0
Almería,2013,11,7495.0
Almería,2013,12,6539.0
Almería,2014,1,6939.0
Almería,2014,2,7839.0
Almería,2014,3,10023.0
Almería,2014,4,16817.0
Almería,2014,5,21148.0
Almería,2014,6,27245.0
Almería,2014,7,31185.0
Almería,2014,8,34150.0
Almería,2014,9,32959.0
Almería,2014,10,21669.0
Almería,2014,11,8981.0
Almería,2014,12,8166.0
Almería,2015,1,7676.0
Almería,2015,2,8443.0
Almería,2015,3,11571.0
Almería,2015,4,15769.0
Almería,2015,5,22565.0
Almería,2015,6,28137.0
Almería,2015,7,36218.0
Almería,2015,8,33360.0
Almería,2015,9,35699.0
Almería,2015,10,21115.0
Almería,2015,11,10267.0
Almería,2015,12,7381.0
Almería,2016,1,8616.0
Almería,2016,2,10588.0
Almería,2016,3,14413.0
Almería,2016,4,19282.0
Almería,2016,5,32865.0
Almería,2016,6,36885.0
Almería,2016,7,47283.0
Almería,2016,8,46067.0
Almería,2016,9,45894.0
Almería,2016,10,30726.0
Almería,2016,11,12577.0
Almería,2016,12,8732.0
Almería,2017,1,9990.0
Almería,2017,2,11265.0
Almería,2017,3,14194.0
Almería,2017,4,23528.0
Almería,2017,5,37564.0
Almería,2017,6,42857.0
Almería,2017,7,50804.0
Almería,2017,8,51294.0
Almería,2017,9,54057.0
Almería,2017,10,34866.0
Almería,2017,11,14057.0
Almería,2017,12,10924.0
Almería,2018,1,10077.0
Almería,2018,2,12173.0
Almería,2018,3,17147.0
Almería,2018,4,23033.0
Almería,2018,5,39624.0
Almería,2018,6,44055.0
Almería,2018,7,49047.0
Almería,2018,8,57449.0
Almería,2018,9,47759.0
Almería,2018,10,34288.0
Almería,2018,11,12389.0
Almería,2018,12,8725.0
Almería,2019,1,9840.0
Almería,2019,2,11589.0
Almería,2019,3,15701.0
Almería,2019,4,22913.0
Almería,2019,5,37121.0
Almería,2019,6,43429.0
Almería,2019,7,50716.0
Almería,2019,8,51605.0
Almería,2019,9,44213.0
Almería,2019,10,30542.0
Almería,2019,11,14050.0
Almería,2019,12,10164.0
Almería,2020,1,11505.0
Almería,2020,2,14311.0
Almería,2020,3,7936.0
Almería,2020,4,0.0
Almería,2020,5,77.0
Almería,2020,6,2973.0
Almería,2020,7,8907.0
Almería,2020,8,10512.0
Almería,2020,9,8239.0
Almería,2020,10,6170.0
Almería,2020,11,2678.0
Almería,2020,12,2219.0
Almería,2021,1,2627.0
Almería,2021,2,1767.0
Almería,2021,3,2777.0
Almería,2021,4,3440.0
Almería,2021,5,5832.0
Almería,2021,6,10941.0
Almería,2021,7,16631.0
Almería,2021,8,20009.0
Almería,2021,9,26258.0
Almería,2021,10,21944.0
Almería,2021,11,10937.0
Almería,2021,12,9503.0
Almería,2022,1,9007.0
Almería,2022,2,10284.0
Almería,2022,3,13274.0
Almería,2022,4,19025.0
Almería,2022,5,28431.0
Almería,2022,6,32084.0
Almería,2022,7,39566.0
Almería,2022,8,41392.0
Almería,2022,9,34974.0
Almería,2022,10,26150.0
Almería,2022,11,12693.0
Almería,2022,12,10226.0
Almería,2023,1,11329.0
Almería,2023,2,11510.0
Almería,2023,3,14950.0
Almería,2023,4,20799.0
Almería,2023,5,30830.0
Almería,2023,6,32878.0
Almería,2023,7,42142.0
Almería,2023,8,42708.0
Almería,2023,9,40404.0
Almería,2023,10,28369.0
Almería,2023,11,13589.0
Almería,2023,12,12125.0
Almería,2024,1,11580.0
Almería,2024,2,15721.0
Almería,2024,3,18910.0
Almería,2024,4,22167.0
Almería,2024,5,36378.0
Almería,2024,6,36583.0
Almería,2024,7,45070.0
Almería,2024,8,46521.0
Almería,2024,9,43074.0
Almería,2024,10,31183.0
Almería,2024,11,13987.0
Almería,2024,12,13619.0
Almería,2025,1,10790.0
Almería,2025,2,12805.0
Almería,2025,3,16484.0
Almería,2025,4,27097.0
Almería,2025,5,32422.0
Almería,2025,6,36043.0
Almería,2025,7,44268.0
Almería,2025,8,45998.0
Almería,2025,9,42163.0
Araba/Álava,1999,1,2207.0
Araba/Álava,1999,2,2735.0
Araba/Álava,1999,3,3291.0
Araba/Álava,1999,4,4371.0
Araba/Álava,1999,5,5881.0
Araba/Álava,1999,6,4964.0
Araba/Álava,1999,7,6774.0
Araba/Álava,1999,8,9089.0
Araba/Álava,1999,9,6431.0
Araba/Álava,1999,10,4529.0
Araba/Álava,1999,11,3490.0
Araba/Álava,1999,12,2035.0
Araba/Álava,2000,1,2992.0
Araba/Álava,2000,2,2257.0
Araba/Álava,2000,3,4429.0
Araba/Álava,2000,4,5479.0
Araba/Álava,2000,5,5661.0
Araba/Álava,2000,6,5619.0
Araba/Álava,2000,7,8133.0
Araba/Álava,2000,8,8633.0
Araba/Álava,2000,9,7532.0
Araba/Álava,2000,10,6148.0
Araba/Álava,2000,11,3266.0
Araba/Álava,2000,12,2838.0
Araba/Álava,2001,1,2214.0
Araba/Álava,2001,2,2651.0
Araba/Álava,2001,3,3877.0
Araba/Álava,2001,4,4262.0
Araba/Álava,2001,5,4433.0
Araba/Álava,2001,6,5180.0
Araba/Álava,2001,7,6589.0
Araba/Álava,2001,8,7744.0
Araba/Álava,2001,9,7416.0
Araba/Álava,2001,10,4983.0
Araba/Álava,2001,11,3715.0
Araba/Álava,2001,12,2608.0
Araba/Álava,2002,1,2949.0
Araba/Álava,2002,2,2666.0
Araba/Álava,2002,3,3647.0
Araba/Álava,2002,4,5306.0
Araba/Álava,2002,5,6268.0
Araba/Álava,2002,6,5889.0
Araba/Álava,2002,7,7576.0
Araba/Álava,2002,8,8524.0
Araba/Álava,2002,9,6746.0
Araba/Álava,2002,10,5393.0
Araba/Álava,2002,11,3825.0
Araba/Álava,2002,12,2056.0
Araba/Álava,2003,1,3045.0
Araba/Álava,2003,2,2669.0
Araba/Álava,2003,3,3635.0
Araba/Álava,2003,4,4034.0
Araba/Álava,2003,5,5779.0
Araba/Álava,2003,6,5561.0
Araba/Álava,2003,7,6615.0
Araba/Álava,2003,8,7321.0
Araba/Álava,2003,9,5650.0
Araba/Álava,2003,10,5134.0
Araba/Álava,2003,11,3942.0
Araba/Álava,2003,12,3150.0
Araba/Álava,2004,1,3163.0
Araba/Álava,2004,2,3265.0
Araba/Álava,2004,3,3692.0
Araba/Álava,2004,4,5180.0
Araba/Álava,2004,5,5674.0
Araba/Álava,2004,6,6336.0
Araba/Álava,2004,7,7475.0
Araba/Álava,2004,8,7594.0
Araba/Álava,2004,9,7031.0
Araba/Álava,2004,10,5055.0
Araba/Álava,2004,11,3307.0
Araba/Álava,2004,12,2575.0
Araba/Álava,2005,1,3163.0
Araba/Álava,2005,2,3677.0
Araba/Álava,2005,3,4239.0
Araba/Álava,2005,4,4518.0
Araba/Álava,2005,5,5872.0
Araba/Álava,2005,6,6043.0
Araba/Álava,2005,7,7410.0
Araba/Álava,2005,8,8500.0
Araba/Álava,2005,9,6721.0
Araba/Álava,2005,10,5566.0
Araba/Álava,2005,11,3449.0
Araba/Álava,2005,12,2703.0
Araba/Álava,2006,1,3140.0
Araba/Álava,2006,2,3034.0
Araba/Álava,2006,3,4304.0
Araba/Álava,2006,4,5591.0
Araba/Álava,2006,5,6163.0
Araba/Álava,2006,6,5993.0
Araba/Álava,2006,7,6986.0
Araba/Álava,2006,8,8542.0
Araba/Álava,2006,9,6527.0
Araba/Álava,2006,10,6086.0
Araba/Álava,2006,11,4072.0
Araba/Álava,2006,12,2874.0
Araba/Álava,2007,1,2728.0
Araba/Álava,2007,2,3203.0
Araba/Álava,2007,3,4823.0
Araba/Álava,2007,4,5538.0
Araba/Álava,2007,5,6504.0
Araba/Álava,2007,6,6969.0
Araba/Álava,2007,7,8111.0
Araba/Álava,2007,8,8742.0
Araba/Álava,2007,9,9728.0
Araba/Álava,2007,10,6517.0
Araba/Álava,2007,11,4713.0
Araba/Álava,2007,12,3276.0
Araba/Álava,2008,1,4367.0
Araba/Álava,2008,2,3104.0
Araba/Álava,2008,3,3990.0
Araba/Álava,2008,4,4906.0
Araba/Álava,2008,5,6355.0
Araba/Álava,2008,6,6684.0
Araba/Álava,2008,7,8801.0
Araba/Álava,2008,8,10550.0
Araba/Álava,2008,9,6858.0
Araba/Álava,2008,10,5992.0
Araba/Álava,2008,11,4045.0
Araba/Álava,2008,12,3100.0
Araba/Álava,2009,1,2635.0
Araba/Álava,2009,2,2516.0
Araba/Álava,2009,3,3956.0
Araba/Álava,2009,4,4190.0
Araba/Álava,2009,5,6662.0
Araba/Álava,2009,6,5730.0
Araba/Álava,2009,7,9338.0
Araba/Álava,2009,8,11296.0
Araba/Álava,2009,9,7363.0
Araba/Álava,2009,10,5822.0
Araba/Álava,2009,11,4123.0
Araba/Álava,2009,12,3530.0
Araba/Álava,2010,1,3163.0
Araba/Álava,2010,2,3362.0
Araba/Álava,2010,3,4490.0
Araba/Álava,2010,4,5734.0
Araba/Álava,2010,5,7060.0
Araba/Álava,2010,6,7106.0
Araba/Álava,2010,7,14426.0
Araba/Álava,2010,8,18695.0
Araba/Álava,2010,9,11386.0
Araba/Álava,2010,10,7684.0
Araba/Álava,2010,11,5715.0
Araba/Álava,2010,12,3547.0
Araba/Álava,2011,1,3510.0
Araba/Álava,2011,2,3229.0
Araba/Álava,2011,3,4575.0
Araba/Álava,2011,4,6198.0
Araba/Álava,2011,5,7569.0
Araba/Álava,2011,6,9201.0
Araba/Álava,2011,7,14576.0
Araba/Álava,2011,8,16636.0
Araba/Álava,2011,9,9268.0
Araba/Álava,2011,10,6944.0
Araba/Álava,2011,11,4667.0
Araba/Álava,2011,12,3963.0
Araba/Álava,2012,1,3128.0
Araba/Álava,2012,2,3379.0
Araba/Álava,2012,3,3890.0
Araba/Álava,2012,4,5383.0
Araba/Álava,2012,5,7895.0
Araba/Álava,2012,6,9372.0
Araba/Álava,2012,7,15013.0
Araba/Álava,2012,8,16527.0
Araba/Álava,2012,9,9957.0
Araba/Álava,2012,10,7006.0
Araba/Álava,2012,11,4875.0
Araba/Álava,2012,12,4094.0
Araba/Álava,2013,1,3746.0
Araba/Álava,2013,2,3369.0
Araba/Álava,2013,3,4580.0
Araba/Álava,2013,4,6513.0
Araba/Álava,2013,5,8397.0
Araba/Álava,2013,6,8110.0
Araba/Álava,2013,7,12267.0
Araba/Álava,2013,8,15870.0
Araba/Álava,2013,9,9417.0
Araba/Álava,2013,10,6288.0
Araba/Álava,2013,11,4698.0
Araba/Álava,2013,12,4153.0
Araba/Álava,2014,1,3459.0
Araba/Álava,2014,2,3462.0
Araba/Álava,2014,3,4474.0
Araba/Álava,2014,4,5468.0
Araba/Álava,2014,5,8058.0
Araba/Álava,2014,6,8163.0
Araba/Álava,2014,7,12498.0
Araba/Álava,2014,8,17403.0
Araba/Álava,2014,9,10933.0
Araba/Álava,2014,10,8262.0
Araba/Álava,2014,11,5768.0
Araba/Álava,2014,12,4201.0
Araba/Álava,2015,1,4313.0
Araba/Álava,2015,2,3613.0
Araba/Álava,2015,3,5300.0
Araba/Álava,2015,4,7005.0
Araba/Álava,2015,5,10381.0
Araba/Álava,2015,6,9603.0
Araba/Álava,2015,7,15183.0
Araba/Álava,2015,8,20611.0
Araba/Álava,2015,9,11525.0
Araba/Álava,2015,10,9175.0
Araba/Álava,2015,11,6479.0
Araba/Álava,2015,12,4037.0
Araba/Álava,2016,1,5229.0
Araba/Álava,2016,2,4453.0
Araba/Álava,2016,3,5854.0
Araba/Álava,2016,4,7229.0
Araba/Álava,2016,5,11060.0
Araba/Álava,2016,6,10843.0
Araba/Álava,2016,7,18985.0
Araba/Álava,2016,8,20561.0
Araba/Álava,2016,9,12724.0
Araba/Álava,2016,10,10810.0
Araba/Álava,2016,11,5438.0
Araba/Álava,2016,12,4343.0
Araba/Álava,2017,1,4997.0
Araba/Álava,2017,2,4232.0
Araba/Álava,2017,3,5980.0
Araba/Álava,2017,4,10052.0
Araba/Álava,2017,5,11614.0
Araba/Álava,2017,6,11423.0
Araba/Álava,2017,7,19504.0
Araba/Álava,2017,8,20284.0
Araba/Álava,2017,9,14568.0
Araba/Álava,2017,10,10781.0
Araba/Álava,2017,11,6115.0
Araba/Álava,2017,12,4470.0
Araba/Álava,2018,1,5147.0
Araba/Álava,2018,2,3800.0
Araba/Álava,2018,3,5871.0
Araba/Álava,2018,4,9504.0
Araba/Álava,2018,5,14128.0
Araba/Álava,2018,6,12275.0
Araba/Álava,2018,7,18632.0
Araba/Álava,2018,8,21103.0
Araba/Álava,2018,9,13686.0
Araba/Álava,2018,10,11095.0
Araba/Álava,2018,11,5670.0
Araba/Álava,2018,12,4388.0
Araba/Álava,2019,1,4936.0
Araba/Álava,2019,2,4091.0
Araba/Álava,2019,3,6301.0
Araba/Álava,2019,4,9287.0
Araba/Álava,2019,5,11883.0
Araba/Álava,2019,6,11800.0
Araba/Álava,2019,7,17327.0
Araba/Álava,2019,8,19250.0
Araba/Álava,2019,9,13861.0
Araba/Álava,2019,10,10085.0
Araba/Álava,2019,11,6081.0
Araba/Álava,2019,12,4623.0
Araba/Álava,2020,1,5416.0
Araba/Álava,2020,2,4646.0
Araba/Álava,2020,3,2797.0
Araba/Álava,2020,4,0.0
Araba/Álava,2020,5,256.0
Araba/Álava,2020,6,1043.0
Araba/Álava,2020,7,5498.0
Araba/Álava,2020,8,6705.0
Araba/Álava,2020,9,2615.0
Araba/Álava,2020,10,3005.0
Araba/Álava,2020,11,1449.0
Araba/Álava,2020,12,1647.0
Araba/Álava,2021,1,2155.0
Araba/Álava,2021,2,1226.0
Araba/Álava,2021,3,1986.0
Araba/Álava,2021,4,2098.0
Araba/Álava,2021,5,2643.0
Araba/Álava,2021,6,4264.0
Araba/Álava,2021,7,10619.0
Araba/Álava,2021,8,12265.0
Araba/Álava,2021,9,10044.0
Araba/Álava,2021,10,9204.0
Araba/Álava,2021,11,6302.0
Araba/Álava,2021,12,4488.0
Araba/Álava,2022,1,4006.0
Araba/Álava,2022,2,4280.0
Araba/Álava,2022,3,6003.0
Araba/Álava,2022,4,8969.0
Araba/Álava,2022,5,11329.0
Araba/Álava,2022,6,13411.0
Araba/Álava,2022,7,20638.0
Araba/Álava,2022,8,20632.0
Araba/Álava,2022,9,14493.0
Araba/Álava,2022,10,10666.0
Araba/Álava,2022,11,6280.0
Araba/Álava,2022,12,5299.0
Araba/Álava,2023,1,5387.0
Araba/Álava,2023,2,5553.0
Araba/Álava,2023,3,7003.0
Araba/Álava,2023,4,10599.0
Araba/Álava,2023,5,13554.0
Araba/Álava,2023,6,13805.0
Araba/Álava,2023,7,20627.0
Araba/Álava,2023,8,22656.0
Araba/Álava,2023,9,17288.0
Araba/Álava,2023,10,12874.0
Araba/Álava,2023,11,7790.0
Araba/Álava,2023,12,6525.0
Araba/Álava,2024,1,6337.0
Araba/Álava,2024,2,5430.0
Araba/Álava,2024,3,8415.0
Araba/Álava,2024,4,11349.0
Araba/Álava,2024,5,14939.0
Araba/Álava,2024,6,14638.0
Araba/Álava,2024,7,21720.0
Araba/Álava,2024,8,22835.0
Araba/Álava,2024,9,16424.0
Araba/Álava,2024,10,14405.0
Araba/Álava,2024,11,7959.0
Araba/Álava,2024,12,8003.0
Araba/Álava,2025,1,6247.0
Araba/Álava,2025,2,5674.0
Araba/Álava,2025,3,8574.0
Araba/Álava,2025,4,12370.0
Araba/Álava,2025,5,16128.0
Araba/Álava,2025,6,14839.0
Araba/Álava,2025,7,22066.0
Araba/Álava,2025,8,22999.0
Araba/Álava,2025,9,17212.0
Asturias,1999,1,2029.0
Asturias,1999,2,3049.0
Asturias,1999,3,4868.0
Asturias,1999,4,6505.0
Asturias,1999,5,8027.0
Asturias,1999,6,11912.0
Asturias,1999,7,17021.0
Asturias,1999,8,16154.0
Asturias,1999,9,13439.0
Asturias,1999,10,9532.0
Asturias,1999,11,4184.0
Asturias,1999,12,3133.0
Asturias,2000,1,2235.0
Asturias,2000,2,2833.0
Asturias,2000,3,4614.0
Asturias,2000,4,8298.0
Asturias,2000,5,12684.0
Asturias,2000,6,12869.0
Asturias,2000,7,16670.0
Asturias,2000,8,16206.0
Asturias,2000,9,15356.0
Asturias,2000,10,7255.0
Asturias,2000,11,4011.0
Asturias,2000,12,3584.0
Asturias,2001,1,2917.0
Asturias,2001,2,3193.0
Asturias,2001,3,4872.0
Asturias,2001,4,8139.0
Asturias,2001,5,11175.0
Asturias,2001,6,13174.0
Asturias,2001,7,17559.0
Asturias,2001,8,15841.0
Asturias,2001,9,13914.0
Asturias,2001,10,8174.0
Asturias,2001,11,3749.0
Asturias,2001,12,2974.0
Asturias,2002,1,2780.0
Asturias,2002,2,3795.0
Asturias,2002,3,5075.0
Asturias,2002,4,7408.0
Asturias,2002,5,12968.0
Asturias,2002,6,14413.0
Asturias,2002,7,18298.0
Asturias,2002,8,19112.0
Asturias,2002,9,15895.0
Asturias,2002,10,7310.0
Asturias,2002,11,4160.0
Asturias,2002,12,2537.0
Asturias,2003,1,2619.0
Asturias,2003,2,3166.0
Asturias,2003,3,4707.0
Asturias,2003,4,7502.0
Asturias,2003,5,12375.0
Asturias,2003,6,13450.0
Asturias,2003,7,15963.0
Asturias,2003,8,17898.0
Asturias,2003,9,15215.0
Asturias,2003,10,7101.0
Asturias,2003,11,4281.0
Asturias,2003,12,2960.0
Asturias,2004,1,2864.0
Asturias,2004,2,3189.0
Asturias,2004,3,3674.0
Asturias,2004,4,8028.0
Asturias,2004,5,12195.0
Asturias,2004,6,14014.0
Asturias,2004,7,16343.0
Asturias,2004,8,17805.0
Asturias,2004,9,17391.0
Asturias,2004,10,9794.0
Asturias,2004,11,5122.0
Asturias,2004,12,3971.0
Asturias,2005,1,3352.0
Asturias,2005,2,4111.0
Asturias,2005,3,6462.0
Asturias,2005,4,7350.0
Asturias,2005,5,12992.0
Asturias,2005,6,14246.0
Asturias,2005,7,19491.0
Asturias,2005,8,18633.0
Asturias,2005,9,16839.0
Asturias,2005,10,13185.0
Asturias,2005,11,6528.0
Asturias,2005,12,4261.0
Asturias,2006,1,3936.0
Asturias,2006,2,6207.0
Asturias,2006,3,7076.0
Asturias,2006,4,13325.0
Asturias,2006,5,17591.0
Asturias,2006,6,19907.0
Asturias,2006,7,21311.0
Asturias,2006,8,22510.0
Asturias,2006,9,20641.0
Asturias,2006,10,13827.0
Asturias,2006,11,6782.0
Asturias,2006,12,6247.0
Asturias,2007,1,4557.0
Asturias,2007,2,6860.0
Asturias,2007,3,8964.0
Asturias,2007,4,13347.0
Asturias,2007,5,18478.0
Asturias,2007,6,19810.0
Asturias,2007,7,22954.0
Asturias,2007,8,24548.0
Asturias,2007,9,22319.0
Asturias,2007,10,14962.0
Asturias,2007,11,8715.0
Asturias,2007,12,5526.0
Asturias,2008,1,5769.0
Asturias,2008,2,5723.0
Asturias,2008,3,8672.0
Asturias,2008,4,11273.0
Asturias,2008,5,21538.0
Asturias,2008,6,20247.0
Asturias,2008,7,22622.0
Asturias,2008,8,22985.0
Asturias,2008,9,24052.0
Asturias,2008,10,14760.0
Asturias,2008,11,6424.0
Asturias,2008,12,4607.0
Asturias,2009,1,4225.0
Asturias,2009,2,4807.0
Asturias,2009,3,6427.0
Asturias,2009,4,11726.0
Asturias,2009,5,16016.0
Asturias,2009,6,18169.0
Asturias,2009,7,21850.0
Asturias,2009,8,23014.0
Asturias,2009,9,19812.0
Asturias,2009,10,12634.0
Asturias,2009,11,5558.0
Asturias,2009,12,4262.0
Asturias,2010,1,4041.0
Asturias,2010,2,4143.0
Asturias,2010,3,6134.0
Asturias,2010,4,10939.0
Asturias,2010,5,19842.0
Asturias,2010,6,19822.0
Asturias,2010,7,25717.0
Asturias,2010,8,25964.0
Asturias,2010,9,23809.0
Asturias,2010,10,16461.0
Asturias,2010,11,7345.0
Asturias,2010,12,4395.0
Asturias,2011,1,4790.0
Asturias,2011,2,4476.0
Asturias,2011,3,7142.0
Asturias,2011,4,12346.0
Asturias,2011,5,20825.0
Asturias,2011,6,22258.0
Asturias,2011,7,26813.0
Asturias,2011,8,30967.0
Asturias,2011,9,28555.0
Asturias,2011,10,15332.0
Asturias,2011,11,6368.0
Asturias,2011,12,4849.0
Asturias,2012,1,3347.0
Asturias,2012,2,4644.0
Asturias,2012,3,8378.0
Asturias,2012,4,12006.0
Asturias,2012,5,18223.0
Asturias,2012,6,19953.0
Asturias,2012,7,25714.0
Asturias,2012,8,27534.0
Asturias,2012,9,28015.0
Asturias,2012,10,15947.0
Asturias,2012,11,7266.0
Asturias,2012,12,4362.0
Asturias,2013,1,4622.0
Asturias,2013,2,5043.0
Asturias,2013,3,8702.0
Asturias,2013,4,11282.0
Asturias,2013,5,18954.0
Asturias,2013,6,23582.0
Asturias,2013,7,26721.0
Asturias,2013,8,33232.0
Asturias,2013,9,27968.0
Asturias,2013,10,15597.0
Asturias,2013,11,8029.0
Asturias,2013,12,4653.0
Asturias,2014,1,3494.0
Asturias,2014,2,4647.0
Asturias,2014,3,7946.0
Asturias,2014,4,15989.0
Asturias,2014,5,24962.0
Asturias,2014,6,27848.0
Asturias,2014,7,30691.0
Asturias,2014,8,37174.0
Asturias,2014,9,36481.0
Asturias,2014,10,20456.0
Asturias,2014,11,7412.0
Asturias,2014,12,5305.0
Asturias,2015,1,5069.0
Asturias,2015,2,5569.0
Asturias,2015,3,8480.0
Asturias,2015,4,15410.0
Asturias,2015,5,29747.0
Asturias,2015,6,33152.0
Asturias,2015,7,38515.0
Asturias,2015,8,39856.0
Asturias,2015,9,40487.0
Asturias,2015,10,19403.0
Asturias,2015,11,10121.0
Asturias,2015,12,6308.0
Asturias,2016,1,5840.0
Asturias,2016,2,6308.0
Asturias,2016,3,10689.0
Asturias,2016,4,16771.0
Asturias,2016,5,32185.0
Asturias,2016,6,35068.0
Asturias,2016,7,39333.0
Asturias,2016,8,46141.0
Asturias,2016,9,42963.0
Asturias,2016,10,21346.0
Asturias,2016,11,8612.0
Asturias,2016,12,7621.0
Asturias,2017,1,5196.0
Asturias,2017,2,6154.0
Asturias,2017,3,9332.0
Asturias,2017,4,22806.0
Asturias,2017,5,32729.0
Asturias,2017,6,37184.0
Asturias,2017,7,42798.0
Asturias,2017,8,45494.0
Asturias,2017,9,41923.0
Asturias,2017,10,22381.0
Asturias,2017,11,9016.0
Asturias,2017,12,7650.0
Asturias,2018,1,6395.0
Asturias,2018,2,6939.0
Asturias,2018,3,11611.0
Asturias,2018,4,20558.0
Asturias,2018,5,36277.0
Asturias,2018,6,37141.0
Asturias,2018,7,43970.0
Asturias,2018,8,47865.0
Asturias,2018,9,46010.0
Asturias,2018,10,25533.0
Asturias,2018,11,10631.0
Asturias,2018,12,9992.0
Asturias,2019,1,6853.0
Asturias,2019,2,6649.0
Asturias,2019,3,10388.0
Asturias,2019,4,23355.0
Asturias,2019,5,37835.0
Asturias,2019,6,43646.0
Asturias,2019,7,46292.0
Asturias,2019,8,48908.0
Asturias,2019,9,47607.0
Asturias,2019,10,25737.0
Asturias,2019,11,12489.0
Asturias,2019,12,10159.0
Asturias,2020,1,6817.0
Asturias,2020,2,7954.0
Asturias,2020,3,3282.0
Asturias,2020,4,0.0
Asturias,2020,5,138.0
Asturias,2020,6,1226.0
Asturias,2020,7,10895.0
Asturias,2020,8,12523.0
Asturias,2020,9,6828.0
Asturias,2020,10,4248.0
Asturias,2020,11,879.0
Asturias,2020,12,981.0
Asturias,2021,1,949.0
Asturias,2021,2,752.0
Asturias,2021,3,1531.0
Asturias,2021,4,1423.0
Asturias,2021,5,3754.0
Asturias,2021,6,10550.0
Asturias,2021,7,23260.0
Asturias,2021,8,24660.0
Asturias,2021,9,27110.0
Asturias,2021,10,22129.0
Asturias,2021,11,9853.0
Asturias,2021,12,6711.0
Asturias,2022,1,4456.0
Asturias,2022,2,5964.0
Asturias,2022,3,8725.0
Asturias,2022,4,20394.0
Asturias,2022,5,33637.0
Asturias,2022,6,38820.0
Asturias,2022,7,41964.0
Asturias,2022,8,48464.0
Asturias,2022,9,44737.0
Asturias,2022,10,28491.0
Asturias,2022,11,10322.0
Asturias,2022,12,8345.0
Asturias,2023,1,7329.0
Asturias,2023,2,8900.0
Asturias,2023,3,13241.0
Asturias,2023,4,28487.0
Asturias,2023,5,48486.0
Asturias,2023,6,52221.0
Asturias,2023,7,49553.0
Asturias,2023,8,53210.0
Asturias,2023,9,59380.0
Asturias,2023,10,36545.0
Asturias,2023,11,14536.0
Asturias,2023,12,10492.0
Asturias,2024,1,11744.0
Asturias,2024,2,10754.0
Asturias,2024,3,18628.0
Asturias,2024,4,30685.0
Asturias,2024,5,49157.0
Asturias,2024,6,47921.0
Asturias,2024,7,49895.0
Asturias,2024,8,56818.0
Asturias,2024,9,57508.0
Asturias,2024,10,35939.0
Asturias,2024,11,15202.0
Asturias,2024,12,11890.0
Asturias,2025,1,9408.0
Asturias,2025,2,10688.0
Asturias,2025,3,15057.0
Asturias,2025,4,33904.0
Asturias,2025,5,51983.0
Asturias,2025,6,56525.0
Asturias,2025,7,51669.0
Asturias,2025,8,58213.0
Asturias,2025,9,58756.0
Badajoz,1999,1,3770.0
Badajoz,1999,2,4902.0
Badajoz,1999,3,6330.0
Badajoz,1999,4,5671.0
Badajoz,1999,5,7204.0
Badajoz,1999,6,5809.0
Badajoz,1999,7,4885.0
Badajoz,1999,8,6023.0
Badajoz,1999,9,5745.0
Badajoz,1999,10,7683.0
Badajoz,1999,11,4709.0
Badajoz,1999,12,3186.0
Badajoz,2000,1,2622.0
Badajoz,2000,2,4062.0
Badajoz,2000,3,6121.0
Badajoz,2000,4,7562.0
Badajoz,2000,5,7821.0
Badajoz,2000,6,6671.0
Badajoz,2000,7,6182.0
Badajoz,2000,8,7351.0
Badajoz,2000,9,9200.0
Badajoz,2000,10,6786.0
Badajoz,2000,11,5573.0
Badajoz,2000,12,3952.0
Badajoz,2001,1,3333.0
Badajoz,2001,2,3445.0
Badajoz,2001,3,5706.0
Badajoz,2001,4,7325.0
Badajoz,2001,5,8817.0
Badajoz,2001,6,6572.0
Badajoz,2001,7,5319.0
Badajoz,2001,8,6944.0
Badajoz,2001,9,5906.0
Badajoz,2001,10,7854.0
Badajoz,2001,11,4022.0
Badajoz,2001,12,3643.0
Badajoz,2002,1,3076.0
Badajoz,2002,2,4089.0
Badajoz,2002,3,6705.0
Badajoz,2002,4,7905.0
Badajoz,2002,5,8278.0
Badajoz,2002,6,5477.0
Badajoz,2002,7,6107.0
Badajoz,2002,8,6940.0
Badajoz,2002,9,7543.0
Badajoz,2002,10,7004.0
Badajoz,2002,11,4288.0
Badajoz,2002,12,3806.0
Badajoz,2003,1,3362.0
Badajoz,2003,2,2848.0
Badajoz,2003,3,5153.0
Badajoz,2003,4,6493.0
Badajoz,2003,5,6758.0
Badajoz,2003,6,5499.0
Badajoz,2003,7,4194.0
Badajoz,2003,8,5621.0
Badajoz,2003,9,6037.0
Badajoz,2003,10,6498.0
Badajoz,2003,11,3935.0
Badajoz,2003,12,4135.0
Badajoz,2004,1,3658.0
Badajoz,2004,2,3273.0
Badajoz,2004,3,4597.0
Badajoz,2004,4,4993.0
Badajoz,2004,5,6531.0
Badajoz,2004,6,7067.0
Badajoz,2004,7,6191.0
Badajoz,2004,8,8526.0
Badajoz,2004,9,8890.0
Badajoz,2004,10,6576.0
Badajoz,2004,11,4369.0
Badajoz,2004,12,3570.0
Badajoz,2005,1,2691.0
Badajoz,2005,2,2866.0
Badajoz,2005,3,5299.0
Badajoz,2005,4,6314.0
Badajoz,2005,5,5089.0
Badajoz,2005,6,4369.0
Badajoz,2005,7,5080.0
Badajoz,2005,8,4776.0
Badajoz,2005,9,5857.0
Badajoz,2005,10,5447.0
Badajoz,2005,11,4381.0
Badajoz,2005,12,3322.0
Badajoz,2006,1,2573.0
Badajoz,2006,2,4356.0
Badajoz,2006,3,5344.0
Badajoz,2006,4,8476.0
Badajoz,2006,5,8114.0
Badajoz,2006,6,5312.0
Badajoz,2006,7,6608.0
Badajoz,2006,8,5322.0
Badajoz,2006,9,6864.0
Badajoz,2006,10,7047.0
Badajoz,2006,11,4205.0
Badajoz,2006,12,5300.0
Badajoz,2007,1,4133.0
Badajoz,2007,2,5916.0
Badajoz,2007,3,6582.0
Badajoz,2007,4,9835.0
Badajoz,2007,5,8949.0
Badajoz,2007,6,7813.0
Badajoz,2007,7,6691.0
Badajoz,2007,8,7565.0
Badajoz,2007,9,7763.0
Badajoz,2007,10,9377.0
Badajoz,2007,11,5905.0
Badajoz,2007,12,5001.0
Badajoz,2008,1,4159.0
Badajoz,2008,2,4716.0
Badajoz,2008,3,5394.0
Badajoz,2008,4,9161.0
Badajoz,2008,5,7129.0
Badajoz,2008,6,6075.0
Badajoz,2008,7,5857.0
Badajoz,2008,8,6599.0
Badajoz,2008,9,7658.0
Badajoz,2008,10,6409.0
Badajoz,2008,11,5554.0
Badajoz,2008,12,3960.0
Badajoz,2009,1,3812.0
Badajoz,2009,2,5143.0
Badajoz,2009,3,6930.0
Badajoz,2009,4,7967.0
Badajoz,2009,5,7106.0
Badajoz,2009,6,7158.0
Badajoz,2009,7,6618.0
Badajoz,2009,8,7233.0
Badajoz,2009,9,6946.0
Badajoz,2009,10,9375.0
Badajoz,2009,11,6412.0
Badajoz,2009,12,3837.0
Badajoz,2010,1,3772.0
Badajoz,2010,2,5296.0
Badajoz,2010,3,6965.0
Badajoz,2010,4,10328.0
Badajoz,2010,5,8832.0
Badajoz,2010,6,8136.0
Badajoz,2010,7,8007.0
Badajoz,2010,8,9125.0
Badajoz,2010,9,10430.0
Badajoz,2010,10,9980.0
Badajoz,2010,11,5583.0
Badajoz,2010,12,5029.0
Badajoz,2011,1,4469.0
Badajoz,2011,2,4447.0
Badajoz,2011,3,7903.0
Badajoz,2011,4,13878.0
Badajoz,2011,5,12734.0
Badajoz,2011,6,9122.0
Badajoz,2011,7,9581.0
Badajoz,2011,8,20018.0
Badajoz,2011,9,11213.0
Badajoz,2011,10,10040.0
Badajoz,2011,11,6433.0
Badajoz,2011,12,5626.0
Badajoz,2012,1,5001.0
Badajoz,2012,2,4611.0
Badajoz,2012,3,7540.0
Badajoz,2012,4,10443.0
Badajoz,2012,5,9958.0
Badajoz,2012,6,8618.0
Badajoz,2012,7,8753.0
Badajoz,2012,8,9765.0
Badajoz,2012,9,10228.0
Badajoz,2012,10,9681.0
Badajoz,2012,11,6687.0
Badajoz,2012,12,5757.0
Badajoz,2013,1,4360.0
Badajoz,2013,2,4559.0
Badajoz,2013,3,7405.0
Badajoz,2013,4,9985.0
Badajoz,2013,5,9762.0
Badajoz,2013,6,8489.0
Badajoz,2013,7,9191.0
Badajoz,2013,8,13678.0
Badajoz,2013,9,10705.0
Badajoz,2013,10,9336.0
Badajoz,2013,11,5709.0
Badajoz,2013,12,4657.0
Badajoz,2014,1,4258.0
Badajoz,2014,2,4887.0
Badajoz,2014,3,7683.0
Badajoz,2014,4,11284.0
Badajoz,2014,5,11046.0
Badajoz,2014,6,8409.0
Badajoz,2014,7,9799.0
Badajoz,2014,8,14074.0
Badajoz,2014,9,11899.0
Badajoz,2014,10,9857.0
Badajoz,2014,11,5232.0
Badajoz,2014,12,5689.0
Badajoz,2015,1,3604.0
Badajoz,2015,2,5440.0
Badajoz,2015,3,8042.0
Badajoz,2015,4,8974.0
Badajoz,2015,5,12038.0
Badajoz,2015,6,10830.0
Badajoz,2015,7,10091.0
Badajoz,2015,8,22320.0
Badajoz,2015,9,12023.0
Badajoz,2015,10,13156.0
Badajoz,2015,11,5661.0
Badajoz,2015,12,4935.0
Badajoz,2016,1,4641.0
Badajoz,2016,2,5496.0
Badajoz,2016,3,6650.0
Badajoz,2016,4,10751.0
Badajoz,2016,5,9984.0
Badajoz,2016,6,8951.0
Badajoz,2016,7,10847.0
Badajoz,2016,8,14565.0
Badajoz,2016,9,10447.0
Badajoz,2016,10,12260.0
Badajoz,2016,11,6894.0
Badajoz,2016,12,5910.0
Badajoz,2017,1,5762.0
Badajoz,2017,2,6921.0
Badajoz,2017,3,9363.0
Badajoz,2017,4,10206.0
Badajoz,2017,5,11659.0
Badajoz,2017,6,11016.0
Badajoz,2017,7,13749.0
Badajoz,2017,8,17692.0
Badajoz,2017,9,12905.0
Badajoz,2017,10,13979.0
Badajoz,2017,11,9725.0
Badajoz,2017,12,7927.0
Badajoz,2018,1,6205.0
Badajoz,2018,2,7550.0
Badajoz,2018,3,10049.0
Badajoz,2018,4,14520.0
Badajoz,2018,5,16847.0
Badajoz,2018,6,13350.0
Badajoz,2018,7,14444.0
Badajoz,2018,8,17904.0
Badajoz,2018,9,13574.0
Badajoz,2018,10,13591.0
Badajoz,2018,11,9503.0
Badajoz,2018,12,8057.0
Badajoz,2019,1,7919.0
Badajoz,2019,2,8819.0
Badajoz,2019,3,12518.0
Badajoz,2019,4,15031.0
Badajoz,2019,5,17868.0
Badajoz,2019,6,14255.0
Badajoz,2019,7,16432.0
Badajoz,2019,8,18644.0
Badajoz,2019,9,15636.0
Badajoz,2019,10,17316.0
Badajoz,2019,11,13634.0
Badajoz,2019,12,9569.0
Badajoz,2020,1,10322.0
Badajoz,2020,2,7784.0
Badajoz,2020,3,4090.0
Badajoz,2020,4,0.0
Badajoz,2020,5,443.0
Badajoz,2020,6,982.0
Badajoz,2020,7,2898.0
Badajoz,2020,8,4985.0
Badajoz,2020,9,2891.0
Badajoz,2020,10,2985.0
Badajoz,2020,11,1448.0
Badajoz,2020,12,2081.0
Badajoz,2021,1,1179.0
Badajoz,2021,2,757.0
Badajoz,2021,3,1305.0
Badajoz,2021,4,1391.0
Badajoz,2021,5,3432.0
Badajoz,2021,6,5612.0
Badajoz,2021,7,6653.0
Badajoz,2021,8,9883.0
Badajoz,2021,9,7201.0
Badajoz,2021,10,9120.0
Badajoz,2021,11,6143.0
Badajoz,2021,12,3481.0
Badajoz,2022,1,3534.0
Badajoz,2022,2,5203.0
Badajoz,2022,3,6404.0
Badajoz,2022,4,10053.0
Badajoz,2022,5,8775.0
Badajoz,2022,6,11197.0
Badajoz,2022,7,14142.0
Badajoz,2022,8,16665.0
Badajoz,2022,9,11103.0
Badajoz,2022,10,9535.0
Badajoz,2022,11,6270.0
Badajoz,2022,12,5775.0
Badajoz,2023,1,6116.0
Badajoz,2023,2,6762.0
Badajoz,2023,3,8407.0
Badajoz,2023,4,11453.0
Badajoz,2023,5,11480.0
Badajoz,2023,6,9705.0
Badajoz,2023,7,14718.0
Badajoz,2023,8,19734.0
Badajoz,2023,9,13208.0
Badajoz,2023,10,11826.0
Badajoz,2023,11,8995.0
Badajoz,2023,12,8029.0
Badajoz,2024,1,8050.0
Badajoz,2024,2,8747.0
Badajoz,2024,3,10735.0
Badajoz,2024,4,14601.0
Badajoz,2024,5,13199.0
Badajoz,2024,6,13010.0
Badajoz,2024,7,15532.0
Badajoz,2024,8,23285.0
Badajoz,2024,9,17474.0
Badajoz,2024,10,13727.0
Badajoz,2024,11,9321.0
Badajoz,2024,12,9331.0
Badajoz,2025,1,7377.0
Badajoz,2025,2,7950.0
Badajoz,2025,3,9616.0
Badajoz,2025,4,16692.0
Badajoz,2025,5,15150.0
Badajoz,2025,6,16320.0
Badajoz,2025,7,16247.0
Badajoz,2025,8,24249.0
Badajoz,2025,9,17393.0
Barcelona,1999,1,135007.0
Barcelona,1999,2,154165.0
Barcelona,1999,3,201485.0
Barcelona,1999,4,250329.0
Barcelona,1999,5,344656.0
Barcelona,1999,6,327291.0
Barcelona,1999,7,387189.0
Barcelona,1999,8,384016.0
Barcelona,1999,9,351823.0
Barcelona,1999,10,303427.0
Barcelona,1999,11,196941.0
Barcelona,1999,12,152143.0
Barcelona,2000,1,140995.0
Barcelona,2000,2,176184.0
Barcelona,2000,3,239011.0
Barcelona,2000,4,290242.0
Barcelona,2000,5,335019.0
Barcelona,2000,6,361261.0
Barcelona,2000,7,425646.0
Barcelona,2000,8,390754.0
Barcelona,2000,9,356951.0
Barcelona,2000,10,318350.0
Barcelona,2000,11,210347.0
Barcelona,2000,12,193280.0
Barcelona,2001,1,158211.0
Barcelona,2001,2,176853.0
Barcelona,2001,3,233492.0
Barcelona,2001,4,287579.0
Barcelona,2001,5,340481.0
Barcelona,2001,6,364460.0
Barcelona,2001,7,411566.0
Barcelona,2001,8,393091.0
Barcelona,2001,9,363494.0
Barcelona,2001,10,287384.0
Barcelona,2001,11,183323.0
Barcelona,2001,12,169830.0
Barcelona,2002,1,145361.0
Barcelona,2002,2,183025.0
Barcelona,2002,3,243341.0
Barcelona,2002,4,301041.0
Barcelona,2002,5,373540.0
Barcelona,2002,6,376756.0
Barcelona,2002,7,431079.0
Barcelona,2002,8,446149.0
Barcelona,2002,9,393631.0
Barcelona,2002,10,345800.0
Barcelona,2002,11,216804.0
Barcelona,2002,12,187366.0
Barcelona,2003,1,166888.0
Barcelona,2003,2,190383.0
Barcelona,2003,3,249174.0
Barcelona,2003,4,285038.0
Barcelona,2003,5,355192.0
Barcelona,2003,6,386441.0
Barcelona,2003,7,414644.0
Barcelona,2003,8,415971.0
Barcelona,2003,9,377615.0
Barcelona,2003,10,349465.0
Barcelona,2003,11,244873.0
Barcelona,2003,12,222765.0
Barcelona,2004,1,180896.0
Barcelona,2004,2,219222.0
Barcelona,2004,3,277708.0
Barcelona,2004,4,329658.0
Barcelona,2004,5,389404.0
Barcelona,2004,6,394238.0
Barcelona,2004,7,440839.0
Barcelona,2004,8,434062.0
Barcelona,2004,9,398976.0
Barcelona,2004,10,376091.0
Barcelona,2004,11,278322.0
Barcelona,2004,12,211840.0
Barcelona,2005,1,184320.0
Barcelona,2005,2,224633.0
Barcelona,2005,3,260251.0
Barcelona,2005,4,300040.0
Barcelona,2005,5,404496.0
Barcelona,2005,6,408185.0
Barcelona,2005,7,466315.0
Barcelona,2005,8,461246.0
Barcelona,2005,9,433598.0
Barcelona,2005,10,396717.0
Barcelona,2005,11,295874.0
Barcelona,2005,12,239788.0
Barcelona,2006,1,255193.0
Barcelona,2006,2,297630.0
Barcelona,2006,3,356845.0
Barcelona,2006,4,447320.0
Barcelona,2006,5,488841.0
Barcelona,2006,6,498953.0
Barcelona,2006,7,576955.0
Barcelona,2006,8,554270.0
Barcelona,2006,9,509230.0
Barcelona,2006,10,450755.0
Barcelona,2006,11,307908.0
Barcelona,2006,12,244982.0
Barcelona,2007,1,267342.0
Barcelona,2007,2,294547.0
Barcelona,2007,3,368512.0
Barcelona,2007,4,444041.0
Barcelona,2007,5,493866.0
Barcelona,2007,6,525767.0
Barcelona,2007,7,587299.0
Barcelona,2007,8,595858.0
Barcelona,2007,9,527789.0
Barcelona,2007,10,499808.0
Barcelona,2007,11,366289.0
Barcelona,2007,12,283257.0
Barcelona,2008,1,273639.0
Barcelona,2008,2,329950.0
Barcelona,2008,3,406654.0
Barcelona,2008,4,448616.0
Barcelona,2008,5,550170.0
Barcelona,2008,6,559181.0
Barcelona,2008,7,627961.0
Barcelona,2008,8,616492.0
Barcelona,2008,9,531108.0
Barcelona,2008,10,489047.0
Barcelona,2008,11,331729.0
Barcelona,2008,12,254025.0
Barcelona,2009,1,239331.0
Barcelona,2009,2,291076.0
Barcelona,2009,3,335833.0
Barcelona,2009,4,432131.0
Barcelona,2009,5,506033.0
Barcelona,2009,6,521897.0
Barcelona,2009,7,598679.0
Barcelona,2009,8,619890.0
Barcelona,2009,9,553881.0
Barcelona,2009,10,502710.0
Barcelona,2009,11,328859.0
Barcelona,2009,12,286676.0
Barcelona,2010,1,259082.0
Barcelona,2010,2,323313.0
Barcelona,2010,3,404099.0
Barcelona,2010,4,519608.0
Barcelona,2010,5,602560.0
Barcelona,2010,6,613306.0
Barcelona,2010,7,729878.0
Barcelona,2010,8,742052.0
Barcelona,2010,9,643288.0
Barcelona,2010,10,625251.0
Barcelona,2010,11,395913.0
Barcelona,2010,12,326218.0
Barcelona,2011,1,298946.0
Barcelona,2011,2,365483.0
Barcelona,2011,3,459765.0
Barcelona,2011,4,599360.0
Barcelona,2011,5,689576.0
Barcelona,2011,6,727728.0
Barcelona,2011,7,831738.0
Barcelona,2011,8,815543.0
Barcelona,2011,9,705585.0
Barcelona,2011,10,663471.0
Barcelona,2011,11,399178.0
Barcelona,2011,12,338176.0
Barcelona,2012,1,310081.0
Barcelona,2012,2,381829.0
Barcelona,2012,3,488789.0
Barcelona,2012,4,630587.0
Barcelona,2012,5,663435.0
Barcelona,2012,6,701846.0
Barcelona,2012,7,832340.0
Barcelona,2012,8,797162.0
Barcelona,2012,9,730017.0
Barcelona,2012,10,646975.0
Barcelona,2012,11,409887.0
Barcelona,2012,12,316745.0
Barcelona,2013,1,297967.0
Barcelona,2013,2,362949.0
Barcelona,2013,3,484918.0
Barcelona,2013,4,589170.0
Barcelona,2013,5,713370.0
Barcelona,2013,6,713424.0
Barcelona,2013,7,835873.0
Barcelona,2013,8,864657.0
Barcelona,2013,9,727546.0
Barcelona,2013,10,723674.0
Barcelona,2013,11,445708.0
Barcelona,2013,12,380573.0
Barcelona,2014,1,326586.0
Barcelona,2014,2,384046.0
Barcelona,2014,3,520875.0
Barcelona,2014,4,614220.0
Barcelona,2014,5,734918.0
Barcelona,2014,6,769389.0
Barcelona,2014,7,831258.0
Barcelona,2014,8,897136.0
Barcelona,2014,9,747346.0
Barcelona,2014,10,723249.0
Barcelona,2014,11,435175.0
Barcelona,2014,12,405693.0
Barcelona,2015,1,351372.0
Barcelona,2015,2,404784.0
Barcelona,2015,3,522283.0
Barcelona,2015,4,671631.0
Barcelona,2015,5,786314.0
Barcelona,2015,6,782087.0
Barcelona,2015,7,835585.0
Barcelona,2015,8,921186.0
Barcelona,2015,9,767493.0
Barcelona,2015,10,726812.0
Barcelona,2015,11,506423.0
Barcelona,2015,12,416207.0
Barcelona,2016,1,395046.0
Barcelona,2016,2,473306.0
Barcelona,2016,3,582577.0
Barcelona,2016,4,685918.0
Barcelona,2016,5,816556.0
Barcelona,2016,6,842984.0
Barcelona,2016,7,950577.0
Barcelona,2016,8,948495.0
Barcelona,2016,9,836077.0
Barcelona,2016,10,792274.0
Barcelona,2016,11,525758.0
Barcelona,2016,12,472234.0
Barcelona,2017,1,463096.0
Barcelona,2017,2,505341.0
Barcelona,2017,3,637981.0
Barcelona,2017,4,792320.0
Barcelona,2017,5,887380.0
Barcelona,2017,6,892176.0
Barcelona,2017,7,991960.0
Barcelona,2017,8,943615.0
Barcelona,2017,9,876561.0
Barcelona,2017,10,760925.0
Barcelona,2017,11,501747.0
Barcelona,2017,12,442135.0
Barcelona,2018,1,471780.0
Barcelona,2018,2,517605.0
Barcelona,2018,3,650642.0
Barcelona,2018,4,754207.0
Barcelona,2018,5,902743.0
Barcelona,2018,6,922193.0
Barcelona,2018,7,971593.0
Barcelona,2018,8,974489.0
Barcelona,2018,9,897249.0
Barcelona,2018,10,854395.0
Barcelona,2018,11,617326.0
Barcelona,2018,12,527551.0
Barcelona,2019,1,523192.0
Barcelona,2019,2,567700.0
Barcelona,2019,3,687059.0
Barcelona,2019,4,841938.0
Barcelona,2019,5,937917.0
Barcelona,2019,6,978776.0
Barcelona,2019,7,1030428.0
Barcelona,2019,8,1030887.0
Barcelona,2019,9,922834.0
Barcelona,2019,10,910533.0
Barcelona,2019,11,657009.0
Barcelona,2019,12,561939.0
Barcelona,2020,1,558358.0
Barcelona,2020,2,550665.0
Barcelona,2020,3,200684.0
Barcelona,2020,4,0.0
Barcelona,2020,5,2728.0
Barcelona,2020,6,14106.0
Barcelona,2020,7,103074.0
Barcelona,2020,8,109944.0
Barcelona,2020,9,65553.0
Barcelona,2020,10,52837.0
Barcelona,2020,11,26517.0
Barcelona,2020,12,39058.0
Barcelona,2021,1,32395.0
Barcelona,2021,2,33594.0
Barcelona,2021,3,45321.0
Barcelona,2021,4,61215.0
Barcelona,2021,5,118233.0
Barcelona,2021,6,193353.0
Barcelona,2021,7,338373.0
Barcelona,2021,8,494193.0
Barcelona,2021,9,397293.0
Barcelona,2021,10,472869.0
Barcelona,2021,11,376574.0
Barcelona,2021,12,305119.0
Barcelona,2022,1,235175.0
Barcelona,2022,2,360443.0
Barcelona,2022,3,479869.0
Barcelona,2022,4,657737.0
Barcelona,2022,5,788946.0
Barcelona,2022,6,836187.0
Barcelona,2022,7,926342.0
Barcelona,2022,8,950248.0
Barcelona,2022,9,845137.0
Barcelona,2022,10,837958.0
Barcelona,2022,11,555341.0
Barcelona,2022,12,478479.0
Barcelona,2023,1,457770.0
Barcelona,2023,2,516471.0
Barcelona,2023,3,641018.0
Barcelona,2023,4,804577.0
Barcelona,2023,5,911864.0
Barcelona,2023,6,932142.0
Barcelona,2023,7,1005179.0
Barcelona,2023,8,1030985.0
Barcelona,2023,9,925823.0
Barcelona,2023,10,906673.0
Barcelona,2023,11,643526.0
Barcelona,2023,12,547144.0
Barcelona,2024,1,513115.0
Barcelona,2024,2,586451.0
Barcelona,2024,3,736229.0
Barcelona,2024,4,834484.0
Barcelona,2024,5,1008025.0
Barcelona,2024,6,968677.0
Barcelona,2024,7,1029464.0
Barcelona,2024,8,1077848.0
Barcelona,2024,9,920255.0
Barcelona,2024,10,918917.0
Barcelona,2024,11,659602.0
Barcelona,2024,12,554202.0
Barcelona,2025,1,557690.0
Barcelona,2025,2,597700.0
Barcelona,2025,3,725837.0
Barcelona,2025,4,903710.0
Barcelona,2025,5,1020124.0
Barcelona,2025,6,1027456.0
Barcelona,2025,7,1087151.0
Barcelona,2025,8,1131857.0
Barcelona,2025,9,980579.0
Bizkaia,1999,1,6611.0
Bizkaia,1999,2,8265.0
Bizkaia,1999,3,10305.0
Bizkaia,1999,4,15496.0
Bizkaia,1999,5,14313.0
Bizkaia,1999,6,13118.0
Bizkaia,1999,7,16624.0
Bizkaia,1999,8,22000.0
Bizkaia,1999,9,18491.0
Bizkaia,1999,10,17908.0
Bizkaia,1999,11,11493.0
Bizkaia,1999,12,6477.0
Bizkaia,2000,1,9051.0
Bizkaia,2000,2,9414.0
Bizkaia,2000,3,14057.0
Bizkaia,2000,4,15337.0
Bizkaia,2000,5,16557.0
Bizkaia,2000,6,14352.0
Bizkaia,2000,7,20647.0
Bizkaia,2000,8,22078.0
Bizkaia,2000,9,16878.0
Bizkaia,2000,10,15190.0
Bizkaia,2000,11,11912.0
Bizkaia,2000,12,8402.0
Bizkaia,2001,1,9025.0
Bizkaia,2001,2,9715.0
Bizkaia,2001,3,10912.0
Bizkaia,2001,4,13514.0
Bizkaia,2001,5,16262.0
Bizkaia,2001,6,14772.0
Bizkaia,2001,7,17732.0
Bizkaia,2001,8,21089.0
Bizkaia,2001,9,15932.0
Bizkaia,2001,10,13290.0
Bizkaia,2001,11,9966.0
Bizkaia,2001,12,7690.0
Bizkaia,2002,1,6916.0
Bizkaia,2002,2,9301.0
Bizkaia,2002,3,11679.0
Bizkaia,2002,4,13883.0
Bizkaia,2002,5,15833.0
Bizkaia,2002,6,14504.0
Bizkaia,2002,7,18318.0
Bizkaia,2002,8,24036.0
Bizkaia,2002,9,16731.0
Bizkaia,2002,10,14775.0
Bizkaia,2002,11,10098.0
Bizkaia,2002,12,8058.0
Bizkaia,2003,1,7129.0
Bizkaia,2003,2,8211.0
Bizkaia,2003,3,10349.0
Bizkaia,2003,4,13356.0
Bizkaia,2003,5,14570.0
Bizkaia,2003,6,17460.0
Bizkaia,2003,7,20685.0
Bizkaia,2003,8,26028.0
Bizkaia,2003,9,20395.0
Bizkaia,2003,10,17792.0
Bizkaia,2003,11,12609.0
Bizkaia,2003,12,9746.0
Bizkaia,2004,1,9695.0
Bizkaia,2004,2,12523.0
Bizkaia,2004,3,14724.0
Bizkaia,2004,4,17405.0
Bizkaia,2004,5,18536.0
Bizkaia,2004,6,20583.0
Bizkaia,2004,7,22253.0
Bizkaia,2004,8,28140.0
Bizkaia,2004,9,21668.0
Bizkaia,2004,10,18369.0
Bizkaia,2004,11,13860.0
Bizkaia,2004,12,8502.0
Bizkaia,2005,1,9534.0
Bizkaia,2005,2,10997.0
Bizkaia,2005,3,15660.0
Bizkaia,2005,4,19255.0
Bizkaia,2005,5,22668.0
Bizkaia,2005,6,21433.0
Bizkaia,2005,7,27272.0
Bizkaia,2005,8,39785.0
Bizkaia,2005,9,25434.0
Bizkaia,2005,10,22004.0
Bizkaia,2005,11,16599.0
Bizkaia,2005,12,11309.0
Bizkaia,2006,1,11748.0
Bizkaia,2006,2,11280.0
Bizkaia,2006,3,18892.0
Bizkaia,2006,4,21493.0
Bizkaia,2006,5,26342.0
Bizkaia,2006,6,25740.0
Bizkaia,2006,7,33780.0
Bizkaia,2006,8,47226.0
Bizkaia,2006,9,28160.0
Bizkaia,2006,10,26487.0
Bizkaia,2006,11,17548.0
Bizkaia,2006,12,12844.0
Bizkaia,2007,1,15082.0
Bizkaia,2007,2,14098.0
Bizkaia,2007,3,23599.0
Bizkaia,2007,4,27430.0
Bizkaia,2007,5,32332.0
Bizkaia,2007,6,32067.0
Bizkaia,2007,7,36337.0
Bizkaia,2007,8,47921.0
Bizkaia,2007,9,33911.0
Bizkaia,2007,10,27560.0
Bizkaia,2007,11,20644.0
Bizkaia,2007,12,16641.0
Bizkaia,2008,1,16304.0
Bizkaia,2008,2,20058.0
Bizkaia,2008,3,24416.0
Bizkaia,2008,4,26943.0
Bizkaia,2008,5,31569.0
Bizkaia,2008,6,27451.0
Bizkaia,2008,7,37359.0
Bizkaia,2008,8,45659.0
Bizkaia,2008,9,33627.0
Bizkaia,2008,10,28915.0
Bizkaia,2008,11,18308.0
Bizkaia,2008,12,13902.0
Bizkaia,2009,1,12225.0
Bizkaia,2009,2,15235.0
Bizkaia,2009,3,18009.0
Bizkaia,2009,4,23430.0
Bizkaia,2009,5,27357.0
Bizkaia,2009,6,26417.0
Bizkaia,2009,7,35532.0
Bizkaia,2009,8,44911.0
Bizkaia,2009,9,29666.0
Bizkaia,2009,10,25668.0
Bizkaia,2009,11,17738.0
Bizkaia,2009,12,13806.0
Bizkaia,2010,1,11801.0
Bizkaia,2010,2,15325.0
Bizkaia,2010,3,17996.0
Bizkaia,2010,4,23825.0
Bizkaia,2010,5,28099.0
Bizkaia,2010,6,30063.0
Bizkaia,2010,7,41894.0
Bizkaia,2010,8,51903.0
Bizkaia,2010,9,35645.0
Bizkaia,2010,10,32093.0
Bizkaia,2010,11,20282.0
Bizkaia,2010,12,15687.0
Bizkaia,2011,1,14589.0
Bizkaia,2011,2,16068.0
Bizkaia,2011,3,22754.0
Bizkaia,2011,4,28842.0
Bizkaia,2011,5,33786.0
Bizkaia,2011,6,34612.0
Bizkaia,2011,7,47327.0
Bizkaia,2011,8,56638.0
Bizkaia,2011,9,42805.0
Bizkaia,2011,10,33994.0
Bizkaia,2011,11,22231.0
Bizkaia,2011,12,18259.0
Bizkaia,2012,1,15659.0
Bizkaia,2012,2,16759.0
Bizkaia,2012,3,23461.0
Bizkaia,2012,4,35263.0
Bizkaia,2012,5,38197.0
Bizkaia,2012,6,38361.0
Bizkaia,2012,7,55016.0
Bizkaia,2012,8,62108.0
Bizkaia,2012,9,47424.0
Bizkaia,2012,10,37142.0
Bizkaia,2012,11,24057.0
Bizkaia,2012,12,18689.0
Bizkaia,2013,1,17488.0
Bizkaia,2013,2,17228.0
Bizkaia,2013,3,26660.0
Bizkaia,2013,4,33534.0
Bizkaia,2013,5,43155.0
Bizkaia,2013,6,41355.0
Bizkaia,2013,7,54216.0
Bizkaia,2013,8,69566.0
Bizkaia,2013,9,46817.0
Bizkaia,2013,10,36595.0
Bizkaia,2013,11,24018.0
Bizkaia,2013,12,19524.0
Bizkaia,2014,1,16162.0
Bizkaia,2014,2,17221.0
Bizkaia,2014,3,22964.0
Bizkaia,2014,4,32575.0
Bizkaia,2014,5,44722.0
Bizkaia,2014,6,44740.0
Bizkaia,2014,7,53821.0
Bizkaia,2014,8,69727.0
Bizkaia,2014,9,49479.0
Bizkaia,2014,10,41590.0
Bizkaia,2014,11,24700.0
Bizkaia,2014,12,19895.0
Bizkaia,2015,1,16226.0
Bizkaia,2015,2,21246.0
Bizkaia,2015,3,24974.0
Bizkaia,2015,4,38125.0
Bizkaia,2015,5,47817.0
Bizkaia,2015,6,46399.0
Bizkaia,2015,7,67479.0
Bizkaia,2015,8,69365.0
Bizkaia,2015,9,58741.0
Bizkaia,2015,10,44804.0
Bizkaia,2015,11,24581.0
Bizkaia,2015,12,19452.0
Bizkaia,2016,1,16875.0
Bizkaia,2016,2,23203.0
Bizkaia,2016,3,28256.0
Bizkaia,2016,4,39754.0
Bizkaia,2016,5,52609.0
Bizkaia,2016,6,50129.0
Bizkaia,2016,7,67127.0
Bizkaia,2016,8,72721.0
Bizkaia,2016,9,60718.0
Bizkaia,2016,10,52937.0
Bizkaia,2016,11,27143.0
Bizkaia,2016,12,21805.0
Bizkaia,2017,1,26436.0
Bizkaia,2017,2,25762.0
Bizkaia,2017,3,29555.0
Bizkaia,2017,4,47659.0
Bizkaia,2017,5,60073.0
Bizkaia,2017,6,55079.0
Bizkaia,2017,7,67390.0
Bizkaia,2017,8,79455.0
Bizkaia,2017,9,63308.0
Bizkaia,2017,10,52200.0
Bizkaia,2017,11,32779.0
Bizkaia,2017,12,25977.0
Bizkaia,2018,1,23397.0
Bizkaia,2018,2,26727.0
Bizkaia,2018,3,35660.0
Bizkaia,2018,4,48563.0
Bizkaia,2018,5,66135.0
Bizkaia,2018,6,60320.0
Bizkaia,2018,7,72840.0
Bizkaia,2018,8,82335.0
Bizkaia,2018,9,69009.0
Bizkaia,2018,10,59532.0
Bizkaia,2018,11,34801.0
Bizkaia,2018,12,26505.0
Bizkaia,2019,1,23868.0
Bizkaia,2019,2,26105.0
Bizkaia,2019,3,38407.0
Bizkaia,2019,4,58998.0
Bizkaia,2019,5,67915.0
Bizkaia,2019,6,63566.0
Bizkaia,2019,7,77563.0
Bizkaia,2019,8,85071.0
Bizkaia,2019,9,80402.0
Bizkaia,2019,10,65279.0
Bizkaia,2019,11,36213.0
Bizkaia,2019,12,31163.0
Bizkaia,2020,1,27362.0
Bizkaia,2020,2,37907.0
Bizkaia,2020,3,15552.0
Bizkaia,2020,4,0.0
Bizkaia,2020,5,67.0
Bizkaia,2020,6,1732.0
Bizkaia,2020,7,18585.0
Bizkaia,2020,8,23631.0
Bizkaia,2020,9,10295.0
Bizkaia,2020,10,10125.0
Bizkaia,2020,11,3147.0
Bizkaia,2020,12,4033.0
Bizkaia,2021,1,3798.0
Bizkaia,2021,2,3226.0
Bizkaia,2021,3,5064.0
Bizkaia,2021,4,5069.0
Bizkaia,2021,5,8394.0
Bizkaia,2021,6,15043.0
Bizkaia,2021,7,33758.0
Bizkaia,2021,8,47135.0
Bizkaia,2021,9,40970.0
Bizkaia,2021,10,41376.0
Bizkaia,2021,11,30204.0
Bizkaia,2021,12,20582.0
Bizkaia,2022,1,14084.0
Bizkaia,2022,2,18391.0
Bizkaia,2022,3,28981.0
Bizkaia,2022,4,52795.0
Bizkaia,2022,5,61952.0
Bizkaia,2022,6,62479.0
Bizkaia,2022,7,87345.0
Bizkaia,2022,8,87215.0
Bizkaia,2022,9,74437.0
Bizkaia,2022,10,59291.0
Bizkaia,2022,11,33199.0
Bizkaia,2022,12,27780.0
Bizkaia,2023,1,22813.0
Bizkaia,2023,2,29477.0
Bizkaia,2023,3,36639.0
Bizkaia,2023,4,65349.0
Bizkaia,2023,5,78257.0
Bizkaia,2023,6,76425.0
Bizkaia,2023,7,91091.0
Bizkaia,2023,8,100252.0
Bizkaia,2023,9,94019.0
Bizkaia,2023,10,75334.0
Bizkaia,2023,11,40123.0
Bizkaia,2023,12,31125.0
Bizkaia,2024,1,27180.0
Bizkaia,2024,2,31801.0
Bizkaia,2024,3,50710.0
Bizkaia,2024,4,67692.0
Bizkaia,2024,5,80467.0
Bizkaia,2024,6,78143.0
Bizkaia,2024,7,93045.0
Bizkaia,2024,8,106572.0
Bizkaia,2024,9,93655.0
Bizkaia,2024,10,77394.0
Bizkaia,2024,11,41884.0
Bizkaia,2024,12,33518.0
Bizkaia,2025,1,26895.0
Bizkaia,2025,2,32236.0
Bizkaia,2025,3,46363.0
Bizkaia,2025,4,75331.0
Bizkaia,2025,5,92114.0
Bizkaia,2025,6,83026.0
Bizkaia,2025,7,99720.0
Bizkaia,2025,8,109494.0
Bizkaia,2025,9,102008.0
Burgos,1999,1,4961.0
Burgos,1999,2,5278.0
Burgos,1999,3,7851.0
Burgos,1999,4,16158.0
Burgos,1999,5,21544.0
Burgos,1999,6,17856.0
Burgos,1999,7,26798.0
Burgos,1999,8,30111.0
Burgos,1999,9,23409.0
Burgos,1999,10,15871.0
Burgos,1999,11,6662.0
Burgos,1999,12,6810.0
Burgos,2000,1,5039.0
Burgos,2000,2,4907.0
Burgos,2000,3,8058.0
Burgos,2000,4,14345.0
Burgos,2000,5,18654.0
Burgos,2000,6,18083.0
Burgos,2000,7,26873.0
Burgos,2000,8,30033.0
Burgos,2000,9,21107.0
Burgos,2000,10,14270.0
Burgos,2000,11,8267.0
Burgos,2000,12,6959.0
Burgos,2001,1,4912.0
Burgos,2001,2,5840.0
Burgos,2001,3,8494.0
Burgos,2001,4,17082.0
Burgos,2001,5,21391.0
Burgos,2001,6,20556.0
Burgos,2001,7,28623.0
Burgos,2001,8,34729.0
Burgos,2001,9,24072.0
Burgos,2001,10,18524.0
Burgos,2001,11,6825.0
Burgos,2001,12,6658.0
Burgos,2002,1,4918.0
Burgos,2002,2,5048.0
Burgos,2002,3,10150.0
Burgos,2002,4,14181.0
Burgos,2002,5,21989.0
Burgos,2002,6,19956.0
Burgos,2002,7,25432.0
Burgos,2002,8,34815.0
Burgos,2002,9,24649.0
Burgos,2002,10,18216.0
Burgos,2002,11,6513.0
Burgos,2002,12,7156.0
Burgos,2003,1,5122.0
Burgos,2003,2,5867.0
Burgos,2003,3,7696.0
Burgos,2003,4,15119.0
Burgos,2003,5,19464.0
Burgos,2003,6,17799.0
Burgos,2003,7,23141.0
Burgos,2003,8,31530.0
Burgos,2003,9,20930.0
Burgos,2003,10,15245.0
Burgos,2003,11,7804.0
Burgos,2003,12,5557.0
Burgos,2004,1,5867.0
Burgos,2004,2,6495.0
Burgos,2004,3,8449.0
Burgos,2004,4,16533.0
Burgos,2004,5,20777.0
Burgos,2004,6,21914.0
Burgos,2004,7,25625.0
Burgos,2004,8,36006.0
Burgos,2004,9,27360.0
Burgos,2004,10,18470.0
Burgos,2004,11,8026.0
Burgos,2004,12,6435.0
Burgos,2005,1,5915.0
Burgos,2005,2,5982.0
Burgos,2005,3,9178.0
Burgos,2005,4,16302.0
Burgos,2005,5,22589.0
Burgos,2005,6,21632.0
Burgos,2005,7,27487.0
Burgos,2005,8,31228.0
Burgos,2005,9,23617.0
Burgos,2005,10,18741.0
Burgos,2005,11,7449.0
Burgos,2005,12,6088.0
Burgos,2006,1,5634.0
Burgos,2006,2,6598.0
Burgos,2006,3,8408.0
Burgos,2006,4,16714.0
Burgos,2006,5,20740.0
Burgos,2006,6,21250.0
Burgos,2006,7,28064.0
Burgos,2006,8,31475.0
Burgos,2006,9,28034.0
Burgos,2006,10,20971.0
Burgos,2006,11,7389.0
Burgos,2006,12,6915.0
Burgos,2007,1,5569.0
Burgos,2007,2,8275.0
Burgos,2007,3,9722.0
Burgos,2007,4,18067.0
Burgos,2007,5,23458.0
Burgos,2007,6,20763.0
Burgos,2007,7,24939.0
Burgos,2007,8,32375.0
Burgos,2007,9,25509.0
Burgos,2007,10,19767.0
Burgos,2007,11,9330.0
Burgos,2007,12,7753.0
Burgos,2008,1,7389.0
Burgos,2008,2,7111.0
Burgos,2008,3,11244.0
Burgos,2008,4,17570.0
Burgos,2008,5,26219.0
Burgos,2008,6,22220.0
Burgos,2008,7,29580.0
Burgos,2008,8,34459.0
Burgos,2008,9,25545.0
Burgos,2008,10,18047.0
Burgos,2008,11,8058.0
Burgos,2008,12,6462.0
Burgos,2009,1,5930.0
Burgos,2009,2,7551.0
Burgos,2009,3,9340.0
Burgos,2009,4,16130.0
Burgos,2009,5,22149.0
Burgos,2009,6,20526.0
Burgos,2009,7,28343.0
Burgos,2009,8,35394.0
Burgos,2009,9,21645.0
Burgos,2009,10,16175.0
Burgos,2009,11,7386.0
Burgos,2009,12,7540.0
Burgos,2010,1,5237.0
Burgos,2010,2,6609.0
Burgos,2010,3,10178.0
Burgos,2010,4,18852.0
Burgos,2010,5,23077.0
Burgos,2010,6,22996.0
Burgos,2010,7,30687.0
Burgos,2010,8,34847.0
Burgos,2010,9,24692.0
Burgos,2010,10,19126.0
Burgos,2010,11,7700.0
Burgos,2010,12,6711.0
Burgos,2011,1,5927.0
Burgos,2011,2,6484.0
Burgos,2011,3,9081.0
Burgos,2011,4,17540.0
Burgos,2011,5,26580.0
Burgos,2011,6,21677.0
Burgos,2011,7,32692.0
Burgos,2011,8,40770.0
Burgos,2011,9,27226.0
Burgos,2011,10,18961.0
Burgos,2011,11,6888.0
Burgos,2011,12,6600.0
Burgos,2012,1,5166.0
Burgos,2012,2,7436.0
Burgos,2012,3,10911.0
Burgos,2012,4,17644.0
Burgos,2012,5,24330.0
Burgos,2012,6,21818.0
Burgos,2012,7,34207.0
Burgos,2012,8,39619.0
Burgos,2012,9,30191.0
Burgos,2012,10,20401.0
Burgos,2012,11,9488.0
Burgos,2012,12,6851.0
Burgos,2013,1,6098.0
Burgos,2013,2,6955.0
Burgos,2013,3,11185.0
Burgos,2013,4,17302.0
Burgos,2013,5,27228.0
Burgos,2013,6,23970.0
Burgos,2013,7,35737.0
Burgos,2013,8,47400.0
Burgos,2013,9,29532.0
Burgos,2013,10,23053.0
Burgos,2013,11,8293.0
Burgos,2013,12,7339.0
Burgos,2014,1,6225.0
Burgos,2014,2,6245.0
Burgos,2014,3,9622.0
Burgos,2014,4,19815.0
Burgos,2014,5,29975.0
Burgos,2014,6,25636.0
Burgos,2014,7,37556.0
Burgos,2014,8,48314.0
Burgos,2014,9,33092.0
Burgos,2014,10,25460.0
Burgos,2014,11,8094.0
Burgos,2014,12,7514.0
Burgos,2015,1,7093.0
Burgos,2015,2,6737.0
Burgos,2015,3,11155.0
Burgos,2015,4,22351.0
Burgos,2015,5,31641.0
Burgos,2015,6,26869.0
Burgos,2015,7,42459.0
Burgos,2015,8,50056.0
Burgos,2015,9,36714.0
Burgos,2015,10,25540.0
Burgos,2015,11,8883.0
Burgos,2015,12,7930.0
Burgos,2016,1,7242.0
Burgos,2016,2,8596.0
Burgos,2016,3,13178.0
Burgos,2016,4,23903.0
Burgos,2016,5,34749.0
Burgos,2016,6,29417.0
Burgos,2016,7,49287.0
Burgos,2016,8,53300.0
Burgos,2016,9,38016.0
Burgos,2016,10,29407.0
Burgos,2016,11,10311.0
Burgos,2016,12,8716.0
Burgos,2017,1,7763.0
Burgos,2017,2,8507.0
Burgos,2017,3,12330.0
Burgos,2017,4,24642.0
Burgos,2017,5,40358.0
Burgos,2017,6,33353.0
Burgos,2017,7,49858.0
Burgos,2017,8,52704.0
Burgos,2017,9,41233.0
Burgos,2017,10,29015.0
Burgos,2017,11,11630.0
Burgos,2017,12,9496.0
Burgos,2018,1,9145.0
Burgos,2018,2,8297.0
Burgos,2018,3,14261.0
Burgos,2018,4,22373.0
Burgos,2018,5,32880.0
Burgos,2018,6,30152.0
Burgos,2018,7,46394.0
Burgos,2018,8,51115.0
Burgos,2018,9,37923.0
Burgos,2018,10,28659.0
Burgos,2018,11,12011.0
Burgos,2018,12,11412.0
Burgos,2019,1,8286.0
Burgos,2019,2,8979.0
Burgos,2019,3,15486.0
Burgos,2019,4,23762.0
Burgos,2019,5,31505.0
Burgos,2019,6,28805.0
Burgos,2019,7,46809.0
Burgos,2019,8,54619.0
Burgos,2019,9,39106.0
Burgos,2019,10,28640.0
Burgos,2019,11,12458.0
Burgos,2019,12,12559.0
Burgos,2020,1,9814.0
Burgos,2020,2,10545.0
Burgos,2020,3,3922.0
Burgos,2020,4,0.0
Burgos,2020,5,64.0
Burgos,2020,6,1963.0
Burgos,2020,7,14426.0
Burgos,2020,8,16422.0
Burgos,2020,9,6698.0
Burgos,2020,10,6061.0
Burgos,2020,11,2106.0
Burgos,2020,12,2913.0
Burgos,2021,1,2001.0
Burgos,2021,2,1506.0
Burgos,2021,3,2562.0
Burgos,2021,4,2056.0
Burgos,2021,5,4470.0
Burgos,2021,6,8007.0
Burgos,2021,7,22395.0
Burgos,2021,8,23167.0
Burgos,2021,9,21062.0
Burgos,2021,10,19605.0
Burgos,2021,11,10830.0
Burgos,2021,12,8763.0
Burgos,2022,1,8436.0
Burgos,2022,2,8556.0
Burgos,2022,3,11765.0
Burgos,2022,4,20614.0
Burgos,2022,5,28483.0
Burgos,2022,6,27486.0
Burgos,2022,7,44427.0
Burgos,2022,8,54722.0
Burgos,2022,9,32446.0
Burgos,2022,10,26209.0
Burgos,2022,11,11971.0
Burgos,2022,12,11458.0
Burgos,2023,1,10149.0
Burgos,2023,2,10511.0
Burgos,2023,3,12847.0
Burgos,2023,4,26365.0
Burgos,2023,5,36044.0
Burgos,2023,6,31279.0
Burgos,2023,7,49649.0
Burgos,2023,8,50086.0
Burgos,2023,9,40859.0
Burgos,2023,10,28143.0
Burgos,2023,11,12436.0
Burgos,2023,12,10356.0
Burgos,2024,1,9855.0
Burgos,2024,2,10793.0
Burgos,2024,3,16942.0
Burgos,2024,4,31371.0
Burgos,2024,5,39478.0
Burgos,2024,6,29014.0
Burgos,2024,7,51482.0
Burgos,2024,8,49938.0
Burgos,2024,9,45704.0
Burgos,2024,10,34380.0
Burgos,2024,11,16337.0
Burgos,2024,12,14351.0
Burgos,2025,1,15449.0
Burgos,2025,2,12776.0
Burgos,2025,3,17051.0
Burgos,2025,4,32514.0
Burgos,2025,5,44707.0
Burgos,2025,6,35202.0
Burgos,2025,7,50524.0
Burgos,2025,8,55390.0
Burgos,2025,9,45735.0
Cantabria,1999,1,2519.0
Cantabria,1999,2,2793.0
Cantabria,1999,3,4652.0
Cantabria,1999,4,12341.0
Cantabria,1999,5,14801.0
Cantabria,1999,6,19750.0
Cantabria,1999,7,21585.0
Cantabria,1999,8,20015.0
Cantabria,1999,9,20104.0
Cantabria,1999,10,12570.0
Cantabria,1999,11,4665.0
Cantabria,1999,12,2723.0
Cantabria,2000,1,2030.0
Cantabria,2000,2,2295.0
Cantabria,2000,3,5403.0
Cantabria,2000,4,13464.0
Cantabria,2000,5,17130.0
Cantabria,2000,6,20206.0
Cantabria,2000,7,22533.0
Cantabria,2000,8,21809.0
Cantabria,2000,9,23628.0
Cantabria,2000,10,15741.0
Cantabria,2000,11,4203.0
Cantabria,2000,12,3397.0
Cantabria,2001,1,2592.0
Cantabria,2001,2,3360.0
Cantabria,2001,3,5046.0
Cantabria,2001,4,11262.0
Cantabria,2001,5,15831.0
Cantabria,2001,6,19454.0
Cantabria,2001,7,20982.0
Cantabria,2001,8,21339.0
Cantabria,2001,9,20323.0
Cantabria,2001,10,13411.0
Cantabria,2001,11,5148.0
Cantabria,2001,12,3630.0
Cantabria,2002,1,3227.0
Cantabria,2002,2,3575.0
Cantabria,2002,3,7960.0
Cantabria,2002,4,10538.0
Cantabria,2002,5,17445.0
Cantabria,2002,6,19992.0
Cantabria,2002,7,20739.0
Cantabria,2002,8,21998.0
Cantabria,2002,9,21517.0
Cantabria,2002,10,15111.0
Cantabria,2002,11,4914.0
Cantabria,2002,12,3065.0
Cantabria,2003,1,2773.0
Cantabria,2003,2,2335.0
Cantabria,2003,3,5298.0
Cantabria,2003,4,9451.0
Cantabria,2003,5,15680.0
Cantabria,2003,6,16553.0
Cantabria,2003,7,18704.0
Cantabria,2003,8,19587.0
Cantabria,2003,9,17438.0
Cantabria,2003,10,10616.0
Cantabria,2003,11,4080.0
Cantabria,2003,12,3467.0
Cantabria,2004,1,2361.0
Cantabria,2004,2,4016.0
Cantabria,2004,3,4749.0
Cantabria,2004,4,9311.0
Cantabria,2004,5,15488.0
Cantabria,2004,6,19900.0
Cantabria,2004,7,18340.0
Cantabria,2004,8,19826.0
Cantabria,2004,9,23688.0
Cantabria,2004,10,15377.0
Cantabria,2004,11,6735.0
Cantabria,2004,12,4617.0
Cantabria,2005,1,4242.0
Cantabria,2005,2,4546.0
Cantabria,2005,3,8335.0
Cantabria,2005,4,13746.0
Cantabria,2005,5,19003.0
Cantabria,2005,6,20327.0
Cantabria,2005,7,22852.0
Cantabria,2005,8,22980.0
Cantabria,2005,9,21468.0
Cantabria,2005,10,18057.0
Cantabria,2005,11,6687.0
Cantabria,2005,12,5199.0
Cantabria,2006,1,3576.0
Cantabria,2006,2,4436.0
Cantabria,2006,3,8550.0
Cantabria,2006,4,12736.0
Cantabria,2006,5,17802.0
Cantabria,2006,6,21343.0
Cantabria,2006,7,23158.0
Cantabria,2006,8,25539.0
Cantabria,2006,9,23251.0
Cantabria,2006,10,18407.0
Cantabria,2006,11,7335.0
Cantabria,2006,12,5067.0
Cantabria,2007,1,3972.0
Cantabria,2007,2,5316.0
Cantabria,2007,3,9239.0
Cantabria,2007,4,16130.0
Cantabria,2007,5,18221.0
Cantabria,2007,6,22372.0
Cantabria,2007,7,26826.0
Cantabria,2007,8,25662.0
Cantabria,2007,9,25193.0
Cantabria,2007,10,18711.0
Cantabria,2007,11,8056.0
Cantabria,2007,12,4420.0
Cantabria,2008,1,4227.0
Cantabria,2008,2,5249.0
Cantabria,2008,3,9696.0
Cantabria,2008,4,15078.0
Cantabria,2008,5,23091.0
Cantabria,2008,6,23401.0
Cantabria,2008,7,23606.0
Cantabria,2008,8,26180.0
Cantabria,2008,9,25885.0
Cantabria,2008,10,16777.0
Cantabria,2008,11,7669.0
Cantabria,2008,12,6037.0
Cantabria,2009,1,4054.0
Cantabria,2009,2,5811.0
Cantabria,2009,3,7556.0
Cantabria,2009,4,12419.0
Cantabria,2009,5,21467.0
Cantabria,2009,6,22967.0
Cantabria,2009,7,24670.0
Cantabria,2009,8,26146.0
Cantabria,2009,9,21644.0
Cantabria,2009,10,14515.0
Cantabria,2009,11,6403.0
Cantabria,2009,12,4151.0
Cantabria,2010,1,3497.0
Cantabria,2010,2,4761.0
Cantabria,2010,3,6822.0
Cantabria,2010,4,16489.0
Cantabria,2010,5,21559.0
Cantabria,2010,6,25820.0
Cantabria,2010,7,25440.0
Cantabria,2010,8,28401.0
Cantabria,2010,9,26023.0
Cantabria,2010,10,19950.0
Cantabria,2010,11,6519.0
Cantabria,2010,12,5357.0
Cantabria,2011,1,4344.0
Cantabria,2011,2,4819.0
Cantabria,2011,3,7044.0
Cantabria,2011,4,14433.0
Cantabria,2011,5,21791.0
Cantabria,2011,6,27149.0
Cantabria,2011,7,26338.0
Cantabria,2011,8,27939.0
Cantabria,2011,9,26764.0
Cantabria,2011,10,17808.0
Cantabria,2011,11,6510.0
Cantabria,2011,12,4642.0
Cantabria,2012,1,4107.0
Cantabria,2012,2,4987.0
Cantabria,2012,3,6840.0
Cantabria,2012,4,15310.0
Cantabria,2012,5,18399.0
Cantabria,2012,6,25247.0
Cantabria,2012,7,27910.0
Cantabria,2012,8,28120.0
Cantabria,2012,9,28160.0
Cantabria,2012,10,15466.0
Cantabria,2012,11,6953.0
Cantabria,2012,12,5140.0
Cantabria,2013,1,3804.0
Cantabria,2013,2,4595.0
Cantabria,2013,3,8492.0
Cantabria,2013,4,12978.0
Cantabria,2013,5,23215.0
Cantabria,2013,6,24084.0
Cantabria,2013,7,30735.0
Cantabria,2013,8,31461.0
Cantabria,2013,9,33460.0
Cantabria,2013,10,18117.0
Cantabria,2013,11,5956.0
Cantabria,2013,12,4540.0
Cantabria,2014,1,3525.0
Cantabria,2014,2,3704.0
Cantabria,2014,3,6273.0
Cantabria,2014,4,14712.0
Cantabria,2014,5,24249.0
Cantabria,2014,6,25230.0
Cantabria,2014,7,27530.0
Cantabria,2014,8,30340.0
Cantabria,2014,9,30331.0
Cantabria,2014,10,17184.0
Cantabria,2014,11,5318.0
Cantabria,2014,12,4932.0
Cantabria,2015,1,4218.0
Cantabria,2015,2,3835.0
Cantabria,2015,3,5389.0
Cantabria,2015,4,15165.0
Cantabria,2015,5,25901.0
Cantabria,2015,6,28042.0
Cantabria,2015,7,29225.0
Cantabria,2015,8,31364.0
Cantabria,2015,9,30598.0
Cantabria,2015,10,18968.0
Cantabria,2015,11,6424.0
Cantabria,2015,12,3966.0
Cantabria,2016,1,4675.0
Cantabria,2016,2,4436.0
Cantabria,2016,3,9909.0
Cantabria,2016,4,15465.0
Cantabria,2016,5,26103.0
Cantabria,2016,6,32249.0
Cantabria,2016,7,34002.0
Cantabria,2016,8,36103.0
Cantabria,2016,9,36750.0
Cantabria,2016,10,22138.0
Cantabria,2016,11,6600.0
Cantabria,2016,12,5101.0
Cantabria,2017,1,5198.0
Cantabria,2017,2,5861.0
Cantabria,2017,3,9512.0
Cantabria,2017,4,19454.0
Cantabria,2017,5,26677.0
Cantabria,2017,6,32241.0
Cantabria,2017,7,34022.0
Cantabria,2017,8,33762.0
Cantabria,2017,9,38690.0
Cantabria,2017,10,24949.0
Cantabria,2017,11,10090.0
Cantabria,2017,12,6832.0
Cantabria,2018,1,6534.0
Cantabria,2018,2,6477.0
Cantabria,2018,3,10173.0
Cantabria,2018,4,18903.0
Cantabria,2018,5,32927.0
Cantabria,2018,6,34999.0
Cantabria,2018,7,39940.0
Cantabria,2018,8,38782.0
Cantabria,2018,9,42470.0
Cantabria,2018,10,23879.0
Cantabria,2018,11,8250.0
Cantabria,2018,12,7307.0
Cantabria,2019,1,6318.0
Cantabria,2019,2,6545.0
Cantabria,2019,3,9440.0
Cantabria,2019,4,21194.0
Cantabria,2019,5,32462.0
Cantabria,2019,6,36191.0
Cantabria,2019,7,40070.0
Cantabria,2019,8,41393.0
Cantabria,2019,9,43770.0
Cantabria,2019,10,27964.0
Cantabria,2019,11,10170.0
Cantabria,2019,12,8436.0
Cantabria,2020,1,7668.0
Cantabria,2020,2,9183.0
Cantabria,2020,3,4666.0
Cantabria,2020,4,0.0
Cantabria,2020,5,70.0
Cantabria,2020,6,1593.0
Cantabria,2020,7,14213.0
Cantabria,2020,8,14114.0
Cantabria,2020,9,7001.0
Cantabria,2020,10,5431.0
Cantabria,2020,11,1432.0
Cantabria,2020,12,1495.0
Cantabria,2021,1,1293.0
Cantabria,2021,2,1528.0
Cantabria,2021,3,1569.0
Cantabria,2021,4,1670.0
Cantabria,2021,5,3597.0
Cantabria,2021,6,9699.0
Cantabria,2021,7,21235.0
Cantabria,2021,8,24753.0
Cantabria,2021,9,27647.0
Cantabria,2021,10,20532.0
Cantabria,2021,11,8404.0
Cantabria,2021,12,6565.0
Cantabria,2022,1,5799.0
Cantabria,2022,2,6899.0
Cantabria,2022,3,10609.0
Cantabria,2022,4,20254.0
Cantabria,2022,5,33629.0
Cantabria,2022,6,32505.0
Cantabria,2022,7,39091.0
Cantabria,2022,8,40543.0
Cantabria,2022,9,44773.0
Cantabria,2022,10,27590.0
Cantabria,2022,11,10320.0
Cantabria,2022,12,7984.0
Cantabria,2023,1,6507.0
Cantabria,2023,2,7919.0
Cantabria,2023,3,12537.0
Cantabria,2023,4,25466.0
Cantabria,2023,5,37039.0
Cantabria,2023,6,40466.0
Cantabria,2023,7,41011.0
Cantabria,2023,8,43335.0
Cantabria,2023,9,47600.0
Cantabria,2023,10,31981.0
Cantabria,2023,11,11136.0
Cantabria,2023,12,8448.0
Cantabria,2024,1,7666.0
Cantabria,2024,2,10593.0
Cantabria,2024,3,18029.0
Cantabria,2024,4,30514.0
Cantabria,2024,5,43888.0
Cantabria,2024,6,41876.0
Cantabria,2024,7,46644.0
Cantabria,2024,8,45826.0
Cantabria,2024,9,49352.0
Cantabria,2024,10,31117.0
Cantabria,2024,11,11857.0
Cantabria,2024,12,8614.0
Cantabria,2025,1,7255.0
Cantabria,2025,2,7393.0
Cantabria,2025,3,11556.0
Cantabria,2025,4,28883.0
Cantabria,2025,5,49454.0
Cantabria,2025,6,42871.0
Cantabria,2025,7,43714.0
Cantabria,2025,8,41331.0
Cantabria,2025,9,45320.0
Castellón/Castelló,1999,1,4451.0
Castellón/Castelló,1999,2,4763.0
Castellón/Castelló,1999,3,8527.0
Castellón/Castelló,1999,4,14833.0
Castellón/Castelló,1999,5,15106.0
Castellón/Castelló,1999,6,12214.0
Castellón/Castelló,1999,7,13449.0
Castellón/Castelló,1999,8,13000.0
Castellón/Castelló,1999,9,17786.0
Castellón/Castelló,1999,10,21205.0
Castellón/Castelló,1999,11,6508.0
Castellón/Castelló,1999,12,6542.0
Castellón/Castelló,2000,1,5259.0
Castellón/Castelló,2000,2,5848.0
Castellón/Castelló,2000,3,10851.0
Castellón/Castelló,2000,4,15764.0
Castellón/Castelló,2000,5,14794.0
Castellón/Castelló,2000,6,13855.0
Castellón/Castelló,2000,7,14334.0
Castellón/Castelló,2000,8,15527.0
Castellón/Castelló,2000,9,16714.0
Castellón/Castelló,2000,10,20298.0
Castellón/Castelló,2000,11,7388.0
Castellón/Castelló,2000,12,6176.0
Castellón/Castelló,2001,1,6166.0
Castellón/Castelló,2001,2,9979.0
Castellón/Castelló,2001,3,12217.0
Castellón/Castelló,2001,4,14146.0
Castellón/Castelló,2001,5,16082.0
Castellón/Castelló,2001,6,14830.0
Castellón/Castelló,2001,7,13713.0
Castellón/Castelló,2001,8,14674.0
Castellón/Castelló,2001,9,18084.0
Castellón/Castelló,2001,10,19216.0
Castellón/Castelló,2001,11,8017.0
Castellón/Castelló,2001,12,5277.0
Castellón/Castelló,2002,1,5943.0
Castellón/Castelló,2002,2,9461.0
Castellón/Castelló,2002,3,12674.0
Castellón/Castelló,2002,4,18191.0
Castellón/Castelló,2002,5,15625.0
Castellón/Castelló,2002,6,12554.0
Castellón/Castelló,2002,7,13584.0
Castellón/Castelló,2002,8,16581.0
Castellón/Castelló,2002,9,19950.0
Castellón/Castelló,2002,10,19386.0
Castellón/Castelló,2002,11,7978.0
Castellón/Castelló,2002,12,4637.0
Castellón/Castelló,2003,1,7085.0
Castellón/Castelló,2003,2,5130.0
Castellón/Castelló,2003,3,9458.0
Castellón/Castelló,2003,4,15167.0
Castellón/Castelló,2003,5,17326.0
Castellón/Castelló,2003,6,16940.0
Castellón/Castelló,2003,7,15152.0
Castellón/Castelló,2003,8,15767.0
Castellón/Castelló,2003,9,16148.0
Castellón/Castelló,2003,10,17233.0
Castellón/Castelló,2003,11,6024.0
Castellón/Castelló,2003,12,5394.0
Castellón/Castelló,2004,1,6931.0
Castellón/Castelló,2004,2,7248.0
Castellón/Castelló,2004,3,11196.0
Castellón/Castelló,2004,4,15695.0
Castellón/Castelló,2004,5,16804.0
Castellón/Castelló,2004,6,13546.0
Castellón/Castelló,2004,7,15593.0
Castellón/Castelló,2004,8,17705.0
Castellón/Castelló,2004,9,18391.0
Castellón/Castelló,2004,10,20910.0
Castellón/Castelló,2004,11,9147.0
Castellón/Castelló,2004,12,6892.0
Castellón/Castelló,2005,1,5885.0
Castellón/Castelló,2005,2,8985.0
Castellón/Castelló,2005,3,11281.0
Castellón/Castelló,2005,4,15086.0
Castellón/Castelló,2005,5,16381.0
Castellón/Castelló,2005,6,14246.0
Castellón/Castelló,2005,7,16732.0
Castellón/Castelló,2005,8,18039.0
Castellón/Castelló,2005,9,19222.0
Castellón/Castelló,2005,10,19068.0
Castellón/Castelló,2005,11,10158.0
Castellón/Castelló,2005,12,5201.0
Castellón/Castelló,2006,1,6497.0
Castellón/Castelló,2006,2,9367.0
Castellón/Castelló,2006,3,12091.0
Castellón/Castelló,2006,4,18023.0
Castellón/Castelló,2006,5,17859.0
Castellón/Castelló,2006,6,15377.0
Castellón/Castelló,2006,7,25679.0
Castellón/Castelló,2006,8,21823.0
Castellón/Castelló,2006,9,24113.0
Castellón/Castelló,2006,10,22531.0
Castellón/Castelló,2006,11,9941.0
Castellón/Castelló,2006,12,7160.0
Castellón/Castelló,2007,1,8384.0
Castellón/Castelló,2007,2,10489.0
Castellón/Castelló,2007,3,11619.0
Castellón/Castelló,2007,4,17811.0
Castellón/Castelló,2007,5,18541.0
Castellón/Castelló,2007,6,19308.0
Castellón/Castelló,2007,7,24117.0
Castellón/Castelló,2007,8,20909.0
Castellón/Castelló,2007,9,22011.0
Castellón/Castelló,2007,10,20386.0
Castellón/Castelló,2007,11,10608.0
Castellón/Castelló,2007,12,8101.0
Castellón/Castelló,2008,1,8297.0
Castellón/Castelló,2008,2,13288.0
Castellón/Castelló,2008,3,12798.0
Castellón/Castelló,2008,4,15690.0
Castellón/Castelló,2008,5,17100.0
Castellón/Castelló,2008,6,16013.0
Castellón/Castelló,2008,7,19870.0
Castellón/Castelló,2008,8,19015.0
Castellón/Castelló,2008,9,21966.0
Castellón/Castelló,2008,10,21051.0
Castellón/Castelló,2008,11,8408.0
Castellón/Castelló,2008,12,9064.0
Castellón/Castelló,2009,1,5899.0
Castellón/Castelló,2009,2,8638.0
Castellón/Castelló,2009,3,13618.0
Castellón/Castelló,2009,4,16846.0
Castellón/Castelló,2009,5,15529.0
Castellón/Castelló,2009,6,16794.0
Castellón/Castelló,2009,7,22945.0
Castellón/Castelló,2009,8,18921.0
Castellón/Castelló,2009,9,18699.0
Castellón/Castelló,2009,10,19825.0
Castellón/Castelló,2009,11,8514.0
Castellón/Castelló,2009,12,5824.0
Castellón/Castelló,2010,1,5105.0
Castellón/Castelló,2010,2,6965.0
Castellón/Castelló,2010,3,13150.0
Castellón/Castelló,2010,4,13379.0
Castellón/Castelló,2010,5,17303.0
Castellón/Castelló,2010,6,14013.0
Castellón/Castelló,2010,7,19379.0
Castellón/Castelló,2010,8,18976.0
Castellón/Castelló,2010,9,19545.0
Castellón/Castelló,2010,10,20848.0
Castellón/Castelló,2010,11,5472.0
Castellón/Castelló,2010,12,5361.0
Castellón/Castelló,2011,1,4882.0
Castellón/Castelló,2011,2,7931.0
Castellón/Castelló,2011,3,9218.0
Castellón/Castelló,2011,4,17992.0
Castellón/Castelló,2011,5,15460.0
Castellón/Castelló,2011,6,15188.0
Castellón/Castelló,2011,7,20735.0
Castellón/Castelló,2011,8,17434.0
Castellón/Castelló,2011,9,19279.0
Castellón/Castelló,2011,10,16373.0
Castellón/Castelló,2011,11,7041.0
Castellón/Castelló,2011,12,7335.0
Castellón/Castelló,2012,1,5700.0
Castellón/Castelló,2012,2,9346.0
Castellón/Castelló,2012,3,11880.0
Castellón/Castelló,2012,4,22161.0
Castellón/Castelló,2012,5,16603.0
Castellón/Castelló,2012,6,17787.0
Castellón/Castelló,2012,7,24782.0
Castellón/Castelló,2012,8,20856.0
Castellón/Castelló,2012,9,21177.0
Castellón/Castelló,2012,10,16973.0
Castellón/Castelló,2012,11,8280.0
Castellón/Castelló,2012,12,6162.0
Castellón/Castelló,2013,1,4427.0
Castellón/Castelló,2013,2,6780.0
Castellón/Castelló,2013,3,10417.0
Castellón/Castelló,2013,4,14193.0
Castellón/Castelló,2013,5,19359.0
Castellón/Castelló,2013,6,17347.0
Castellón/Castelló,2013,7,20747.0
Castellón/Castelló,2013,8,22228.0
Castellón/Castelló,2013,9,19079.0
Castellón/Castelló,2013,10,20240.0
Castellón/Castelló,2013,11,7308.0
Castellón/Castelló,2013,12,8812.0
Castellón/Castelló,2014,1,5370.0
Castellón/Castelló,2014,2,7220.0
Castellón/Castelló,2014,3,10657.0
Castellón/Castelló,2014,4,16902.0
Castellón/Castelló,2014,5,23275.0
Castellón/Castelló,2014,6,15250.0
Castellón/Castelló,2014,7,20519.0
Castellón/Castelló,2014,8,22954.0
Castellón/Castelló,2014,9,24681.0
Castellón/Castelló,2014,10,24048.0
Castellón/Castelló,2014,11,6141.0
Castellón/Castelló,2014,12,8876.0
Castellón/Castelló,2015,1,5307.0
Castellón/Castelló,2015,2,7733.0
Castellón/Castelló,2015,3,17432.0
Castellón/Castelló,2015,4,14145.0
Castellón/Castelló,2015,5,19775.0
Castellón/Castelló,2015,6,14290.0
Castellón/Castelló,2015,7,21025.0
Castellón/Castelló,2015,8,22436.0
Castellón/Castelló,2015,9,21788.0
Castellón/Castelló,2015,10,17587.0
Castellón/Castelló,2015,11,6929.0
Castellón/Castelló,2015,12,6583.0
Castellón/Castelló,2016,1,5195.0
Castellón/Castelló,2016,2,9024.0
Castellón/Castelló,2016,3,15451.0
Castellón/Castelló,2016,4,17220.0
Castellón/Castelló,2016,5,16014.0
Castellón/Castelló,2016,6,15818.0
Castellón/Castelló,2016,7,24740.0
Castellón/Castelló,2016,8,21457.0
Castellón/Castelló,2016,9,23249.0
Castellón/Castelló,2016,10,17192.0
Castellón/Castelló,2016,11,7872.0
Castellón/Castelló,2016,12,7981.0
Castellón/Castelló,2017,1,6199.0
Castellón/Castelló,2017,2,9463.0
Castellón/Castelló,2017,3,12086.0
Castellón/Castelló,2017,4,19534.0
Castellón/Castelló,2017,5,21302.0
Castellón/Castelló,2017,6,19192.0
Castellón/Castelló,2017,7,25949.0
Castellón/Castelló,2017,8,23680.0
Castellón/Castelló,2017,9,23162.0
Castellón/Castelló,2017,10,20029.0
Castellón/Castelló,2017,11,8445.0
Castellón/Castelló,2017,12,8805.0
Castellón/Castelló,2018,1,6982.0
Castellón/Castelló,2018,2,10967.0
Castellón/Castelló,2018,3,13711.0
Castellón/Castelló,2018,4,18571.0
Castellón/Castelló,2018,5,20286.0
Castellón/Castelló,2018,6,17639.0
Castellón/Castelló,2018,7,20628.0
Castellón/Castelló,2018,8,22092.0
Castellón/Castelló,2018,9,23937.0
Castellón/Castelló,2018,10,20662.0
Castellón/Castelló,2018,11,9524.0
Castellón/Castelló,2018,12,9460.0
Castellón/Castelló,2019,1,8317.0
Castellón/Castelló,2019,2,10144.0
Castellón/Castelló,2019,3,14513.0
Castellón/Castelló,2019,4,19766.0
Castellón/Castelló,2019,5,19677.0
Castellón/Castelló,2019,6,19379.0
Castellón/Castelló,2019,7,21820.0
Castellón/Castelló,2019,8,26674.0
Castellón/Castelló,2019,9,24978.0
Castellón/Castelló,2019,10,24915.0
Castellón/Castelló,2019,11,10332.0
Castellón/Castelló,2019,12,9724.0
Castellón/Castelló,2020,1,7889.0
Castellón/Castelló,2020,2,11353.0
Castellón/Castelló,2020,3,3965.0
Castellón/Castelló,2020,4,0.0
Castellón/Castelló,2020,5,63.0
Castellón/Castelló,2020,6,1135.0
Castellón/Castelló,2020,7,8886.0
Castellón/Castelló,2020,8,10633.0
Castellón/Castelló,2020,9,6818.0
Castellón/Castelló,2020,10,6760.0
Castellón/Castelló,2020,11,2119.0
Castellón/Castelló,2020,12,2305.0
Castellón/Castelló,2021,1,2275.0
Castellón/Castelló,2021,2,1590.0
Castellón/Castelló,2021,3,2779.0
Castellón/Castelló,2021,4,3077.0
Castellón/Castelló,2021,5,5722.0
Castellón/Castelló,2021,6,8697.0
Castellón/Castelló,2021,7,13267.0
Castellón/Castelló,2021,8,15941.0
Castellón/Castelló,2021,9,16693.0
Castellón/Castelló,2021,10,14643.0
Castellón/Castelló,2021,11,9834.0
Castellón/Castelló,2021,12,7393.0
Castellón/Castelló,2022,1,6080.0
Castellón/Castelló,2022,2,10203.0
Castellón/Castelló,2022,3,10901.0
Castellón/Castelló,2022,4,19320.0
Castellón/Castelló,2022,5,21038.0
Castellón/Castelló,2022,6,19592.0
Castellón/Castelló,2022,7,24499.0
Castellón/Castelló,2022,8,27952.0
Castellón/Castelló,2022,9,26445.0
Castellón/Castelló,2022,10,19394.0
Castellón/Castelló,2022,11,9960.0
Castellón/Castelló,2022,12,8314.0
Castellón/Castelló,2023,1,7768.0
Castellón/Castelló,2023,2,10361.0
Castellón/Castelló,2023,3,12790.0
Castellón/Castelló,2023,4,27090.0
Castellón/Castelló,2023,5,21810.0
Castellón/Castelló,2023,6,20048.0
Castellón/Castelló,2023,7,24694.0
Castellón/Castelló,2023,8,28649.0
Castellón/Castelló,2023,9,27373.0
Castellón/Castelló,2023,10,25035.0
Castellón/Castelló,2023,11,11274.0
Castellón/Castelló,2023,12,8412.0
Castellón/Castelló,2024,1,8000.0
Castellón/Castelló,2024,2,11714.0
Castellón/Castelló,2024,3,18921.0
Castellón/Castelló,2024,4,19766.0
Castellón/Castelló,2024,5,27196.0
Castellón/Castelló,2024,6,21613.0
Castellón/Castelló,2024,7,25694.0
Castellón/Castelló,2024,8,31615.0
Castellón/Castelló,2024,9,30815.0
Castellón/Castelló,2024,10,27745.0
Castellón/Castelló,2024,11,10897.0
Castellón/Castelló,2024,12,9493.0
Castellón/Castelló,2025,1,9312.0
Castellón/Castelló,2025,2,11767.0
Castellón/Castelló,2025,3,16422.0
Castellón/Castelló,2025,4,22803.0
Castellón/Castelló,2025,5,28339.0
Castellón/Castelló,2025,6,22420.0
Castellón/Castelló,2025,7,23843.0
Castellón/Castelló,2025,8,30852.0
Castellón/Castelló,2025,9,32082.0
Ceuta,1999,1,2016.0
Ceuta,1999,2,1224.0
Ceuta,1999,3,1836.0
Ceuta,1999,4,1282.0
Ceuta,1999,5,1385.0
Ceuta,1999,6,1749.0
Ceuta,1999,7,1440.0
Ceuta,1999,8,2187.0
Ceuta,1999,9,1271.0
Ceuta,1999,10,1643.0
Ceuta,1999,11,1650.0
Ceuta,1999,12,1805.0
Ceuta,2000,1,1563.0
Ceuta,2000,2,1439.0
Ceuta,2000,3,1703.0
Ceuta,2000,4,2148.0
Ceuta,2000,5,2240.0
Ceuta,2000,6,1920.0
Ceuta,2000,7,1913.0
Ceuta,2000,8,2579.0
Ceuta,2000,9,2384.0
Ceuta,2000,10,2425.0
Ceuta,2000,11,1271.0
Ceuta,2000,12,1511.0
Ceuta,2001,1,1736.0
Ceuta,2001,2,1836.0
Ceuta,2001,3,1705.0
Ceuta,2001,4,1950.0
Ceuta,2001,5,1741.0
Ceuta,2001,6,1690.0
Ceuta,2001,7,1992.0
Ceuta,2001,8,3332.0
Ceuta,2001,9,1555.0
Ceuta,2001,10,1277.0
Ceuta,2001,11,1769.0
Ceuta,2001,12,1089.0
Ceuta,2002,1,1495.0
Ceuta,2002,2,1208.0
Ceuta,2002,3,2041.0
Ceuta,2002,4,1546.0
Ceuta,2002,5,1405.0
Ceuta,2002,6,1693.0
Ceuta,2002,7,1870.0
Ceuta,2002,8,2367.0
Ceuta,2002,9,1849.0
Ceuta,2002,10,1672.0
Ceuta,2002,11,1275.0
Ceuta,2002,12,1340.0
Ceuta,2003,1,1909.0
Ceuta,2003,2,1767.0
Ceuta,2003,3,1887.0
Ceuta,2003,4,1501.0
Ceuta,2003,5,1979.0
Ceuta,2003,6,1703.0
Ceuta,2003,7,3039.0
Ceuta,2003,8,2736.0
Ceuta,2003,9,1353.0
Ceuta,2003,10,1524.0
Ceuta,2003,11,1393.0
Ceuta,2003,12,1557.0
Ceuta,2004,1,1607.0
Ceuta,2004,2,1135.0
Ceuta,2004,3,1481.0
Ceuta,2004,4,1533.0
Ceuta,2004,5,1264.0
Ceuta,2004,6,1204.0
Ceuta,2004,7,2061.0
Ceuta,2004,8,2568.0
Ceuta,2004,9,1075.0
Ceuta,2004,10,972.0
Ceuta,2004,11,957.0
Ceuta,2004,12,1167.0
Ceuta,2005,1,1427.0
Ceuta,2005,2,958.0
Ceuta,2005,3,1080.0
Ceuta,2005,4,1249.0
Ceuta,2005,5,967.0
Ceuta,2005,6,892.0
Ceuta,2005,7,1411.0
Ceuta,2005,8,2107.0
Ceuta,2005,9,1319.0
Ceuta,2005,10,1111.0
Ceuta,2005,11,1337.0
Ceuta,2005,12,1392.0
Ceuta,2006,1,1558.0
Ceuta,2006,2,782.0
Ceuta,2006,3,915.0
Ceuta,2006,4,1475.0
Ceuta,2006,5,1468.0
Ceuta,2006,6,1134.0
Ceuta,2006,7,1598.0
Ceuta,2006,8,2586.0
Ceuta,2006,9,1388.0
Ceuta,2006,10,1217.0
Ceuta,2006,11,912.0
Ceuta,2006,12,1109.0
Ceuta,2007,1,1504.0
Ceuta,2007,2,704.0
Ceuta,2007,3,975.0
Ceuta,2007,4,811.0
Ceuta,2007,5,1045.0
Ceuta,2007,6,1119.0
Ceuta,2007,7,2042.0
Ceuta,2007,8,1948.0
Ceuta,2007,9,809.0
Ceuta,2007,10,1077.0
Ceuta,2007,11,842.0
Ceuta,2007,12,932.0
Ceuta,2008,1,1112.0
Ceuta,2008,2,769.0
Ceuta,2008,3,814.0
Ceuta,2008,4,1060.0
Ceuta,2008,5,815.0
Ceuta,2008,6,1158.0
Ceuta,2008,7,1217.0
Ceuta,2008,8,1802.0
Ceuta,2008,9,482.0
Ceuta,2008,10,886.0
Ceuta,2008,11,1236.0
Ceuta,2008,12,970.0
Ceuta,2009,1,1171.0
Ceuta,2009,2,939.0
Ceuta,2009,3,928.0
Ceuta,2009,4,1215.0
Ceuta,2009,5,807.0
Ceuta,2009,6,2423.0
Ceuta,2009,7,1948.0
Ceuta,2009,8,2620.0
Ceuta,2009,9,1366.0
Ceuta,2009,10,1431.0
Ceuta,2009,11,936.0
Ceuta,2009,12,1299.0
Ceuta,2010,1,1705.0
Ceuta,2010,2,1898.0
Ceuta,2010,3,1288.0
Ceuta,2010,4,2020.0
Ceuta,2010,5,1068.0
Ceuta,2010,6,1378.0
Ceuta,2010,7,3574.0
Ceuta,2010,8,2082.0
Ceuta,2010,9,1754.0
Ceuta,2010,10,1386.0
Ceuta,2010,11,1704.0
Ceuta,2010,12,1224.0
Ceuta,2011,1,2199.0
Ceuta,2011,2,1182.0
Ceuta,2011,3,1629.0
Ceuta,2011,4,1431.0
Ceuta,2011,5,1433.0
Ceuta,2011,6,1261.0
Ceuta,2011,7,2930.0
Ceuta,2011,8,2144.0
Ceuta,2011,9,1715.0
Ceuta,2011,10,1632.0
Ceuta,2011,11,2144.0
Ceuta,2011,12,1566.0
Ceuta,2012,1,1391.0
Ceuta,2012,2,1491.0
Ceuta,2012,3,1428.0
Ceuta,2012,4,1653.0
Ceuta,2012,5,1887.0
Ceuta,2012,6,2003.0
Ceuta,2012,7,2465.0
Ceuta,2012,8,2375.0
Ceuta,2012,9,1719.0
Ceuta,2012,10,1748.0
Ceuta,2012,11,1845.0
Ceuta,2012,12,1837.0
Ceuta,2013,1,2588.0
Ceuta,2013,2,1461.0
Ceuta,2013,3,1574.0
Ceuta,2013,4,2335.0
Ceuta,2013,5,2038.0
Ceuta,2013,6,2546.0
Ceuta,2013,7,1861.0
Ceuta,2013,8,3594.0
Ceuta,2013,9,1993.0
Ceuta,2013,10,2201.0
Ceuta,2013,11,2201.0
Ceuta,2013,12,1398.0
Ceuta,2014,1,2491.0
Ceuta,2014,2,2056.0
Ceuta,2014,3,1656.0
Ceuta,2014,4,1849.0
Ceuta,2014,5,2156.0
Ceuta,2014,6,1934.0
Ceuta,2014,7,1960.0
Ceuta,2014,8,2002.0
Ceuta,2014,9,2046.0
Ceuta,2014,10,1541.0
Ceuta,2014,11,2147.0
Ceuta,2014,12,2293.0
Ceuta,2015,1,1888.0
Ceuta,2015,2,2169.0
Ceuta,2015,3,1686.0
Ceuta,2015,4,1684.0
Ceuta,2015,5,1899.0
Ceuta,2015,6,1373.0
Ceuta,2015,7,2604.0
Ceuta,2015,8,4246.0
Ceuta,2015,9,3311.0
Ceuta,2015,10,1904.0
Ceuta,2015,11,2296.0
Ceuta,2015,12,2804.0
Ceuta,2016,1,2116.0
Ceuta,2016,2,1805.0
Ceuta,2016,3,1525.0
Ceuta,2016,4,1706.0
Ceuta,2016,5,2325.0
Ceuta,2016,6,1335.0
Ceuta,2016,7,2883.0
Ceuta,2016,8,2947.0
Ceuta,2016,9,2215.0
Ceuta,2016,10,1901.0
Ceuta,2016,11,1995.0
Ceuta,2016,12,2185.0
Ceuta,2017,1,2303.0
Ceuta,2017,2,2850.0
Ceuta,2017,3,972.0
Ceuta,2017,4,2517.0
Ceuta,2017,5,2530.0
Ceuta,2017,6,1545.0
Ceuta,2017,7,2724.0
Ceuta,2017,8,4280.0
Ceuta,2017,9,2226.0
Ceuta,2017,10,1881.0
Ceuta,2017,11,2475.0
Ceuta,2017,12,2500.0
Ceuta,2018,1,2897.0
Ceuta,2018,2,2115.0
Ceuta,2018,3,2384.0
Ceuta,2018,4,1809.0
Ceuta,2018,5,1603.0
Ceuta,2018,6,2340.0
Ceuta,2018,7,2231.0
Ceuta,2018,8,3224.0
Ceuta,2018,9,2180.0
Ceuta,2018,10,2050.0
Ceuta,2018,11,2930.0
Ceuta,2018,12,2312.0
Ceuta,2019,1,2569.0
Ceuta,2019,2,1637.0
Ceuta,2019,3,1756.0
Ceuta,2019,4,2636.0
Ceuta,2019,5,1420.0
Ceuta,2019,6,1869.0
Ceuta,2019,7,2912.0
Ceuta,2019,8,3980.0
Ceuta,2019,9,2193.0
Ceuta,2019,10,3328.0
Ceuta,2019,11,3650.0
Ceuta,2019,12,2122.0
Ceuta,2020,1,2369.0
Ceuta,2020,2,1686.0
Ceuta,2020,3,1046.0
Ceuta,2020,4,0.0
Ceuta,2020,7,155.0
Ceuta,2020,8,263.0
Ceuta,2020,9,155.0
Ceuta,2020,10,147.0
Ceuta,2020,11,46.0
Ceuta,2020,12,15.0
Ceuta,2021,1,109.0
Ceuta,2021,2,100.0
Ceuta,2021,3,144.0
Ceuta,2021,4,100.0
Ceuta,2021,5,160.0
Ceuta,2021,6,221.0
Ceuta,2021,7,266.0
Ceuta,2021,8,437.0
Ceuta,2021,9,338.0
Ceuta,2021,10,330.0
Ceuta,2021,11,300.0
Ceuta,2021,12,219.0
Ceuta,2022,1,121.0
Ceuta,2022,2,201.0
Ceuta,2022,3,217.0
Ceuta,2022,4,481.0
Ceuta,2022,5,712.0
Ceuta,2022,6,1245.0
Ceuta,2022,7,2059.0
Ceuta,2022,8,2580.0
Ceuta,2022,9,1679.0
Ceuta,2022,10,1480.0
Ceuta,2022,11,1567.0
Ceuta,2022,12,1566.0
Ceuta,2023,1,1896.0
Ceuta,2023,2,1235.0
Ceuta,2023,3,1729.0
Ceuta,2023,4,1524.0
Ceuta,2023,5,1836.0
Ceuta,2023,6,1918.0
Ceuta,2023,7,2707.0
Ceuta,2023,8,2924.0
Ceuta,2023,9,1797.0
Ceuta,2023,10,1040.0
Ceuta,2023,11,1508.0
Ceuta,2023,12,1610.0
Ceuta,2024,1,1496.0
Ceuta,2024,2,1684.0
Ceuta,2024,3,1536.0
Ceuta,2024,4,2975.0
Ceuta,2024,5,1740.0
Ceuta,2024,6,3024.0
Ceuta,2024,7,2589.0
Ceuta,2024,8,4291.0
Ceuta,2024,9,1417.0
Ceuta,2024,10,1049.0
Ceuta,2024,11,2425.0
Ceuta,2024,12,2879.0
Ceuta,2025,1,2369.0
Ceuta,2025,2,2649.0
Ceuta,2025,3,2035.0
Ceuta,2025,4,1863.0
Ceuta,2025,5,2642.0
Ceuta,2025,6,2101.0
Ceuta,2025,7,2363.0
Ceuta,2025,8,3125.0
Ceuta,2025,9,1754.0
Ciudad Real,1999,1,2200.0
Ciudad Real,1999,2,2472.0
Ciudad Real,1999,3,2577.0
Ciudad Real,1999,4,4180.0
Ciudad Real,1999,5,4684.0
Ciudad Real,1999,6,4436.0
Ciudad Real,1999,7,4271.0
Ciudad Real,1999,8,4662.0
Ciudad Real,1999,9,5291.0
Ciudad Real,1999,10,6552.0
Ciudad Real,1999,11,3313.0
Ciudad Real,1999,12,3193.0
Ciudad Real,2000,1,2267.0
Ciudad Real,2000,2,2108.0
Ciudad Real,2000,3,3033.0
Ciudad Real,2000,4,4870.0
Ciudad Real,2000,5,4654.0
Ciudad Real,2000,6,3853.0
Ciudad Real,2000,7,4715.0
Ciudad Real,2000,8,5809.0
Ciudad Real,2000,9,3932.0
Ciudad Real,2000,10,6363.0
Ciudad Real,2000,11,4151.0
Ciudad Real,2000,12,2316.0
Ciudad Real,2001,1,2911.0
Ciudad Real,2001,2,2596.0
Ciudad Real,2001,3,2709.0
Ciudad Real,2001,4,4644.0
Ciudad Real,2001,5,4272.0
Ciudad Real,2001,6,3072.0
Ciudad Real,2001,7,4875.0
Ciudad Real,2001,8,5016.0
Ciudad Real,2001,9,4605.0
Ciudad Real,2001,10,5392.0
Ciudad Real,2001,11,3375.0
Ciudad Real,2001,12,2145.0
Ciudad Real,2002,1,2340.0
Ciudad Real,2002,2,2097.0
Ciudad Real,2002,3,3013.0
Ciudad Real,2002,4,3936.0
Ciudad Real,2002,5,4231.0
Ciudad Real,2002,6,3902.0
Ciudad Real,2002,7,4633.0
Ciudad Real,2002,8,5911.0
Ciudad Real,2002,9,5148.0
Ciudad Real,2002,10,4870.0
Ciudad Real,2002,11,2851.0
Ciudad Real,2002,12,2042.0
Ciudad Real,2003,1,2122.0
Ciudad Real,2003,2,1615.0
Ciudad Real,2003,3,3488.0
Ciudad Real,2003,4,4212.0
Ciudad Real,2003,5,4438.0
Ciudad Real,2003,6,3743.0
Ciudad Real,2003,7,4230.0
Ciudad Real,2003,8,5617.0
Ciudad Real,2003,9,5356.0
Ciudad Real,2003,10,4754.0
Ciudad Real,2003,11,2970.0
Ciudad Real,2003,12,2073.0
Ciudad Real,2004,1,2693.0
Ciudad Real,2004,2,2360.0
Ciudad Real,2004,3,2608.0
Ciudad Real,2004,4,3422.0
Ciudad Real,2004,5,3981.0
Ciudad Real,2004,6,3829.0
Ciudad Real,2004,7,3886.0
Ciudad Real,2004,8,4897.0
Ciudad Real,2004,9,4539.0
Ciudad Real,2004,10,4736.0
Ciudad Real,2004,11,2828.0
Ciudad Real,2004,12,1880.0
Ciudad Real,2005,1,2739.0
Ciudad Real,2005,2,2847.0
Ciudad Real,2005,3,2224.0
Ciudad Real,2005,4,4567.0
Ciudad Real,2005,5,3832.0
Ciudad Real,2005,6,3253.0
Ciudad Real,2005,7,4047.0
Ciudad Real,2005,8,5946.0
Ciudad Real,2005,9,4558.0
Ciudad Real,2005,10,4799.0
Ciudad Real,2005,11,2730.0
Ciudad Real,2005,12,2175.0
Ciudad Real,2006,1,2167.0
Ciudad Real,2006,2,2435.0
Ciudad Real,2006,3,3361.0
Ciudad Real,2006,4,3889.0
Ciudad Real,2006,5,3848.0
Ciudad Real,2006,6,3317.0
Ciudad Real,2006,7,4911.0
Ciudad Real,2006,8,5238.0
Ciudad Real,2006,9,5229.0
Ciudad Real,2006,10,4926.0
Ciudad Real,2006,11,3109.0
Ciudad Real,2006,12,2477.0
Ciudad Real,2007,1,3189.0
Ciudad Real,2007,2,2685.0
Ciudad Real,2007,3,3703.0
Ciudad Real,2007,4,4468.0
Ciudad Real,2007,5,4696.0
Ciudad Real,2007,6,4942.0
Ciudad Real,2007,7,3977.0
Ciudad Real,2007,8,4804.0
Ciudad Real,2007,9,6456.0
Ciudad Real,2007,10,4587.0
Ciudad Real,2007,11,3064.0
Ciudad Real,2007,12,2673.0
Ciudad Real,2008,1,2928.0
Ciudad Real,2008,2,2853.0
Ciudad Real,2008,3,4422.0
Ciudad Real,2008,4,5195.0
Ciudad Real,2008,5,6069.0
Ciudad Real,2008,6,4485.0
Ciudad Real,2008,7,4570.0
Ciudad Real,2008,8,6099.0
Ciudad Real,2008,9,5305.0
Ciudad Real,2008,10,4904.0
Ciudad Real,2008,11,3097.0
Ciudad Real,2008,12,3064.0
Ciudad Real,2009,1,2635.0
Ciudad Real,2009,2,2695.0
Ciudad Real,2009,3,2962.0
Ciudad Real,2009,4,3756.0
Ciudad Real,2009,5,5070.0
Ciudad Real,2009,6,3108.0
Ciudad Real,2009,7,5074.0
Ciudad Real,2009,8,5784.0
Ciudad Real,2009,9,4282.0
Ciudad Real,2009,10,4662.0
Ciudad Real,2009,11,3010.0
Ciudad Real,2009,12,2177.0
Ciudad Real,2010,1,1814.0
Ciudad Real,2010,2,2277.0
Ciudad Real,2010,3,2549.0
Ciudad Real,2010,4,3798.0
Ciudad Real,2010,5,4521.0
Ciudad Real,2010,6,4505.0
Ciudad Real,2010,7,4898.0
Ciudad Real,2010,8,4912.0
Ciudad Real,2010,9,4994.0
Ciudad Real,2010,10,5473.0
Ciudad Real,2010,11,3868.0
Ciudad Real,2010,12,2245.0
Ciudad Real,2011,1,2210.0
Ciudad Real,2011,2,2433.0
Ciudad Real,2011,3,3437.0
Ciudad Real,2011,4,4422.0
Ciudad Real,2011,5,4367.0
Ciudad Real,2011,6,3491.0
Ciudad Real,2011,7,4362.0
Ciudad Real,2011,8,4147.0
Ciudad Real,2011,9,3392.0
Ciudad Real,2011,10,3619.0
Ciudad Real,2011,11,2897.0
Ciudad Real,2011,12,2734.0
Ciudad Real,2012,1,1899.0
Ciudad Real,2012,2,1849.0
Ciudad Real,2012,3,2472.0
Ciudad Real,2012,4,3529.0
Ciudad Real,2012,5,2931.0
Ciudad Real,2012,6,2853.0
Ciudad Real,2012,7,3266.0
Ciudad Real,2012,8,3114.0
Ciudad Real,2012,9,4176.0
Ciudad Real,2012,10,3583.0
Ciudad Real,2012,11,1662.0
Ciudad Real,2012,12,1277.0
Ciudad Real,2013,1,1577.0
Ciudad Real,2013,2,1725.0
Ciudad Real,2013,3,1933.0
Ciudad Real,2013,4,2775.0
Ciudad Real,2013,5,2752.0
Ciudad Real,2013,6,3099.0
Ciudad Real,2013,7,3582.0
Ciudad Real,2013,8,4808.0
Ciudad Real,2013,9,3298.0
Ciudad Real,2013,10,3407.0
Ciudad Real,2013,11,2358.0
Ciudad Real,2013,12,2254.0
Ciudad Real,2014,1,1863.0
Ciudad Real,2014,2,1593.0
Ciudad Real,2014,3,2065.0
Ciudad Real,2014,4,3380.0
Ciudad Real,2014,5,4048.0
Ciudad Real,2014,6,3268.0
Ciudad Real,2014,7,4248.0
Ciudad Real,2014,8,4868.0
Ciudad Real,2014,9,4335.0
Ciudad Real,2014,10,3751.0
Ciudad Real,2014,11,2148.0
Ciudad Real,2014,12,1999.0
Ciudad Real,2015,1,2295.0
Ciudad Real,2015,2,2449.0
Ciudad Real,2015,3,2332.0
Ciudad Real,2015,4,2990.0
Ciudad Real,2015,5,4722.0
Ciudad Real,2015,6,3261.0
Ciudad Real,2015,7,5940.0
Ciudad Real,2015,8,5035.0
Ciudad Real,2015,9,4615.0
Ciudad Real,2015,10,5110.0
Ciudad Real,2015,11,3202.0
Ciudad Real,2015,12,2387.0
Ciudad Real,2016,1,2115.0
Ciudad Real,2016,2,2213.0
Ciudad Real,2016,3,2274.0
Ciudad Real,2016,4,3182.0
Ciudad Real,2016,5,3897.0
Ciudad Real,2016,6,4169.0
Ciudad Real,2016,7,5838.0
Ciudad Real,2016,8,5318.0
Ciudad Real,2016,9,5112.0
Ciudad Real,2016,10,4991.0
Ciudad Real,2016,11,2897.0
Ciudad Real,2016,12,2357.0
Ciudad Real,2017,1,2043.0
Ciudad Real,2017,2,2851.0
Ciudad Real,2017,3,2862.0
Ciudad Real,2017,4,4389.0
Ciudad Real,2017,5,5020.0
Ciudad Real,2017,6,4320.0
Ciudad Real,2017,7,6050.0
Ciudad Real,2017,8,5377.0
Ciudad Real,2017,9,5406.0
Ciudad Real,2017,10,5086.0
Ciudad Real,2017,11,3373.0
Ciudad Real,2017,12,2589.0
Ciudad Real,2018,1,2547.0
Ciudad Real,2018,2,3252.0
Ciudad Real,2018,3,3338.0
Ciudad Real,2018,4,5254.0
Ciudad Real,2018,5,5621.0
Ciudad Real,2018,6,4276.0
Ciudad Real,2018,7,6059.0
Ciudad Real,2018,8,7414.0
Ciudad Real,2018,9,5452.0
Ciudad Real,2018,10,6382.0
Ciudad Real,2018,11,4154.0
Ciudad Real,2018,12,3896.0
Ciudad Real,2019,1,3273.0
Ciudad Real,2019,2,2967.0
Ciudad Real,2019,3,3826.0
Ciudad Real,2019,4,6411.0
Ciudad Real,2019,5,6402.0
Ciudad Real,2019,6,5542.0
Ciudad Real,2019,7,6416.0
Ciudad Real,2019,8,7718.0
Ciudad Real,2019,9,5444.0
Ciudad Real,2019,10,5911.0
Ciudad Real,2019,11,3939.0
Ciudad Real,2019,12,2536.0
Ciudad Real,2020,1,3393.0
Ciudad Real,2020,2,3018.0
Ciudad Real,2020,3,891.0
Ciudad Real,2020,4,0.0
Ciudad Real,2020,5,200.0
Ciudad Real,2020,6,546.0
Ciudad Real,2020,7,1852.0
Ciudad Real,2020,8,2111.0
Ciudad Real,2020,9,1357.0
Ciudad Real,2020,10,1463.0
Ciudad Real,2020,11,939.0
Ciudad Real,2020,12,564.0
Ciudad Real,2021,1,500.0
Ciudad Real,2021,2,616.0
Ciudad Real,2021,3,561.0
Ciudad Real,2021,4,1168.0
Ciudad Real,2021,5,1228.0
Ciudad Real,2021,6,1943.0
Ciudad Real,2021,7,2712.0
Ciudad Real,2021,8,3465.0
Ciudad Real,2021,9,3368.0
Ciudad Real,2021,10,4213.0
Ciudad Real,2021,11,2943.0
Ciudad Real,2021,12,2055.0
Ciudad Real,2022,1,1955.0
Ciudad Real,2022,2,2526.0
Ciudad Real,2022,3,2564.0
Ciudad Real,2022,4,3585.0
Ciudad Real,2022,5,4079.0
Ciudad Real,2022,6,4623.0
Ciudad Real,2022,7,5139.0
Ciudad Real,2022,8,5385.0
Ciudad Real,2022,9,5072.0
Ciudad Real,2022,10,4679.0
Ciudad Real,2022,11,3195.0
Ciudad Real,2022,12,2856.0
Ciudad Real,2023,1,2755.0
Ciudad Real,2023,2,2812.0
Ciudad Real,2023,3,3674.0
Ciudad Real,2023,4,4505.0
Ciudad Real,2023,5,5392.0
Ciudad Real,2023,6,4264.0
Ciudad Real,2023,7,6022.0
Ciudad Real,2023,8,6089.0
Ciudad Real,2023,9,5421.0
Ciudad Real,2023,10,5354.0
Ciudad Real,2023,11,3775.0
Ciudad Real,2023,12,3113.0
Ciudad Real,2024,1,3230.0
Ciudad Real,2024,2,3346.0
Ciudad Real,2024,3,4771.0
Ciudad Real,2024,4,4263.0
Ciudad Real,2024,5,6101.0
Ciudad Real,2024,6,4325.0
Ciudad Real,2024,7,5596.0
Ciudad Real,2024,8,6459.0
Ciudad Real,2024,9,5644.0
Ciudad Real,2024,10,5724.0
Ciudad Real,2024,11,4334.0
Ciudad Real,2024,12,3178.0
Ciudad Real,2025,1,3192.0
Ciudad Real,2025,2,3021.0
Ciudad Real,2025,3,5176.0
Ciudad Real,2025,4,4818.0
Ciudad Real,2025,5,5642.0
Ciudad Real,2025,6,5218.0
Ciudad Real,2025,7,5889.0
Ciudad Real,2025,8,6886.0
Ciudad Real,2025,9,5816.0
Cuenca,1999,1,1083.0
Cuenca,1999,2,1038.0
Cuenca,1999,3,2099.0
Cuenca,1999,4,2248.0
Cuenca,1999,5,2742.0
Cuenca,1999,6,2897.0
Cuenca,1999,7,2332.0
Cuenca,1999,8,3699.0
Cuenca,1999,9,3182.0
Cuenca,1999,10,3300.0
Cuenca,1999,11,1575.0
Cuenca,1999,12,781.0
Cuenca,2000,1,878.0
Cuenca,2000,2,905.0
Cuenca,2000,3,2196.0
Cuenca,2000,4,2701.0
Cuenca,2000,5,3500.0
Cuenca,2000,6,3198.0
Cuenca,2000,7,4014.0
Cuenca,2000,8,3121.0
Cuenca,2000,9,3466.0
Cuenca,2000,10,3248.0
Cuenca,2000,11,1394.0
Cuenca,2000,12,918.0
Cuenca,2001,1,1429.0
Cuenca,2001,2,1578.0
Cuenca,2001,3,2052.0
Cuenca,2001,4,2172.0
Cuenca,2001,5,4597.0
Cuenca,2001,6,2698.0
Cuenca,2001,7,2876.0
Cuenca,2001,8,3998.0
Cuenca,2001,9,3403.0
Cuenca,2001,10,2845.0
Cuenca,2001,11,1079.0
Cuenca,2001,12,1298.0
Cuenca,2002,1,904.0
Cuenca,2002,2,1369.0
Cuenca,2002,3,2706.0
Cuenca,2002,4,2751.0
Cuenca,2002,5,4016.0
Cuenca,2002,6,3033.0
Cuenca,2002,7,4086.0
Cuenca,2002,8,3662.0
Cuenca,2002,9,3442.0
Cuenca,2002,10,3659.0
Cuenca,2002,11,1592.0
Cuenca,2002,12,1150.0
Cuenca,2003,1,994.0
Cuenca,2003,2,1296.0
Cuenca,2003,3,2002.0
Cuenca,2003,4,2505.0
Cuenca,2003,5,2801.0
Cuenca,2003,6,3299.0
Cuenca,2003,7,2761.0
Cuenca,2003,8,3458.0
Cuenca,2003,9,3326.0
Cuenca,2003,10,2947.0
Cuenca,2003,11,1432.0
Cuenca,2003,12,1224.0
Cuenca,2004,1,711.0
Cuenca,2004,2,1637.0
Cuenca,2004,3,2656.0
Cuenca,2004,4,3603.0
Cuenca,2004,5,3121.0
Cuenca,2004,6,3089.0
Cuenca,2004,7,2778.0
Cuenca,2004,8,3350.0
Cuenca,2004,9,3730.0
Cuenca,2004,10,2844.0
Cuenca,2004,11,1434.0
Cuenca,2004,12,1380.0
Cuenca,2005,1,1245.0
Cuenca,2005,2,1103.0
Cuenca,2005,3,2153.0
Cuenca,2005,4,2738.0
Cuenca,2005,5,3573.0
Cuenca,2005,6,2882.0
Cuenca,2005,7,2421.0
Cuenca,2005,8,3710.0
Cuenca,2005,9,3151.0
Cuenca,2005,10,3028.0
Cuenca,2005,11,2164.0
Cuenca,2005,12,1166.0
Cuenca,2006,1,1194.0
Cuenca,2006,2,1002.0
Cuenca,2006,3,2095.0
Cuenca,2006,4,3761.0
Cuenca,2006,5,3193.0
Cuenca,2006,6,3175.0
Cuenca,2006,7,3416.0
Cuenca,2006,8,2851.0
Cuenca,2006,9,3763.0
Cuenca,2006,10,3460.0
Cuenca,2006,11,2442.0
Cuenca,2006,12,1348.0
Cuenca,2007,1,1268.0
Cuenca,2007,2,1945.0
Cuenca,2007,3,3582.0
Cuenca,2007,4,4532.0
Cuenca,2007,5,4887.0
Cuenca,2007,6,4311.0
Cuenca,2007,7,3922.0
Cuenca,2007,8,3707.0
Cuenca,2007,9,4453.0
Cuenca,2007,10,4408.0
Cuenca,2007,11,2637.0
Cuenca,2007,12,1440.0
Cuenca,2008,1,1394.0
Cuenca,2008,2,1908.0
Cuenca,2008,3,3679.0
Cuenca,2008,4,2832.0
Cuenca,2008,5,4243.0
Cuenca,2008,6,4622.0
Cuenca,2008,7,3000.0
Cuenca,2008,8,4450.0
Cuenca,2008,9,4210.0
Cuenca,2008,10,3445.0
Cuenca,2008,11,2971.0
Cuenca,2008,12,1273.0
Cuenca,2009,1,859.0
Cuenca,2009,2,1350.0
Cuenca,2009,3,1733.0
Cuenca,2009,4,4112.0
Cuenca,2009,5,3205.0
Cuenca,2009,6,4858.0
Cuenca,2009,7,3358.0
Cuenca,2009,8,5082.0
Cuenca,2009,9,4236.0
Cuenca,2009,10,5704.0
Cuenca,2009,11,2260.0
Cuenca,2009,12,1784.0
Cuenca,2010,1,1716.0
Cuenca,2010,2,1625.0
Cuenca,2010,3,3246.0
Cuenca,2010,4,4059.0
Cuenca,2010,5,5988.0
Cuenca,2010,6,4388.0
Cuenca,2010,7,3775.0
Cuenca,2010,8,5903.0
Cuenca,2010,9,4977.0
Cuenca,2010,10,3971.0
Cuenca,2010,11,2330.0
Cuenca,2010,12,1514.0
Cuenca,2011,1,1512.0
Cuenca,2011,2,1879.0
Cuenca,2011,3,2821.0
Cuenca,2011,4,5589.0
Cuenca,2011,5,4511.0
Cuenca,2011,6,3522.0
Cuenca,2011,7,4201.0
Cuenca,2011,8,5234.0
Cuenca,2011,9,4748.0
Cuenca,2011,10,4708.0
Cuenca,2011,11,2637.0
Cuenca,2011,12,1983.0
Cuenca,2012,1,1892.0
Cuenca,2012,2,1906.0
Cuenca,2012,3,3220.0
Cuenca,2012,4,5153.0
Cuenca,2012,5,5054.0
Cuenca,2012,6,5203.0
Cuenca,2012,7,4417.0
Cuenca,2012,8,4567.0
Cuenca,2012,9,4698.0
Cuenca,2012,10,3642.0
Cuenca,2012,11,2107.0
Cuenca,2012,12,1298.0
Cuenca,2013,1,996.0
Cuenca,2013,2,979.0
Cuenca,2013,3,3204.0
Cuenca,2013,4,3165.0
Cuenca,2013,5,4885.0
Cuenca,2013,6,3517.0
Cuenca,2013,7,3696.0
Cuenca,2013,8,4610.0
Cuenca,2013,9,4560.0
Cuenca,2013,10,3839.0
Cuenca,2013,11,1227.0
Cuenca,2013,12,1209.0
Cuenca,2014,1,591.0
Cuenca,2014,2,852.0
Cuenca,2014,3,1686.0
Cuenca,2014,4,3517.0
Cuenca,2014,5,3369.0
Cuenca,2014,6,3112.0
Cuenca,2014,7,2582.0
Cuenca,2014,8,3479.0
Cuenca,2014,9,3772.0
Cuenca,2014,10,3154.0
Cuenca,2014,11,1574.0
Cuenca,2014,12,1359.0
Cuenca,2015,1,1016.0
Cuenca,2015,2,881.0
Cuenca,2015,3,2117.0
Cuenca,2015,4,2765.0
Cuenca,2015,5,3785.0
Cuenca,2015,6,3274.0
Cuenca,2015,7,3019.0
Cuenca,2015,8,3317.0
Cuenca,2015,9,3693.0
Cuenca,2015,10,3234.0
Cuenca,2015,11,1783.0
Cuenca,2015,12,1519.0
Cuenca,2016,1,1249.0
Cuenca,2016,2,1273.0
Cuenca,2016,3,2237.0
Cuenca,2016,4,2824.0
Cuenca,2016,5,3193.0
Cuenca,2016,6,3376.0
Cuenca,2016,7,3266.0
Cuenca,2016,8,3623.0
Cuenca,2016,9,3815.0
Cuenca,2016,10,3603.0
Cuenca,2016,11,1995.0
Cuenca,2016,12,1494.0
Cuenca,2017,1,1635.0
Cuenca,2017,2,1371.0
Cuenca,2017,3,2025.0
Cuenca,2017,4,3122.0
Cuenca,2017,5,4457.0
Cuenca,2017,6,3507.0
Cuenca,2017,7,3490.0
Cuenca,2017,8,3536.0
Cuenca,2017,9,4393.0
Cuenca,2017,10,4065.0
Cuenca,2017,11,1753.0
Cuenca,2017,12,1727.0
Cuenca,2018,1,1515.0
Cuenca,2018,2,1430.0
Cuenca,2018,3,2295.0
Cuenca,2018,4,2593.0
Cuenca,2018,5,3978.0
Cuenca,2018,6,3277.0
Cuenca,2018,7,4656.0
Cuenca,2018,8,3694.0
Cuenca,2018,9,4034.0
Cuenca,2018,10,4105.0
Cuenca,2018,11,2812.0
Cuenca,2018,12,1937.0
Cuenca,2019,1,1606.0
Cuenca,2019,2,1666.0
Cuenca,2019,3,2547.0
Cuenca,2019,4,3218.0
Cuenca,2019,5,5230.0
Cuenca,2019,6,4778.0
Cuenca,2019,7,3946.0
Cuenca,2019,8,4106.0
Cuenca,2019,9,4413.0
Cuenca,2019,10,4224.0
Cuenca,2019,11,2529.0
Cuenca,2019,12,1955.0
Cuenca,2020,1,2011.0
Cuenca,2020,2,1485.0
Cuenca,2020,3,970.0
Cuenca,2020,4,0.0
Cuenca,2020,5,62.0
Cuenca,2020,6,160.0
Cuenca,2020,7,1819.0
Cuenca,2020,8,2068.0
Cuenca,2020,9,1430.0
Cuenca,2020,10,1137.0
Cuenca,2020,11,291.0
Cuenca,2020,12,350.0
Cuenca,2021,1,390.0
Cuenca,2021,2,231.0
Cuenca,2021,3,564.0
Cuenca,2021,4,504.0
Cuenca,2021,5,920.0
Cuenca,2021,6,1441.0
Cuenca,2021,7,2803.0
Cuenca,2021,8,3431.0
Cuenca,2021,9,3206.0
Cuenca,2021,10,3965.0
Cuenca,2021,11,2333.0
Cuenca,2021,12,2046.0
Cuenca,2022,1,1514.0
Cuenca,2022,2,1927.0
Cuenca,2022,3,1936.0
Cuenca,2022,4,3632.0
Cuenca,2022,5,4284.0
Cuenca,2022,6,3779.0
Cuenca,2022,7,3320.0
Cuenca,2022,8,3506.0
Cuenca,2022,9,3573.0
Cuenca,2022,10,4125.0
Cuenca,2022,11,2569.0
Cuenca,2022,12,1556.0
Cuenca,2023,1,1245.0
Cuenca,2023,2,1379.0
Cuenca,2023,3,2280.0
Cuenca,2023,4,3438.0
Cuenca,2023,5,4808.0
Cuenca,2023,6,4107.0
Cuenca,2023,7,3088.0
Cuenca,2023,8,3216.0
Cuenca,2023,9,4184.0
Cuenca,2023,10,4057.0
Cuenca,2023,11,2654.0
Cuenca,2023,12,1917.0
Cuenca,2024,1,1418.0
Cuenca,2024,2,1990.0
Cuenca,2024,3,2411.0
Cuenca,2024,4,3434.0
Cuenca,2024,5,5287.0
Cuenca,2024,6,3529.0
Cuenca,2024,7,3001.0
Cuenca,2024,8,3171.0
Cuenca,2024,9,4147.0
Cuenca,2024,10,4339.0
Cuenca,2024,11,2642.0
Cuenca,2024,12,1906.0
Cuenca,2025,1,1668.0
Cuenca,2025,2,1958.0
Cuenca,2025,3,2418.0
Cuenca,2025,4,3285.0
Cuenca,2025,5,4175.0
Cuenca,2025,6,3766.0
Cuenca,2025,7,3011.0
Cuenca,2025,8,3243.0
Cuenca,2025,9,4754.0
Cáceres,1999,1,3061.0
Cáceres,1999,2,2610.0
Cáceres,1999,3,4844.0
Cáceres,1999,4,10476.0
Cáceres,1999,5,10547.0
Cáceres,1999,6,6092.0
Cáceres,1999,7,6279.0
Cáceres,1999,8,7690.0
Cáceres,1999,9,8095.0
Cáceres,1999,10,7621.0
Cáceres,1999,11,3562.0
Cáceres,1999,12,2643.0
Cáceres,2000,1,3350.0
Cáceres,2000,2,3720.0
Cáceres,2000,3,5032.0
Cáceres,2000,4,8841.0
Cáceres,2000,5,8873.0
Cáceres,2000,6,5719.0
Cáceres,2000,7,6691.0
Cáceres,2000,8,7441.0
Cáceres,2000,9,8318.0
Cáceres,2000,10,7794.0
Cáceres,2000,11,4258.0
Cáceres,2000,12,3654.0
Cáceres,2001,1,2677.0
Cáceres,2001,2,3093.0
Cáceres,2001,3,4471.0
Cáceres,2001,4,8916.0
Cáceres,2001,5,10280.0
Cáceres,2001,6,6962.0
Cáceres,2001,7,6638.0
Cáceres,2001,8,7690.0
Cáceres,2001,9,6797.0
Cáceres,2001,10,8720.0
Cáceres,2001,11,6368.0
Cáceres,2001,12,3400.0
Cáceres,2002,1,2685.0
Cáceres,2002,2,4712.0
Cáceres,2002,3,5416.0
Cáceres,2002,4,9093.0
Cáceres,2002,5,10089.0
Cáceres,2002,6,7982.0
Cáceres,2002,7,6959.0
Cáceres,2002,8,8586.0
Cáceres,2002,9,8561.0
Cáceres,2002,10,7614.0
Cáceres,2002,11,4178.0
Cáceres,2002,12,3527.0
Cáceres,2003,1,3201.0
Cáceres,2003,2,2941.0
Cáceres,2003,3,6417.0
Cáceres,2003,4,11313.0
Cáceres,2003,5,10314.0
Cáceres,2003,6,8335.0
Cáceres,2003,7,6282.0
Cáceres,2003,8,6966.0
Cáceres,2003,9,6506.0
Cáceres,2003,10,8629.0
Cáceres,2003,11,3402.0
Cáceres,2003,12,2242.0
Cáceres,2004,1,2466.0
Cáceres,2004,2,3864.0
Cáceres,2004,3,3738.0
Cáceres,2004,4,6486.0
Cáceres,2004,5,7868.0
Cáceres,2004,6,6507.0
Cáceres,2004,7,5261.0
Cáceres,2004,8,6599.0
Cáceres,2004,9,7630.0
Cáceres,2004,10,6513.0
Cáceres,2004,11,4270.0
Cáceres,2004,12,2718.0
Cáceres,2005,1,1927.0
Cáceres,2005,2,2965.0
Cáceres,2005,3,3558.0
Cáceres,2005,4,6482.0
Cáceres,2005,5,7892.0
Cáceres,2005,6,5366.0
Cáceres,2005,7,5014.0
Cáceres,2005,8,6332.0
Cáceres,2005,9,6725.0
Cáceres,2005,10,5315.0
Cáceres,2005,11,3722.0
Cáceres,2005,12,2889.0
Cáceres,2006,1,2613.0
Cáceres,2006,2,3352.0
Cáceres,2006,3,5384.0
Cáceres,2006,4,9051.0
Cáceres,2006,5,10438.0
Cáceres,2006,6,5491.0
Cáceres,2006,7,5043.0
Cáceres,2006,8,7358.0
Cáceres,2006,9,6686.0
Cáceres,2006,10,6026.0
Cáceres,2006,11,3301.0
Cáceres,2006,12,2950.0
Cáceres,2007,1,3774.0
Cáceres,2007,2,2756.0
Cáceres,2007,3,3994.0
Cáceres,2007,4,6863.0
Cáceres,2007,5,9161.0
Cáceres,2007,6,5368.0
Cáceres,2007,7,5160.0
Cáceres,2007,8,6950.0
Cáceres,2007,9,6641.0
Cáceres,2007,10,7086.0
Cáceres,2007,11,4597.0
Cáceres,2007,12,3143.0
Cáceres,2008,1,2398.0
Cáceres,2008,2,3435.0
Cáceres,2008,3,5813.0
Cáceres,2008,4,6999.0
Cáceres,2008,5,9124.0
Cáceres,2008,6,6732.0
Cáceres,2008,7,5325.0
Cáceres,2008,8,7409.0
Cáceres,2008,9,5565.0
Cáceres,2008,10,6268.0
Cáceres,2008,11,4134.0
Cáceres,2008,12,3002.0
Cáceres,2009,1,1835.0
Cáceres,2009,2,3443.0
Cáceres,2009,3,4389.0
Cáceres,2009,4,8058.0
Cáceres,2009,5,9542.0
Cáceres,2009,6,6153.0
Cáceres,2009,7,5609.0
Cáceres,2009,8,7103.0
Cáceres,2009,9,7527.0
Cáceres,2009,10,6925.0
Cáceres,2009,11,3969.0
Cáceres,2009,12,3549.0
Cáceres,2010,1,2411.0
Cáceres,2010,2,2993.0
Cáceres,2010,3,4316.0
Cáceres,2010,4,8564.0
Cáceres,2010,5,8950.0
Cáceres,2010,6,7371.0
Cáceres,2010,7,5825.0
Cáceres,2010,8,6665.0
Cáceres,2010,9,7170.0
Cáceres,2010,10,7322.0
Cáceres,2010,11,3815.0
Cáceres,2010,12,2795.0
Cáceres,2011,1,2124.0
Cáceres,2011,2,2427.0
Cáceres,2011,3,4761.0
Cáceres,2011,4,9859.0
Cáceres,2011,5,11880.0
Cáceres,2011,6,7140.0
Cáceres,2011,7,7199.0
Cáceres,2011,8,11541.0
Cáceres,2011,9,9054.0
Cáceres,2011,10,7388.0
Cáceres,2011,11,4192.0
Cáceres,2011,12,4132.0
Cáceres,2012,1,3052.0
Cáceres,2012,2,3187.0
Cáceres,2012,3,5151.0
Cáceres,2012,4,8561.0
Cáceres,2012,5,10325.0
Cáceres,2012,6,7841.0
Cáceres,2012,7,6397.0
Cáceres,2012,8,7308.0
Cáceres,2012,9,7580.0
Cáceres,2012,10,5958.0
Cáceres,2012,11,5007.0
Cáceres,2012,12,3699.0
Cáceres,2013,1,2437.0
Cáceres,2013,2,3020.0
Cáceres,2013,3,5534.0
Cáceres,2013,4,9669.0
Cáceres,2013,5,10900.0
Cáceres,2013,6,7970.0
Cáceres,2013,7,7097.0
Cáceres,2013,8,10924.0
Cáceres,2013,9,8790.0
Cáceres,2013,10,6696.0
Cáceres,2013,11,4649.0
Cáceres,2013,12,3455.0
Cáceres,2014,1,3188.0
Cáceres,2014,2,3778.0
Cáceres,2014,3,4433.0
Cáceres,2014,4,9382.0
Cáceres,2014,5,11213.0
Cáceres,2014,6,6861.0
Cáceres,2014,7,7319.0
Cáceres,2014,8,9800.0
Cáceres,2014,9,8553.0
Cáceres,2014,10,8287.0
Cáceres,2014,11,3712.0
Cáceres,2014,12,3322.0
Cáceres,2015,1,3312.0
Cáceres,2015,2,4869.0
Cáceres,2015,3,5352.0
Cáceres,2015,4,10748.0
Cáceres,2015,5,12713.0
Cáceres,2015,6,8049.0
Cáceres,2015,7,7796.0
Cáceres,2015,8,10631.0
Cáceres,2015,9,10216.0
Cáceres,2015,10,9986.0
Cáceres,2015,11,4449.0
Cáceres,2015,12,4223.0
Cáceres,2016,1,4106.0
Cáceres,2016,2,4571.0
Cáceres,2016,3,6227.0
Cáceres,2016,4,9367.0
Cáceres,2016,5,11924.0
Cáceres,2016,6,8364.0
Cáceres,2016,7,10216.0
Cáceres,2016,8,11365.0
Cáceres,2016,9,10694.0
Cáceres,2016,10,9300.0
Cáceres,2016,11,5704.0
Cáceres,2016,12,4356.0
Cáceres,2017,1,4369.0
Cáceres,2017,2,4561.0
Cáceres,2017,3,7107.0
Cáceres,2017,4,10836.0
Cáceres,2017,5,12318.0
Cáceres,2017,6,9382.0
Cáceres,2017,7,9170.0
Cáceres,2017,8,11852.0
Cáceres,2017,9,11059.0
Cáceres,2017,10,10391.0
Cáceres,2017,11,5865.0
Cáceres,2017,12,4647.0
Cáceres,2018,1,4502.0
Cáceres,2018,2,4790.0
Cáceres,2018,3,6737.0
Cáceres,2018,4,11031.0
Cáceres,2018,5,13745.0
Cáceres,2018,6,10268.0
Cáceres,2018,7,9904.0
Cáceres,2018,8,13395.0
Cáceres,2018,9,12454.0
Cáceres,2018,10,10864.0
Cáceres,2018,11,6783.0
Cáceres,2018,12,6230.0
Cáceres,2019,1,5002.0
Cáceres,2019,2,4798.0
Cáceres,2019,3,9063.0
Cáceres,2019,4,12644.0
Cáceres,2019,5,14774.0
Cáceres,2019,6,10583.0
Cáceres,2019,7,11114.0
Cáceres,2019,8,13255.0
Cáceres,2019,9,12795.0
Cáceres,2019,10,11605.0
Cáceres,2019,11,7466.0
Cáceres,2019,12,5281.0
Cáceres,2020,1,5767.0
Cáceres,2020,2,4576.0
Cáceres,2020,3,2102.0
Cáceres,2020,4,0.0
Cáceres,2020,5,126.0
Cáceres,2020,6,590.0
Cáceres,2020,7,3277.0
Cáceres,2020,8,4216.0
Cáceres,2020,9,2479.0
Cáceres,2020,10,2712.0
Cáceres,2020,11,1106.0
Cáceres,2020,12,1025.0
Cáceres,2021,1,508.0
Cáceres,2021,2,626.0
Cáceres,2021,3,802.0
Cáceres,2021,4,1139.0
Cáceres,2021,5,1845.0
Cáceres,2021,6,3401.0
Cáceres,2021,7,5175.0
Cáceres,2021,8,5608.0
Cáceres,2021,9,6779.0
Cáceres,2021,10,7542.0
Cáceres,2021,11,5267.0
Cáceres,2021,12,3691.0
Cáceres,2022,1,3101.0
Cáceres,2022,2,4022.0
Cáceres,2022,3,5420.0
Cáceres,2022,4,9711.0
Cáceres,2022,5,11463.0
Cáceres,2022,6,8766.0
Cáceres,2022,7,8945.0
Cáceres,2022,8,10673.0
Cáceres,2022,9,11130.0
Cáceres,2022,10,10543.0
Cáceres,2022,11,5448.0
Cáceres,2022,12,4596.0
Cáceres,2023,1,4688.0
Cáceres,2023,2,5195.0
Cáceres,2023,3,7563.0
Cáceres,2023,4,11285.0
Cáceres,2023,5,12192.0
Cáceres,2023,6,8326.0
Cáceres,2023,7,9482.0
Cáceres,2023,8,14104.0
Cáceres,2023,9,11039.0
Cáceres,2023,10,10763.0
Cáceres,2023,11,6423.0
Cáceres,2023,12,4913.0
Cáceres,2024,1,5080.0
Cáceres,2024,2,5241.0
Cáceres,2024,3,8114.0
Cáceres,2024,4,11373.0
Cáceres,2024,5,13194.0
Cáceres,2024,6,9819.0
Cáceres,2024,7,10401.0
Cáceres,2024,8,12058.0
Cáceres,2024,9,11653.0
Cáceres,2024,10,11276.0
Cáceres,2024,11,7328.0
Cáceres,2024,12,6108.0
Cáceres,2025,1,5226.0
Cáceres,2025,2,5032.0
Cáceres,2025,3,7378.0
Cáceres,2025,4,12769.0
Cáceres,2025,5,13676.0
Cáceres,2025,6,9925.0
Cáceres,2025,7,10122.0
Cáceres,2025,8,11495.0
Cáceres,2025,9,10773.0
Cádiz,1999,1,16235.0
Cádiz,1999,2,21134.0
Cádiz,1999,3,39889.0
Cádiz,1999,4,54085.0
Cádiz,1999,5,60106.0
Cádiz,1999,6,47943.0
Cádiz,1999,7,43293.0
Cádiz,1999,8,54730.0
Cádiz,1999,9,58083.0
Cádiz,1999,10,55491.0
Cádiz,1999,11,25956.0
Cádiz,1999,12,20228.0
Cádiz,2000,1,16717.0
Cádiz,2000,2,22227.0
Cádiz,2000,3,40822.0
Cádiz,2000,4,65541.0
Cádiz,2000,5,64931.0
Cádiz,2000,6,50023.0
Cádiz,2000,7,47115.0
Cádiz,2000,8,54085.0
Cádiz,2000,9,59892.0
Cádiz,2000,10,61333.0
Cádiz,2000,11,28973.0
Cádiz,2000,12,19257.0
Cádiz,2001,1,16004.0
Cádiz,2001,2,28057.0
Cádiz,2001,3,47351.0
Cádiz,2001,4,66291.0
Cádiz,2001,5,68093.0
Cádiz,2001,6,53403.0
Cádiz,2001,7,51555.0
Cádiz,2001,8,51320.0
Cádiz,2001,9,66921.0
Cádiz,2001,10,53564.0
Cádiz,2001,11,28457.0
Cádiz,2001,12,17457.0
Cádiz,2002,1,19128.0
Cádiz,2002,2,32543.0
Cádiz,2002,3,52161.0
Cádiz,2002,4,61939.0
Cádiz,2002,5,71543.0
Cádiz,2002,6,51524.0
Cádiz,2002,7,48251.0
Cádiz,2002,8,52841.0
Cádiz,2002,9,71658.0
Cádiz,2002,10,57880.0
Cádiz,2002,11,25700.0
Cádiz,2002,12,17621.0
Cádiz,2003,1,20738.0
Cádiz,2003,2,26325.0
Cádiz,2003,3,45212.0
Cádiz,2003,4,74312.0
Cádiz,2003,5,75934.0
Cádiz,2003,6,57512.0
Cádiz,2003,7,58575.0
Cádiz,2003,8,59806.0
Cádiz,2003,9,68662.0
Cádiz,2003,10,62291.0
Cádiz,2003,11,30508.0
Cádiz,2003,12,22575.0
Cádiz,2004,1,22945.0
Cádiz,2004,2,37899.0
Cádiz,2004,3,61267.0
Cádiz,2004,4,63901.0
Cádiz,2004,5,74806.0
Cádiz,2004,6,60433.0
Cádiz,2004,7,60257.0
Cádiz,2004,8,63128.0
Cádiz,2004,9,75802.0
Cádiz,2004,10,64597.0
Cádiz,2004,11,28355.0
Cádiz,2004,12,26217.0
Cádiz,2005,1,21095.0
Cádiz,2005,2,30991.0
Cádiz,2005,3,52752.0
Cádiz,2005,4,63934.0
Cádiz,2005,5,78521.0
Cádiz,2005,6,64319.0
Cádiz,2005,7,60963.0
Cádiz,2005,8,66073.0
Cádiz,2005,9,75489.0
Cádiz,2005,10,65999.0
Cádiz,2005,11,36552.0
Cádiz,2005,12,27783.0
Cádiz,2006,1,22570.0
Cádiz,2006,2,33234.0
Cádiz,2006,3,54557.0
Cádiz,2006,4,84031.0
Cádiz,2006,5,99242.0
Cádiz,2006,6,77545.0
Cádiz,2006,7,80908.0
Cádiz,2006,8,90828.0
Cádiz,2006,9,112767.0
Cádiz,2006,10,79120.0
Cádiz,2006,11,33478.0
Cádiz,2006,12,22431.0
Cádiz,2007,1,26738.0
Cádiz,2007,2,34758.0
Cádiz,2007,3,60529.0
Cádiz,2007,4,82254.0
Cádiz,2007,5,93830.0
Cádiz,2007,6,79753.0
Cádiz,2007,7,85733.0
Cádiz,2007,8,84942.0
Cádiz,2007,9,105364.0
Cádiz,2007,10,90508.0
Cádiz,2007,11,35440.0
Cádiz,2007,12,26281.0
Cádiz,2008,1,24560.0
Cádiz,2008,2,35214.0
Cádiz,2008,3,63579.0
Cádiz,2008,4,71886.0
Cádiz,2008,5,91868.0
Cádiz,2008,6,67784.0
Cádiz,2008,7,73850.0
Cádiz,2008,8,86306.0
Cádiz,2008,9,96446.0
Cádiz,2008,10,76954.0
Cádiz,2008,11,34679.0
Cádiz,2008,12,19719.0
Cádiz,2009,1,17874.0
Cádiz,2009,2,26446.0
Cádiz,2009,3,49784.0
Cádiz,2009,4,57658.0
Cádiz,2009,5,84749.0
Cádiz,2009,6,67390.0
Cádiz,2009,7,73153.0
Cádiz,2009,8,74442.0
Cádiz,2009,9,89608.0
Cádiz,2009,10,71729.0
Cádiz,2009,11,24497.0
Cádiz,2009,12,18205.0
Cádiz,2010,1,17938.0
Cádiz,2010,2,29151.0
Cádiz,2010,3,48400.0
Cádiz,2010,4,65169.0
Cádiz,2010,5,83823.0
Cádiz,2010,6,68415.0
Cádiz,2010,7,67465.0
Cádiz,2010,8,74636.0
Cádiz,2010,9,85218.0
Cádiz,2010,10,80766.0
Cádiz,2010,11,25581.0
Cádiz,2010,12,15680.0
Cádiz,2011,1,16266.0
Cádiz,2011,2,30094.0
Cádiz,2011,3,51370.0
Cádiz,2011,4,75273.0
Cádiz,2011,5,77561.0
Cádiz,2011,6,76832.0
Cádiz,2011,7,74988.0
Cádiz,2011,8,82829.0
Cádiz,2011,9,95365.0
Cádiz,2011,10,79723.0
Cádiz,2011,11,26235.0
Cádiz,2011,12,15677.0
Cádiz,2012,1,17238.0
Cádiz,2012,2,28926.0
Cádiz,2012,3,49225.0
Cádiz,2012,4,66875.0
Cádiz,2012,5,78832.0
Cádiz,2012,6,81549.0
Cádiz,2012,7,79841.0
Cádiz,2012,8,93352.0
Cádiz,2012,9,99818.0
Cádiz,2012,10,77892.0
Cádiz,2012,11,29370.0
Cádiz,2012,12,18595.0
Cádiz,2013,1,19141.0
Cádiz,2013,2,29702.0
Cádiz,2013,3,50111.0
Cádiz,2013,4,63319.0
Cádiz,2013,5,85312.0
Cádiz,2013,6,79956.0
Cádiz,2013,7,79875.0
Cádiz,2013,8,96111.0
Cádiz,2013,9,100199.0
Cádiz,2013,10,81016.0
Cádiz,2013,11,29847.0
Cádiz,2013,12,20330.0
Cádiz,2014,1,22202.0
Cádiz,2014,2,22727.0
Cádiz,2014,3,38910.0
Cádiz,2014,4,61152.0
Cádiz,2014,5,79421.0
Cádiz,2014,6,73361.0
Cádiz,2014,7,75004.0
Cádiz,2014,8,88350.0
Cádiz,2014,9,93654.0
Cádiz,2014,10,77971.0
Cádiz,2014,11,26236.0
Cádiz,2014,12,21505.0
Cádiz,2015,1,21613.0
Cádiz,2015,2,26699.0
Cádiz,2015,3,42217.0
Cádiz,2015,4,76311.0
Cádiz,2015,5,95727.0
Cádiz,2015,6,80514.0
Cádiz,2015,7,76865.0
Cádiz,2015,8,85854.0
Cádiz,2015,9,100774.0
Cádiz,2015,10,91943.0
Cádiz,2015,11,33784.0
Cádiz,2015,12,22207.0
Cádiz,2016,1,23545.0
Cádiz,2016,2,33018.0
Cádiz,2016,3,58141.0
Cádiz,2016,4,82155.0
Cádiz,2016,5,102104.0
Cádiz,2016,6,97978.0
Cádiz,2016,7,101019.0
Cádiz,2016,8,102357.0
Cádiz,2016,9,114659.0
Cádiz,2016,10,104956.0
Cádiz,2016,11,37717.0
Cádiz,2016,12,27373.0
Cádiz,2017,1,31576.0
Cádiz,2017,2,38257.0
Cádiz,2017,3,54822.0
Cádiz,2017,4,93232.0
Cádiz,2017,5,114165.0
Cádiz,2017,6,105324.0
Cádiz,2017,7,107967.0
Cádiz,2017,8,106200.0
Cádiz,2017,9,122298.0
Cádiz,2017,10,112390.0
Cádiz,2017,11,41202.0
Cádiz,2017,12,31256.0
Cádiz,2018,1,33638.0
Cádiz,2018,2,41295.0
Cádiz,2018,3,61678.0
Cádiz,2018,4,90052.0
Cádiz,2018,5,116127.0
Cádiz,2018,6,106575.0
Cádiz,2018,7,97068.0
Cádiz,2018,8,105102.0
Cádiz,2018,9,122778.0
Cádiz,2018,10,119005.0
Cádiz,2018,11,47116.0
Cádiz,2018,12,35633.0
Cádiz,2019,1,38270.0
Cádiz,2019,2,41811.0
Cádiz,2019,3,63088.0
Cádiz,2019,4,98247.0
Cádiz,2019,5,115138.0
Cádiz,2019,6,108386.0
Cádiz,2019,7,106501.0
Cádiz,2019,8,98600.0
Cádiz,2019,9,122805.0
Cádiz,2019,10,115547.0
Cádiz,2019,11,50486.0
Cádiz,2019,12,36252.0
Cádiz,2020,1,39525.0
Cádiz,2020,2,42024.0
Cádiz,2020,3,33237.0
Cádiz,2020,4,0.0
Cádiz,2020,5,272.0
Cádiz,2020,6,6238.0
Cádiz,2020,7,27930.0
Cádiz,2020,8,32846.0
Cádiz,2020,9,20620.0
Cádiz,2020,10,13730.0
Cádiz,2020,11,5816.0
Cádiz,2020,12,6299.0
Cádiz,2021,1,3902.0
Cádiz,2021,2,4501.0
Cádiz,2021,3,7203.0
Cádiz,2021,4,9743.0
Cádiz,2021,5,20041.0
Cádiz,2021,6,31653.0
Cádiz,2021,7,50220.0
Cádiz,2021,8,51609.0
Cádiz,2021,9,64928.0
Cádiz,2021,10,66742.0
Cádiz,2021,11,31352.0
Cádiz,2021,12,18924.0
Cádiz,2022,1,17547.0
Cádiz,2022,2,27531.0
Cádiz,2022,3,39880.0
Cádiz,2022,4,76934.0
Cádiz,2022,5,89603.0
Cádiz,2022,6,93969.0
Cádiz,2022,7,91039.0
Cádiz,2022,8,88755.0
Cádiz,2022,9,105865.0
Cádiz,2022,10,93863.0
Cádiz,2022,11,35834.0
Cádiz,2022,12,26123.0
Cádiz,2023,1,27134.0
Cádiz,2023,2,38051.0
Cádiz,2023,3,53787.0
Cádiz,2023,4,96032.0
Cádiz,2023,5,99971.0
Cádiz,2023,6,91495.0
Cádiz,2023,7,89936.0
Cádiz,2023,8,96741.0
Cádiz,2023,9,111651.0
Cádiz,2023,10,108176.0
Cádiz,2023,11,44550.0
Cádiz,2023,12,31053.0
Cádiz,2024,1,33591.0
Cádiz,2024,2,44854.0
Cádiz,2024,3,59764.0
Cádiz,2024,4,96344.0
Cádiz,2024,5,115618.0
Cádiz,2024,6,95254.0
Cádiz,2024,7,87768.0
Cádiz,2024,8,89695.0
Cádiz,2024,9,111227.0
Cádiz,2024,10,106673.0
Cádiz,2024,11,49048.0
Cádiz,2024,12,32633.0
Cádiz,2025,1,33648.0
Cádiz,2025,2,40765.0
Cádiz,2025,3,55965.0
Cádiz,2025,4,94677.0
Cádiz,2025,5,106621.0
Cádiz,2025,6,102462.0
Cádiz,2025,7,92404.0
Cádiz,2025,8,87216.0
Cádiz,2025,9,107580.0
Córdoba,1999,1,11793.0
Córdoba,1999,2,15043.0
Córdoba,1999,3,31015.0
Córdoba,1999,4,50737.0
Córdoba,1999,5,53793.0
Córdoba,1999,6,35226.0
Córdoba,1999,7,25097.0
Córdoba,1999,8,33062.0
Córdoba,1999,9,45396.0
Córdoba,1999,10,44268.0
Córdoba,1999,11,20922.0
Córdoba,1999,12,13635.0
Córdoba,2000,1,11442.0
Córdoba,2000,2,16094.0
Córdoba,2000,3,37346.0
Córdoba,2000,4,55879.0
Córdoba,2000,5,53335.0
Córdoba,2000,6,34965.0
Córdoba,2000,7,29308.0
Córdoba,2000,8,30061.0
Córdoba,2000,9,42809.0
Córdoba,2000,10,49085.0
Córdoba,2000,11,19551.0
Córdoba,2000,12,13709.0
Córdoba,2001,1,10502.0
Córdoba,2001,2,17606.0
Córdoba,2001,3,34764.0
Córdoba,2001,4,50881.0
Córdoba,2001,5,52820.0
Córdoba,2001,6,30426.0
Córdoba,2001,7,27175.0
Córdoba,2001,8,33907.0
Córdoba,2001,9,38827.0
Córdoba,2001,10,36512.0
Córdoba,2001,11,19919.0
Córdoba,2001,12,15074.0
Córdoba,2002,1,9072.0
Córdoba,2002,2,19398.0
Córdoba,2002,3,26165.0
Córdoba,2002,4,43148.0
Córdoba,2002,5,42533.0
Córdoba,2002,6,27708.0
Córdoba,2002,7,20767.0
Córdoba,2002,8,29580.0
Córdoba,2002,9,32573.0
Córdoba,2002,10,32632.0
Córdoba,2002,11,16468.0
Córdoba,2002,12,12337.0
Córdoba,2003,1,8510.0
Córdoba,2003,2,13215.0
Córdoba,2003,3,21831.0
Córdoba,2003,4,35941.0
Córdoba,2003,5,35185.0
Córdoba,2003,6,21738.0
Córdoba,2003,7,18937.0
Córdoba,2003,8,25197.0
Córdoba,2003,9,32407.0
Córdoba,2003,10,31432.0
Córdoba,2003,11,13451.0
Córdoba,2003,12,12199.0
Córdoba,2004,1,8909.0
Córdoba,2004,2,13770.0
Córdoba,2004,3,25295.0
Córdoba,2004,4,36425.0
Córdoba,2004,5,35405.0
Córdoba,2004,6,21482.0
Córdoba,2004,7,18517.0
Córdoba,2004,8,22398.0
Córdoba,2004,9,27286.0
Córdoba,2004,10,30940.0
Córdoba,2004,11,15728.0
Córdoba,2004,12,14842.0
Córdoba,2005,1,10289.0
Córdoba,2005,2,12945.0
Córdoba,2005,3,24012.0
Córdoba,2005,4,33714.0
Córdoba,2005,5,37284.0
Córdoba,2005,6,23949.0
Córdoba,2005,7,21238.0
Córdoba,2005,8,26221.0
Córdoba,2005,9,32309.0
Córdoba,2005,10,31693.0
Córdoba,2005,11,13260.0
Córdoba,2005,12,13755.0
Córdoba,2006,1,10663.0
Córdoba,2006,2,12683.0
Córdoba,2006,3,26125.0
Córdoba,2006,4,35338.0
Córdoba,2006,5,37966.0
Córdoba,2006,6,25754.0
Córdoba,2006,7,22353.0
Córdoba,2006,8,25126.0
Córdoba,2006,9,31690.0
Córdoba,2006,10,31945.0
Córdoba,2006,11,16385.0
Córdoba,2006,12,14006.0
Córdoba,2007,1,10751.0
Córdoba,2007,2,12990.0
Córdoba,2007,3,28196.0
Córdoba,2007,4,39803.0
Córdoba,2007,5,42054.0
Córdoba,2007,6,33536.0
Córdoba,2007,7,26158.0
Córdoba,2007,8,36427.0
Córdoba,2007,9,36640.0
Córdoba,2007,10,34674.0
Córdoba,2007,11,15958.0
Córdoba,2007,12,16822.0
Córdoba,2008,1,12447.0
Córdoba,2008,2,17171.0
Córdoba,2008,3,29765.0
Córdoba,2008,4,34517.0
Córdoba,2008,5,42587.0
Córdoba,2008,6,26303.0
Córdoba,2008,7,25745.0
Córdoba,2008,8,30987.0
Córdoba,2008,9,35195.0
Córdoba,2008,10,36259.0
Córdoba,2008,11,15173.0
Córdoba,2008,12,13826.0
Córdoba,2009,1,9560.0
Córdoba,2009,2,13686.0
Córdoba,2009,3,17414.0
Córdoba,2009,4,31200.0
Córdoba,2009,5,34702.0
Córdoba,2009,6,24621.0
Córdoba,2009,7,20686.0
Córdoba,2009,8,25406.0
Córdoba,2009,9,28661.0
Córdoba,2009,10,29832.0
Córdoba,2009,11,16175.0
Córdoba,2009,12,14702.0
Córdoba,2010,1,9952.0
Córdoba,2010,2,13388.0
Córdoba,2010,3,19381.0
Córdoba,2010,4,33091.0
Córdoba,2010,5,41445.0
Córdoba,2010,6,25832.0
Córdoba,2010,7,25134.0
Córdoba,2010,8,30408.0
Córdoba,2010,9,36327.0
Córdoba,2010,10,35418.0
Córdoba,2010,11,17937.0
Córdoba,2010,12,16780.0
Córdoba,2011,1,12140.0
Córdoba,2011,2,15905.0
Córdoba,2011,3,26956.0
Córdoba,2011,4,44060.0
Córdoba,2011,5,45939.0
Córdoba,2011,6,34333.0
Córdoba,2011,7,30728.0
Córdoba,2011,8,33999.0
Córdoba,2011,9,42535.0
Córdoba,2011,10,42558.0
Córdoba,2011,11,19386.0
Córdoba,2011,12,20070.0
Córdoba,2012,1,14953.0
Córdoba,2012,2,17545.0
Córdoba,2012,3,26584.0
Córdoba,2012,4,47284.0
Córdoba,2012,5,44950.0
Córdoba,2012,6,32573.0
Córdoba,2012,7,31502.0
Córdoba,2012,8,40949.0
Córdoba,2012,9,45578.0
Córdoba,2012,10,45517.0
Córdoba,2012,11,21539.0
Córdoba,2012,12,18826.0
Córdoba,2013,1,14726.0
Córdoba,2013,2,20768.0
Córdoba,2013,3,32085.0
Córdoba,2013,4,42031.0
Córdoba,2013,5,51174.0
Córdoba,2013,6,34756.0
Córdoba,2013,7,31113.0
Córdoba,2013,8,34652.0
Córdoba,2013,9,44248.0
Córdoba,2013,10,40052.0
Córdoba,2013,11,21274.0
Córdoba,2013,12,18268.0
Córdoba,2014,1,21776.0
Córdoba,2014,2,19076.0
Córdoba,2014,3,29076.0
Córdoba,2014,4,56904.0
Córdoba,2014,5,55157.0
Córdoba,2014,6,43077.0
Córdoba,2014,7,37534.0
Córdoba,2014,8,46296.0
Córdoba,2014,9,52512.0
Córdoba,2014,10,52642.0
Córdoba,2014,11,24911.0
Córdoba,2014,12,21958.0
Córdoba,2015,1,21008.0
Córdoba,2015,2,24372.0
Córdoba,2015,3,33060.0
Córdoba,2015,4,51790.0
Córdoba,2015,5,56618.0
Córdoba,2015,6,45987.0
Córdoba,2015,7,40452.0
Córdoba,2015,8,48397.0
Córdoba,2015,9,56530.0
Córdoba,2015,10,54310.0
Córdoba,2015,11,28269.0
Córdoba,2015,12,23624.0
Córdoba,2016,1,21627.0
Córdoba,2016,2,27187.0
Córdoba,2016,3,41669.0
Córdoba,2016,4,50645.0
Córdoba,2016,5,60092.0
Córdoba,2016,6,40365.0
Córdoba,2016,7,40413.0
Córdoba,2016,8,46980.0
Córdoba,2016,9,53205.0
Córdoba,2016,10,51823.0
Córdoba,2016,11,28462.0
Córdoba,2016,12,28426.0
Córdoba,2017,1,24737.0
Córdoba,2017,2,25998.0
Córdoba,2017,3,38857.0
Córdoba,2017,4,57240.0
Córdoba,2017,5,63133.0
Córdoba,2017,6,46156.0
Córdoba,2017,7,41061.0
Córdoba,2017,8,49374.0
Córdoba,2017,9,58155.0
Córdoba,2017,10,57382.0
Córdoba,2017,11,29233.0
Córdoba,2017,12,26830.0
Córdoba,2018,1,19863.0
Córdoba,2018,2,27905.0
Córdoba,2018,3,34344.0
Córdoba,2018,4,53949.0
Córdoba,2018,5,56190.0
Córdoba,2018,6,42150.0
Córdoba,2018,7,39433.0
Córdoba,2018,8,41361.0
Córdoba,2018,9,52168.0
Córdoba,2018,10,54362.0
Córdoba,2018,11,29814.0
Córdoba,2018,12,26924.0
Córdoba,2019,1,21450.0
Córdoba,2019,2,27421.0
Córdoba,2019,3,37603.0
Córdoba,2019,4,57635.0
Córdoba,2019,5,59038.0
Córdoba,2019,6,46460.0
Córdoba,2019,7,37322.0
Córdoba,2019,8,39991.0
Córdoba,2019,9,48511.0
Córdoba,2019,10,54008.0
Córdoba,2019,11,32939.0
Córdoba,2019,12,27866.0
Córdoba,2020,1,28258.0
Córdoba,2020,2,27763.0
Córdoba,2020,3,10945.0
Córdoba,2020,4,0.0
Córdoba,2020,5,31.0
Córdoba,2020,6,552.0
Córdoba,2020,7,5435.0
Córdoba,2020,8,7921.0
Córdoba,2020,9,5054.0
Córdoba,2020,10,5912.0
Córdoba,2020,11,884.0
Córdoba,2020,12,1632.0
Córdoba,2021,1,1124.0
Córdoba,2021,2,835.0
Córdoba,2021,3,1925.0
Córdoba,2021,4,2023.0
Córdoba,2021,5,7734.0
Córdoba,2021,6,9542.0
Córdoba,2021,7,15611.0
Córdoba,2021,8,19358.0
Córdoba,2021,9,23098.0
Córdoba,2021,10,29146.0
Córdoba,2021,11,22281.0
Córdoba,2021,12,15962.0
Córdoba,2022,1,13587.0
Córdoba,2022,2,17414.0
Córdoba,2022,3,26537.0
Córdoba,2022,4,39625.0
Córdoba,2022,5,43781.0
Córdoba,2022,6,32670.0
Córdoba,2022,7,24964.0
Córdoba,2022,8,31168.0
Córdoba,2022,9,41354.0
Córdoba,2022,10,44698.0
Córdoba,2022,11,26774.0
Córdoba,2023,1,19472.0
Córdoba,2023,2,24024.0
Córdoba,2023,3,32640.0
Córdoba,2023,4,44580.0
Córdoba,2023,5,48440.0
Córdoba,2023,6,35887.0
Córdoba,2023,7,30502.0
Córdoba,2023,8,37564.0
Córdoba,2023,9,47924.0
Córdoba,2023,10,55299.0
Córdoba,2023,11,31450.0
Córdoba,2023,12,26169.0
Córdoba,2024,1,25661.0
Córdoba,2024,2,32417.0
Córdoba,2024,3,44109.0
Córdoba,2024,4,55409.0
Córdoba,2024,5,59926.0
Córdoba,2024,6,41729.0
Córdoba,2024,7,31409.0
Córdoba,2024,8,38036.0
Córdoba,2024,9,52655.0
Córdoba,2024,10,55978.0
Córdoba,2024,11,35604.0
Córdoba,2024,12,26434.0
Córdoba,2025,1,25270.0
Córdoba,2025,2,27080.0
Córdoba,2025,3,40810.0
Córdoba,2025,4,62531.0
Córdoba,2025,5,56400.0
Córdoba,2025,6,41791.0
Córdoba,2025,7,32524.0
Córdoba,2025,8,34670.0
Córdoba,2025,9,44562.0
Gipuzkoa,1999,1,5570.0
Gipuzkoa,1999,2,6879.0
Gipuzkoa,1999,3,10168.0
Gipuzkoa,1999,4,15884.0
Gipuzkoa,1999,5,21766.0
Gipuzkoa,1999,6,27585.0
Gipuzkoa,1999,7,33647.0
Gipuzkoa,1999,8,29364.0
Gipuzkoa,1999,9,26620.0
Gipuzkoa,1999,10,19170.0
Gipuzkoa,1999,11,10642.0
Gipuzkoa,1999,12,8098.0
Gipuzkoa,2000,1,7112.0
Gipuzkoa,2000,2,8184.0
Gipuzkoa,2000,3,11794.0
Gipuzkoa,2000,4,17220.0
Gipuzkoa,2000,5,25387.0
Gipuzkoa,2000,6,25078.0
Gipuzkoa,2000,7,34550.0
Gipuzkoa,2000,8,35159.0
Gipuzkoa,2000,9,24134.0
Gipuzkoa,2000,10,19663.0
Gipuzkoa,2000,11,9119.0
Gipuzkoa,2000,12,7530.0
Gipuzkoa,2001,1,6910.0
Gipuzkoa,2001,2,7974.0
Gipuzkoa,2001,3,10757.0
Gipuzkoa,2001,4,15012.0
Gipuzkoa,2001,5,19239.0
Gipuzkoa,2001,6,21495.0
Gipuzkoa,2001,7,34176.0
Gipuzkoa,2001,8,32791.0
Gipuzkoa,2001,9,21922.0
Gipuzkoa,2001,10,15933.0
Gipuzkoa,2001,11,10370.0
Gipuzkoa,2001,12,7946.0
Gipuzkoa,2002,1,7417.0
Gipuzkoa,2002,2,8314.0
Gipuzkoa,2002,3,12674.0
Gipuzkoa,2002,4,14637.0
Gipuzkoa,2002,5,23638.0
Gipuzkoa,2002,6,24466.0
Gipuzkoa,2002,7,35246.0
Gipuzkoa,2002,8,36168.0
Gipuzkoa,2002,9,24709.0
Gipuzkoa,2002,10,19700.0
Gipuzkoa,2002,11,12346.0
Gipuzkoa,2002,12,10984.0
Gipuzkoa,2003,1,8048.0
Gipuzkoa,2003,2,7394.0
Gipuzkoa,2003,3,11697.0
Gipuzkoa,2003,4,16041.0
Gipuzkoa,2003,5,20245.0
Gipuzkoa,2003,6,25540.0
Gipuzkoa,2003,7,33368.0
Gipuzkoa,2003,8,32872.0
Gipuzkoa,2003,9,27927.0
Gipuzkoa,2003,10,20931.0
Gipuzkoa,2003,11,11971.0
Gipuzkoa,2003,12,12934.0
Gipuzkoa,2004,1,8031.0
Gipuzkoa,2004,2,9812.0
Gipuzkoa,2004,3,11768.0
Gipuzkoa,2004,4,15876.0
Gipuzkoa,2004,5,22894.0
Gipuzkoa,2004,6,25702.0
Gipuzkoa,2004,7,31439.0
Gipuzkoa,2004,8,33406.0
Gipuzkoa,2004,9,26338.0
Gipuzkoa,2004,10,20275.0
Gipuzkoa,2004,11,14335.0
Gipuzkoa,2004,12,11012.0
Gipuzkoa,2005,1,10369.0
Gipuzkoa,2005,2,10154.0
Gipuzkoa,2005,3,14187.0
Gipuzkoa,2005,4,19440.0
Gipuzkoa,2005,5,22939.0
Gipuzkoa,2005,6,27453.0
Gipuzkoa,2005,7,32826.0
Gipuzkoa,2005,8,32590.0
Gipuzkoa,2005,9,26602.0
Gipuzkoa,2005,10,22839.0
Gipuzkoa,2005,11,15302.0
Gipuzkoa,2005,12,11137.0
Gipuzkoa,2006,1,11412.0
Gipuzkoa,2006,2,11765.0
Gipuzkoa,2006,3,16551.0
Gipuzkoa,2006,4,25572.0
Gipuzkoa,2006,5,25362.0
Gipuzkoa,2006,6,28378.0
Gipuzkoa,2006,7,35877.0
Gipuzkoa,2006,8,33035.0
Gipuzkoa,2006,9,30032.0
Gipuzkoa,2006,10,24020.0
Gipuzkoa,2006,11,15082.0
Gipuzkoa,2006,12,14082.0
Gipuzkoa,2007,1,10885.0
Gipuzkoa,2007,2,12987.0
Gipuzkoa,2007,3,17364.0
Gipuzkoa,2007,4,24010.0
Gipuzkoa,2007,5,29471.0
Gipuzkoa,2007,6,30502.0
Gipuzkoa,2007,7,34526.0
Gipuzkoa,2007,8,37071.0
Gipuzkoa,2007,9,32189.0
Gipuzkoa,2007,10,23749.0
Gipuzkoa,2007,11,16531.0
Gipuzkoa,2007,12,15072.0
Gipuzkoa,2008,1,13465.0
Gipuzkoa,2008,2,15604.0
Gipuzkoa,2008,3,18930.0
Gipuzkoa,2008,4,23520.0
Gipuzkoa,2008,5,32096.0
Gipuzkoa,2008,6,31182.0
Gipuzkoa,2008,7,40943.0
Gipuzkoa,2008,8,42483.0
Gipuzkoa,2008,9,31955.0
Gipuzkoa,2008,10,27670.0
Gipuzkoa,2008,11,15917.0
Gipuzkoa,2008,12,12622.0
Gipuzkoa,2009,1,10428.0
Gipuzkoa,2009,2,11595.0
Gipuzkoa,2009,3,15594.0
Gipuzkoa,2009,4,20557.0
Gipuzkoa,2009,5,28498.0
Gipuzkoa,2009,6,28671.0
Gipuzkoa,2009,7,40794.0
Gipuzkoa,2009,8,40730.0
Gipuzkoa,2009,9,31820.0
Gipuzkoa,2009,10,23156.0
Gipuzkoa,2009,11,16021.0
Gipuzkoa,2009,12,13902.0
Gipuzkoa,2010,1,13479.0
Gipuzkoa,2010,2,15106.0
Gipuzkoa,2010,3,16909.0
Gipuzkoa,2010,4,29971.0
Gipuzkoa,2010,5,33424.0
Gipuzkoa,2010,6,33864.0
Gipuzkoa,2010,7,45223.0
Gipuzkoa,2010,8,43624.0
Gipuzkoa,2010,9,35351.0
Gipuzkoa,2010,10,27966.0
Gipuzkoa,2010,11,16507.0
Gipuzkoa,2010,12,14095.0
Gipuzkoa,2011,1,11764.0
Gipuzkoa,2011,2,12569.0
Gipuzkoa,2011,3,19545.0
Gipuzkoa,2011,4,29843.0
Gipuzkoa,2011,5,31506.0
Gipuzkoa,2011,6,42581.0
Gipuzkoa,2011,7,51051.0
Gipuzkoa,2011,8,47580.0
Gipuzkoa,2011,9,38707.0
Gipuzkoa,2011,10,29208.0
Gipuzkoa,2011,11,16831.0
Gipuzkoa,2011,12,14470.0
Gipuzkoa,2012,1,12810.0
Gipuzkoa,2012,2,13675.0
Gipuzkoa,2012,3,17722.0
Gipuzkoa,2012,4,26900.0
Gipuzkoa,2012,5,38572.0
Gipuzkoa,2012,6,39618.0
Gipuzkoa,2012,7,51002.0
Gipuzkoa,2012,8,53416.0
Gipuzkoa,2012,9,42267.0
Gipuzkoa,2012,10,32865.0
Gipuzkoa,2012,11,17756.0
Gipuzkoa,2012,12,15547.0
Gipuzkoa,2013,1,14125.0
Gipuzkoa,2013,2,13550.0
Gipuzkoa,2013,3,23876.0
Gipuzkoa,2013,4,29295.0
Gipuzkoa,2013,5,46042.0
Gipuzkoa,2013,6,42314.0
Gipuzkoa,2013,7,56000.0
Gipuzkoa,2013,8,56885.0
Gipuzkoa,2013,9,46853.0
Gipuzkoa,2013,10,35753.0
Gipuzkoa,2013,11,18601.0
Gipuzkoa,2013,12,16107.0
Gipuzkoa,2014,1,13627.0
Gipuzkoa,2014,2,15557.0
Gipuzkoa,2014,3,19383.0
Gipuzkoa,2014,4,30408.0
Gipuzkoa,2014,5,41822.0
Gipuzkoa,2014,6,45805.0
Gipuzkoa,2014,7,54904.0
Gipuzkoa,2014,8,54957.0
Gipuzkoa,2014,9,48688.0
Gipuzkoa,2014,10,38894.0
Gipuzkoa,2014,11,19794.0
Gipuzkoa,2014,12,16588.0
Gipuzkoa,2015,1,15450.0
Gipuzkoa,2015,2,15295.0
Gipuzkoa,2015,3,21304.0
Gipuzkoa,2015,4,32485.0
Gipuzkoa,2015,5,45143.0
Gipuzkoa,2015,6,48066.0
Gipuzkoa,2015,7,58068.0
Gipuzkoa,2015,8,55681.0
Gipuzkoa,2015,9,52160.0
Gipuzkoa,2015,10,41029.0
Gipuzkoa,2015,11,21116.0
Gipuzkoa,2015,12,20659.0
Gipuzkoa,2016,1,17261.0
Gipuzkoa,2016,2,18100.0
Gipuzkoa,2016,3,25263.0
Gipuzkoa,2016,4,36130.0
Gipuzkoa,2016,5,52166.0
Gipuzkoa,2016,6,50045.0
Gipuzkoa,2016,7,61437.0
Gipuzkoa,2016,8,57343.0
Gipuzkoa,2016,9,53862.0
Gipuzkoa,2016,10,44872.0
Gipuzkoa,2016,11,24000.0
Gipuzkoa,2016,12,22494.0
Gipuzkoa,2017,1,18456.0
Gipuzkoa,2017,2,19408.0
Gipuzkoa,2017,3,22781.0
Gipuzkoa,2017,4,39949.0
Gipuzkoa,2017,5,51967.0
Gipuzkoa,2017,6,55410.0
Gipuzkoa,2017,7,61343.0
Gipuzkoa,2017,8,63836.0
Gipuzkoa,2017,9,56872.0
Gipuzkoa,2017,10,48710.0
Gipuzkoa,2017,11,26527.0
Gipuzkoa,2017,12,22878.0
Gipuzkoa,2018,1,20150.0
Gipuzkoa,2018,2,21728.0
Gipuzkoa,2018,3,29460.0
Gipuzkoa,2018,4,42767.0
Gipuzkoa,2018,5,61249.0
Gipuzkoa,2018,6,57960.0
Gipuzkoa,2018,7,63137.0
Gipuzkoa,2018,8,64738.0
Gipuzkoa,2018,9,57914.0
Gipuzkoa,2018,10,48488.0
Gipuzkoa,2018,11,26447.0
Gipuzkoa,2018,12,25170.0
Gipuzkoa,2019,1,22913.0
Gipuzkoa,2019,2,23727.0
Gipuzkoa,2019,3,30444.0
Gipuzkoa,2019,4,45360.0
Gipuzkoa,2019,5,58737.0
Gipuzkoa,2019,6,64885.0
Gipuzkoa,2019,7,67463.0
Gipuzkoa,2019,8,69840.0
Gipuzkoa,2019,9,63002.0
Gipuzkoa,2019,10,55288.0
Gipuzkoa,2019,11,29257.0
Gipuzkoa,2019,12,26639.0
Gipuzkoa,2020,1,25938.0
Gipuzkoa,2020,2,23810.0
Gipuzkoa,2020,3,11086.0
Gipuzkoa,2020,4,0.0
Gipuzkoa,2020,5,312.0
Gipuzkoa,2020,6,4519.0
Gipuzkoa,2020,7,34284.0
Gipuzkoa,2020,8,39590.0
Gipuzkoa,2020,9,19013.0
Gipuzkoa,2020,10,14930.0
Gipuzkoa,2020,11,3887.0
Gipuzkoa,2020,12,5586.0
Gipuzkoa,2021,1,6483.0
Gipuzkoa,2021,2,4151.0
Gipuzkoa,2021,3,5816.0
Gipuzkoa,2021,4,6001.0
Gipuzkoa,2021,5,14598.0
Gipuzkoa,2021,6,20843.0
Gipuzkoa,2021,7,45096.0
Gipuzkoa,2021,8,52437.0
Gipuzkoa,2021,9,46328.0
Gipuzkoa,2021,10,47496.0
Gipuzkoa,2021,11,30485.0
Gipuzkoa,2021,12,26521.0
Gipuzkoa,2022,1,21825.0
Gipuzkoa,2022,2,26408.0
Gipuzkoa,2022,3,31919.0
Gipuzkoa,2022,4,46930.0
Gipuzkoa,2022,5,61060.0
Gipuzkoa,2022,6,65157.0
Gipuzkoa,2022,7,80861.0
Gipuzkoa,2022,8,77361.0
Gipuzkoa,2022,9,71154.0
Gipuzkoa,2022,10,59156.0
Gipuzkoa,2022,11,37501.0
Gipuzkoa,2022,12,31197.0
Gipuzkoa,2023,1,30999.0
Gipuzkoa,2023,2,34614.0
Gipuzkoa,2023,3,43154.0
Gipuzkoa,2023,4,61654.0
Gipuzkoa,2023,5,77849.0
Gipuzkoa,2023,6,79675.0
Gipuzkoa,2023,7,86221.0
Gipuzkoa,2023,8,86166.0
Gipuzkoa,2023,9,83519.0
Gipuzkoa,2023,10,68513.0
Gipuzkoa,2023,11,39269.0
Gipuzkoa,2023,12,36510.0
Gipuzkoa,2024,1,34597.0
Gipuzkoa,2024,2,36699.0
Gipuzkoa,2024,3,52156.0
Gipuzkoa,2024,4,67844.0
Gipuzkoa,2024,5,86449.0
Gipuzkoa,2024,6,78996.0
Gipuzkoa,2024,7,87347.0
Gipuzkoa,2024,8,97289.0
Gipuzkoa,2024,9,88546.0
Gipuzkoa,2024,10,81239.0
Gipuzkoa,2024,11,48406.0
Gipuzkoa,2024,12,41329.0
Gipuzkoa,2025,1,39503.0
Gipuzkoa,2025,2,40703.0
Gipuzkoa,2025,3,49419.0
Gipuzkoa,2025,4,81584.0
Gipuzkoa,2025,5,91996.0
Gipuzkoa,2025,6,89443.0
Gipuzkoa,2025,7,102865.0
Gipuzkoa,2025,8,102394.0
Gipuzkoa,2025,9,93368.0
Girona,1999,1,14117.0
Girona,1999,2,22649.0
Girona,1999,3,40686.0
Girona,1999,4,128251.0
Girona,1999,5,207801.0
Girona,1999,6,250058.0
Girona,1999,7,280844.0
Girona,1999,8,305163.0
Girona,1999,9,219009.0
Girona,1999,10,114582.0
Girona,1999,11,27265.0
Girona,1999,12,19935.0
Girona,2000,1,17836.0
Girona,2000,2,26619.0
Girona,2000,3,47615.0
Girona,2000,4,138849.0
Girona,2000,5,168223.0
Girona,2000,6,223867.0
Girona,2000,7,264014.0
Girona,2000,8,264560.0
Girona,2000,9,208715.0
Girona,2000,10,114929.0
Girona,2000,11,30242.0
Girona,2000,12,21686.0
Girona,2001,1,13929.0
Girona,2001,2,30978.0
Girona,2001,3,47882.0
Girona,2001,4,128153.0
Girona,2001,5,146028.0
Girona,2001,6,189928.0
Girona,2001,7,264549.0
Girona,2001,8,258037.0
Girona,2001,9,227150.0
Girona,2001,10,122187.0
Girona,2001,11,48740.0
Girona,2001,12,23065.0
Girona,2002,1,17211.0
Girona,2002,2,38375.0
Girona,2002,3,91190.0
Girona,2002,4,150785.0
Girona,2002,5,168951.0
Girona,2002,6,177029.0
Girona,2002,7,257956.0
Girona,2002,8,244989.0
Girona,2002,9,185754.0
Girona,2002,10,144785.0
Girona,2002,11,34616.0
Girona,2002,12,23206.0
Girona,2003,1,17327.0
Girona,2003,2,28208.0
Girona,2003,3,82133.0
Girona,2003,4,160481.0
Girona,2003,5,174733.0
Girona,2003,6,195787.0
Girona,2003,7,224674.0
Girona,2003,8,249404.0
Girona,2003,9,177648.0
Girona,2003,10,147543.0
Girona,2003,11,40050.0
Girona,2003,12,24843.0
Girona,2004,1,17080.0
Girona,2004,2,32253.0
Girona,2004,3,88650.0
Girona,2004,4,148053.0
Girona,2004,5,193586.0
Girona,2004,6,167553.0
Girona,2004,7,224701.0
Girona,2004,8,250285.0
Girona,2004,9,186501.0
Girona,2004,10,146272.0
Girona,2004,11,43168.0
Girona,2004,12,33727.0
Girona,2005,1,29492.0
Girona,2005,2,42742.0
Girona,2005,3,71225.0
Girona,2005,4,144812.0
Girona,2005,5,181642.0
Girona,2005,6,181721.0
Girona,2005,7,259684.0
Girona,2005,8,265289.0
Girona,2005,9,198274.0
Girona,2005,10,141044.0
Girona,2005,11,43612.0
Girona,2005,12,31073.0
Girona,2006,1,24811.0
Girona,2006,2,37136.0
Girona,2006,3,78925.0
Girona,2006,4,181388.0
Girona,2006,5,186312.0
Girona,2006,6,222509.0
Girona,2006,7,301222.0
Girona,2006,8,291918.0
Girona,2006,9,226472.0
Girona,2006,10,123880.0
Girona,2006,11,59957.0
Girona,2006,12,34504.0
Girona,2007,1,33796.0
Girona,2007,2,38250.0
Girona,2007,3,94787.0
Girona,2007,4,164433.0
Girona,2007,5,205443.0
Girona,2007,6,209628.0
Girona,2007,7,285179.0
Girona,2007,8,319413.0
Girona,2007,9,241592.0
Girona,2007,10,150981.0
Girona,2007,11,65840.0
Girona,2007,12,39215.0
Girona,2008,1,32104.0
Girona,2008,2,39035.0
Girona,2008,3,104078.0
Girona,2008,4,148453.0
Girona,2008,5,213970.0
Girona,2008,6,204625.0
Girona,2008,7,288920.0
Girona,2008,8,317212.0
Girona,2008,9,217052.0
Girona,2008,10,158720.0
Girona,2008,11,54110.0
Girona,2008,12,30893.0
Girona,2009,1,26239.0
Girona,2009,2,37295.0
Girona,2009,3,68663.0
Girona,2009,4,160820.0
Girona,2009,5,197012.0
Girona,2009,6,191976.0
Girona,2009,7,259772.0
Girona,2009,8,287356.0
Girona,2009,9,199009.0
Girona,2009,10,146323.0
Girona,2009,11,53269.0
Girona,2009,12,43687.0
Girona,2010,1,34081.0
Girona,2010,2,51911.0
Girona,2010,3,85513.0
Girona,2010,4,175003.0
Girona,2010,5,206135.0
Girona,2010,6,179256.0
Girona,2010,7,300627.0
Girona,2010,8,298272.0
Girona,2010,9,216402.0
Girona,2010,10,156200.0
Girona,2010,11,65262.0
Girona,2010,12,40996.0
Girona,2011,1,31929.0
Girona,2011,2,50679.0
Girona,2011,3,78784.0
Girona,2011,4,166055.0
Girona,2011,5,167679.0
Girona,2011,6,242416.0
Girona,2011,7,311601.0
Girona,2011,8,322039.0
Girona,2011,9,231026.0
Girona,2011,10,169009.0
Girona,2011,11,59077.0
Girona,2011,12,45043.0
Girona,2012,1,27960.0
Girona,2012,2,39836.0
Girona,2012,3,66500.0
Girona,2012,4,155187.0
Girona,2012,5,188047.0
Girona,2012,6,213119.0
Girona,2012,7,304679.0
Girona,2012,8,323434.0
Girona,2012,9,263890.0
Girona,2012,10,142822.0
Girona,2012,11,63094.0
Girona,2012,12,43536.0
Girona,2013,1,22056.0
Girona,2013,2,32958.0
Girona,2013,3,76614.0
Girona,2013,4,150127.0
Girona,2013,5,211439.0
Girona,2013,6,246713.0
Girona,2013,7,310135.0
Girona,2013,8,338183.0
Girona,2013,9,255443.0
Girona,2013,10,155631.0
Girona,2013,11,50326.0
Girona,2013,12,31781.0
Girona,2014,1,29493.0
Girona,2014,2,30966.0
Girona,2014,3,60761.0
Girona,2014,4,133305.0
Girona,2014,5,199308.0
Girona,2014,6,240400.0
Girona,2014,7,283635.0
Girona,2014,8,345300.0
Girona,2014,9,241279.0
Girona,2014,10,164988.0
Girona,2014,11,42480.0
Girona,2014,12,38470.0
Girona,2015,1,29652.0
Girona,2015,2,40043.0
Girona,2015,3,58043.0
Girona,2015,4,157771.0
Girona,2015,5,223091.0
Girona,2015,6,213998.0
Girona,2015,7,303048.0
Girona,2015,8,324426.0
Girona,2015,9,240094.0
Girona,2015,10,183658.0
Girona,2015,11,49069.0
Girona,2015,12,39330.0
Girona,2016,1,34474.0
Girona,2016,2,40762.0
Girona,2016,3,81473.0
Girona,2016,4,157638.0
Girona,2016,5,231085.0
Girona,2016,6,245711.0
Girona,2016,7,333427.0
Girona,2016,8,335198.0
Girona,2016,9,260598.0
Girona,2016,10,201729.0
Girona,2016,11,52867.0
Girona,2016,12,40514.0
Girona,2017,1,38534.0
Girona,2017,2,50406.0
Girona,2017,3,98976.0
Girona,2017,4,208835.0
Girona,2017,5,222844.0
Girona,2017,6,265354.0
Girona,2017,7,337071.0
Girona,2017,8,328635.0
Girona,2017,9,274211.0
Girona,2017,10,186849.0
Girona,2017,11,52110.0
Girona,2017,12,40087.0
Girona,2018,1,48248.0
Girona,2018,2,48791.0
Girona,2018,3,112782.0
Girona,2018,4,178862.0
Girona,2018,5,251090.0
Girona,2018,6,284740.0
Girona,2018,7,323110.0
Girona,2018,8,333396.0
Girona,2018,9,292245.0
Girona,2018,10,217264.0
Girona,2018,11,59745.0
Girona,2018,12,44634.0
Girona,2019,1,45945.0
Girona,2019,2,58785.0
Girona,2019,3,101640.0
Girona,2019,4,196990.0
Girona,2019,5,254088.0
Girona,2019,6,300355.0
Girona,2019,7,330070.0
Girona,2019,8,387191.0
Girona,2019,9,282928.0
Girona,2019,10,219936.0
Girona,2019,11,76766.0
Girona,2019,12,51658.0
Girona,2020,1,44112.0
Girona,2020,2,65473.0
Girona,2020,3,29969.0
Girona,2020,4,0.0
Girona,2020,5,300.0
Girona,2020,6,16623.0
Girona,2020,7,107813.0
Girona,2020,8,107544.0
Girona,2020,9,55528.0
Girona,2020,10,35020.0
Girona,2020,11,7159.0
Girona,2020,12,12429.0
Girona,2021,1,9536.0
Girona,2021,2,7823.0
Girona,2021,3,13155.0
Girona,2021,4,14445.0
Girona,2021,5,47911.0
Girona,2021,6,79844.0
Girona,2021,7,161972.0
Girona,2021,8,226811.0
Girona,2021,9,150921.0
Girona,2021,10,142025.0
Girona,2021,11,57529.0
Girona,2021,12,39360.0
Girona,2022,1,30145.0
Girona,2022,2,55588.0
Girona,2022,3,53608.0
Girona,2022,4,156628.0
Girona,2022,5,230522.0
Girona,2022,6,254234.0
Girona,2022,7,343860.0
Girona,2022,8,354716.0
Girona,2022,9,277909.0
Girona,2022,10,202899.0
Girona,2022,11,64016.0
Girona,2022,12,53654.0
Girona,2023,1,45351.0
Girona,2023,2,61937.0
Girona,2023,3,87525.0
Girona,2023,4,222915.0
Girona,2023,5,296780.0
Girona,2023,6,274205.0
Girona,2023,7,362769.0
Girona,2023,8,372153.0
Girona,2023,9,314900.0
Girona,2023,10,238094.0
Girona,2023,11,73341.0
Girona,2023,12,63723.0
Girona,2024,1,50860.0
Girona,2024,2,68516.0
Girona,2024,3,109975.0
Girona,2024,4,212577.0
Girona,2024,5,321819.0
Girona,2024,6,304140.0
Girona,2024,7,391559.0
Girona,2024,8,402174.0
Girona,2024,9,336031.0
Girona,2024,10,255628.0
Girona,2024,11,72574.0
Girona,2024,12,60294.0
Girona,2025,1,59523.0
Girona,2025,2,73192.0
Girona,2025,3,100833.0
Girona,2025,4,235134.0
Girona,2025,5,295281.0
Girona,2025,6,320102.0
Girona,2025,7,388351.0
Girona,2025,8,406676.0
Girona,2025,9,333013.0
Granada,1999,1,30693.0
Granada,1999,2,43752.0
Granada,1999,3,72543.0
Granada,1999,4,102524.0
Granada,1999,5,105891.0
Granada,1999,6,80898.0
Granada,1999,7,66891.0
Granada,1999,8,82207.0
Granada,1999,9,97360.0
Granada,1999,10,97593.0
Granada,1999,11,51270.0
Granada,1999,12,43232.0
Granada,2000,1,34342.0
Granada,2000,2,42853.0
Granada,2000,3,78485.0
Granada,2000,4,102862.0
Granada,2000,5,96449.0
Granada,2000,6,79032.0
Granada,2000,7,71547.0
Granada,2000,8,73246.0
Granada,2000,9,90367.0
Granada,2000,10,93554.0
Granada,2000,11,46643.0
Granada,2000,12,41498.0
Granada,2001,1,45683.0
Granada,2001,2,49625.0
Granada,2001,3,77870.0
Granada,2001,4,103103.0
Granada,2001,5,96182.0
Granada,2001,6,85884.0
Granada,2001,7,70693.0
Granada,2001,8,75901.0
Granada,2001,9,87186.0
Granada,2001,10,80174.0
Granada,2001,11,38327.0
Granada,2001,12,43902.0
Granada,2002,1,33890.0
Granada,2002,2,46309.0
Granada,2002,3,72521.0
Granada,2002,4,99900.0
Granada,2002,5,100494.0
Granada,2002,6,75136.0
Granada,2002,7,66440.0
Granada,2002,8,81610.0
Granada,2002,9,93262.0
Granada,2002,10,92347.0
Granada,2002,11,48271.0
Granada,2002,12,47014.0
Granada,2003,1,35444.0
Granada,2003,2,52323.0
Granada,2003,3,73938.0
Granada,2003,4,96893.0
Granada,2003,5,85707.0
Granada,2003,6,70486.0
Granada,2003,7,63317.0
Granada,2003,8,76316.0
Granada,2003,9,84859.0
Granada,2003,10,91331.0
Granada,2003,11,47812.0
Granada,2003,12,44383.0
Granada,2004,1,36169.0
Granada,2004,2,51050.0
Granada,2004,3,71761.0
Granada,2004,4,100158.0
Granada,2004,5,90253.0
Granada,2004,6,64013.0
Granada,2004,7,57833.0
Granada,2004,8,67474.0
Granada,2004,9,81138.0
Granada,2004,10,84452.0
Granada,2004,11,39806.0
Granada,2004,12,46447.0
Granada,2005,1,39786.0
Granada,2005,2,49424.0
Granada,2005,3,81884.0
Granada,2005,4,96813.0
Granada,2005,5,100110.0
Granada,2005,6,80917.0
Granada,2005,7,72167.0
Granada,2005,8,88397.0
Granada,2005,9,94325.0
Granada,2005,10,95476.0
Granada,2005,11,52894.0
Granada,2005,12,54353.0
Granada,2006,1,50033.0
Granada,2006,2,57102.0
Granada,2006,3,77194.0
Granada,2006,4,100170.0
Granada,2006,5,109984.0
Granada,2006,6,82936.0
Granada,2006,7,77640.0
Granada,2006,8,91051.0
Granada,2006,9,105240.0
Granada,2006,10,99643.0
Granada,2006,11,55213.0
Granada,2006,12,53024.0
Granada,2007,1,41413.0
Granada,2007,2,54701.0
Granada,2007,3,77842.0
Granada,2007,4,99421.0
Granada,2007,5,96522.0
Granada,2007,6,84306.0
Granada,2007,7,73556.0
Granada,2007,8,91014.0
Granada,2007,9,93282.0
Granada,2007,10,93312.0
Granada,2007,11,52664.0
Granada,2007,12,49501.0
Granada,2008,1,42740.0
Granada,2008,2,61229.0
Granada,2008,3,83479.0
Granada,2008,4,95876.0
Granada,2008,5,102417.0
Granada,2008,6,83367.0
Granada,2008,7,70618.0
Granada,2008,8,83688.0
Granada,2008,9,86534.0
Granada,2008,10,81720.0
Granada,2008,11,40447.0
Granada,2008,12,39336.0
Granada,2009,1,37855.0
Granada,2009,2,43594.0
Granada,2009,3,56929.0
Granada,2009,4,84879.0
Granada,2009,5,91862.0
Granada,2009,6,64452.0
Granada,2009,7,63835.0
Granada,2009,8,72898.0
Granada,2009,9,82359.0
Granada,2009,10,75094.0
Granada,2009,11,38608.0
Granada,2009,12,37839.0
Granada,2010,1,33404.0
Granada,2010,2,45289.0
Granada,2010,3,64459.0
Granada,2010,4,92847.0
Granada,2010,5,95406.0
Granada,2010,6,78579.0
Granada,2010,7,67168.0
Granada,2010,8,79060.0
Granada,2010,9,94951.0
Granada,2010,10,86384.0
Granada,2010,11,43970.0
Granada,2010,12,39367.0
Granada,2011,1,37547.0
Granada,2011,2,44098.0
Granada,2011,3,70588.0
Granada,2011,4,105341.0
Granada,2011,5,106515.0
Granada,2011,6,92740.0
Granada,2011,7,83133.0
Granada,2011,8,93747.0
Granada,2011,9,108846.0
Granada,2011,10,97928.0
Granada,2011,11,45902.0
Granada,2011,12,49145.0
Granada,2012,1,49082.0
Granada,2012,2,49961.0
Granada,2012,3,79312.0
Granada,2012,4,103347.0
Granada,2012,5,110941.0
Granada,2012,6,90638.0
Granada,2012,7,77178.0
Granada,2012,8,83850.0
Granada,2012,9,103450.0
Granada,2012,10,90623.0
Granada,2012,11,55398.0
Granada,2012,12,49797.0
Granada,2013,1,45455.0
Granada,2013,2,56633.0
Granada,2013,3,77289.0
Granada,2013,4,99176.0
Granada,2013,5,114258.0
Granada,2013,6,95325.0
Granada,2013,7,79599.0
Granada,2013,8,94044.0
Granada,2013,9,111974.0
Granada,2013,10,100707.0
Granada,2013,11,55452.0
Granada,2013,12,46238.0
Granada,2014,1,47900.0
Granada,2014,2,56889.0
Granada,2014,3,73923.0
Granada,2014,4,108744.0
Granada,2014,5,122280.0
Granada,2014,6,104645.0
Granada,2014,7,86197.0
Granada,2014,8,108737.0
Granada,2014,9,126850.0
Granada,2014,10,115246.0
Granada,2014,11,59372.0
Granada,2014,12,61967.0
Granada,2015,1,60112.0
Granada,2015,2,67615.0
Granada,2015,3,85750.0
Granada,2015,4,115135.0
Granada,2015,5,137232.0
Granada,2015,6,116970.0
Granada,2015,7,109162.0
Granada,2015,8,124297.0
Granada,2015,9,134965.0
Granada,2015,10,130088.0
Granada,2015,11,67969.0
Granada,2015,12,65877.0
Granada,2016,1,67005.0
Granada,2016,2,68830.0
Granada,2016,3,99394.0
Granada,2016,4,130667.0
Granada,2016,5,143900.0
Granada,2016,6,115403.0
Granada,2016,7,117942.0
Granada,2016,8,128797.0
Granada,2016,9,145598.0
Granada,2016,10,133569.0
Granada,2016,11,74770.0
Granada,2016,12,77781.0
Granada,2017,1,77167.0
Granada,2017,2,74563.0
Granada,2017,3,100151.0
Granada,2017,4,148640.0
Granada,2017,5,152356.0
Granada,2017,6,124929.0
Granada,2017,7,116522.0
Granada,2017,8,126383.0
Granada,2017,9,146473.0
Granada,2017,10,135583.0
Granada,2017,11,80825.0
Granada,2017,12,72533.0
Granada,2018,1,72883.0
Granada,2018,2,87031.0
Granada,2018,3,110442.0
Granada,2018,4,146232.0
Granada,2018,5,158432.0
Granada,2018,6,132711.0
Granada,2018,7,117170.0
Granada,2018,8,128677.0
Granada,2018,9,143773.0
Granada,2018,10,151102.0
Granada,2018,11,84934.0
Granada,2018,12,83045.0
Granada,2019,1,91116.0
Granada,2019,2,91818.0
Granada,2019,3,122120.0
Granada,2019,4,154489.0
Granada,2019,5,172191.0
Granada,2019,6,142513.0
Granada,2019,7,124127.0
Granada,2019,8,137560.0
Granada,2019,9,159599.0
Granada,2019,10,166279.0
Granada,2019,11,103224.0
Granada,2019,12,96926.0
Granada,2020,1,108642.0
Granada,2020,2,96150.0
Granada,2020,3,35996.0
Granada,2020,4,0.0
Granada,2020,5,122.0
Granada,2020,6,1822.0
Granada,2020,7,13458.0
Granada,2020,8,17585.0
Granada,2020,9,11700.0
Granada,2020,10,9666.0
Granada,2020,11,1456.0
Granada,2020,12,5184.0
Granada,2021,1,5876.0
Granada,2021,2,2963.0
Granada,2021,3,6022.0
Granada,2021,4,5895.0
Granada,2021,5,11524.0
Granada,2021,6,19283.0
Granada,2021,7,35002.0
Granada,2021,8,46128.0
Granada,2021,9,53627.0
Granada,2021,10,65538.0
Granada,2021,11,43564.0
Granada,2021,12,38889.0
Granada,2022,1,38615.0
Granada,2022,2,44443.0
Granada,2022,3,60519.0
Granada,2022,4,92073.0
Granada,2022,5,97455.0
Granada,2022,6,89059.0
Granada,2022,7,88681.0
Granada,2022,8,96847.0
Granada,2022,9,103293.0
Granada,2022,10,101210.0
Granada,2022,11,56469.0
Granada,2022,12,57664.0
Granada,2023,1,60610.0
Granada,2023,2,64457.0
Granada,2023,3,86761.0
Granada,2023,4,107404.0
Granada,2023,5,120099.0
Granada,2023,6,100659.0
Granada,2023,7,94084.0
Granada,2023,8,96033.0
Granada,2023,9,118855.0
Granada,2023,10,129762.0
Granada,2023,11,84087.0
Granada,2023,12,71879.0
Granada,2024,1,79768.0
Granada,2024,2,87402.0
Granada,2024,3,109442.0
Granada,2024,4,132406.0
Granada,2024,5,137452.0
Granada,2024,6,109717.0
Granada,2024,7,100373.0
Granada,2024,8,109492.0
Granada,2024,9,131853.0
Granada,2024,10,144219.0
Granada,2024,11,95632.0
Granada,2024,12,73906.0
Granada,2025,1,77771.0
Granada,2025,2,79760.0
Granada,2025,3,104312.0
Granada,2025,4,131472.0
Granada,2025,5,137330.0
Granada,2025,6,114425.0
Granada,2025,7,110482.0
Granada,2025,8,105870.0
Granada,2025,9,132661.0
Guadalajara,1999,1,1456.0
Guadalajara,1999,2,1677.0
Guadalajara,1999,3,3396.0
Guadalajara,1999,4,4086.0
Guadalajara,1999,5,4541.0
Guadalajara,1999,6,3502.0
Guadalajara,1999,7,3769.0
Guadalajara,1999,8,5522.0
Guadalajara,1999,9,5076.0
Guadalajara,1999,10,3242.0
Guadalajara,1999,11,2085.0
Guadalajara,1999,12,1357.0
Guadalajara,2000,1,1928.0
Guadalajara,2000,2,1273.0
Guadalajara,2000,3,2763.0
Guadalajara,2000,4,4453.0
Guadalajara,2000,5,2422.0
Guadalajara,2000,6,2865.0
Guadalajara,2000,7,4270.0
Guadalajara,2000,8,4493.0
Guadalajara,2000,9,4093.0
Guadalajara,2000,10,3739.0
Guadalajara,2000,11,1746.0
Guadalajara,2000,12,1420.0
Guadalajara,2001,1,2362.0
Guadalajara,2001,2,2223.0
Guadalajara,2001,3,3073.0
Guadalajara,2001,4,2775.0
Guadalajara,2001,5,3667.0
Guadalajara,2001,6,3643.0
Guadalajara,2001,7,4989.0
Guadalajara,2001,8,3671.0
Guadalajara,2001,9,3417.0
Guadalajara,2001,10,2575.0
Guadalajara,2001,11,1857.0
Guadalajara,2001,12,1314.0
Guadalajara,2002,1,1590.0
Guadalajara,2002,2,2047.0
Guadalajara,2002,3,2700.0
Guadalajara,2002,4,2902.0
Guadalajara,2002,5,3391.0
Guadalajara,2002,6,3211.0
Guadalajara,2002,7,2985.0
Guadalajara,2002,8,5405.0
Guadalajara,2002,9,3797.0
Guadalajara,2002,10,2784.0
Guadalajara,2002,11,2057.0
Guadalajara,2002,12,1826.0
Guadalajara,2003,1,1001.0
Guadalajara,2003,2,1474.0
Guadalajara,2003,3,2473.0
Guadalajara,2003,4,2639.0
Guadalajara,2003,5,4083.0
Guadalajara,2003,6,3185.0
Guadalajara,2003,7,4848.0
Guadalajara,2003,8,4671.0
Guadalajara,2003,9,4062.0
Guadalajara,2003,10,3137.0
Guadalajara,2003,11,1900.0
Guadalajara,2003,12,2439.0
Guadalajara,2004,1,1986.0
Guadalajara,2004,2,3188.0
Guadalajara,2004,3,2338.0
Guadalajara,2004,4,3020.0
Guadalajara,2004,5,2329.0
Guadalajara,2004,6,2850.0
Guadalajara,2004,7,4258.0
Guadalajara,2004,8,6205.0
Guadalajara,2004,9,2947.0
Guadalajara,2004,10,5161.0
Guadalajara,2004,11,2231.0
Guadalajara,2004,12,2490.0
Guadalajara,2005,1,1551.0
Guadalajara,2005,2,1965.0
Guadalajara,2005,3,3985.0
Guadalajara,2005,4,3356.0
Guadalajara,2005,5,4010.0
Guadalajara,2005,6,3798.0
Guadalajara,2005,7,3978.0
Guadalajara,2005,8,3875.0
Guadalajara,2005,9,3768.0
Guadalajara,2005,10,3058.0
Guadalajara,2005,11,2027.0
Guadalajara,2005,12,1872.0
Guadalajara,2006,1,2403.0
Guadalajara,2006,2,3202.0
Guadalajara,2006,3,3542.0
Guadalajara,2006,4,4092.0
Guadalajara,2006,5,4691.0
Guadalajara,2006,6,3261.0
Guadalajara,2006,7,4281.0
Guadalajara,2006,8,4410.0
Guadalajara,2006,9,4027.0
Guadalajara,2006,10,3483.0
Guadalajara,2006,11,2883.0
Guadalajara,2006,12,2237.0
Guadalajara,2007,1,2525.0
Guadalajara,2007,2,2001.0
Guadalajara,2007,3,4141.0
Guadalajara,2007,4,3097.0
Guadalajara,2007,5,4253.0
Guadalajara,2007,6,3895.0
Guadalajara,2007,7,2721.0
Guadalajara,2007,8,3590.0
Guadalajara,2007,9,4270.0
Guadalajara,2007,10,3577.0
Guadalajara,2007,11,3197.0
Guadalajara,2007,12,2213.0
Guadalajara,2008,1,2703.0
Guadalajara,2008,2,2522.0
Guadalajara,2008,3,3209.0
Guadalajara,2008,4,3278.0
Guadalajara,2008,5,4492.0
Guadalajara,2008,6,4214.0
Guadalajara,2008,7,4495.0
Guadalajara,2008,8,4629.0
Guadalajara,2008,9,3307.0
Guadalajara,2008,10,3545.0
Guadalajara,2008,11,2134.0
Guadalajara,2008,12,1895.0
Guadalajara,2009,1,2689.0
Guadalajara,2009,2,1178.0
Guadalajara,2009,3,2023.0
Guadalajara,2009,4,2396.0
Guadalajara,2009,5,3744.0
Guadalajara,2009,6,2506.0
Guadalajara,2009,7,2451.0
Guadalajara,2009,8,2961.0
Guadalajara,2009,9,2766.0
Guadalajara,2009,10,2824.0
Guadalajara,2009,11,1440.0
Guadalajara,2009,12,1605.0
Guadalajara,2010,1,1299.0
Guadalajara,2010,2,1402.0
Guadalajara,2010,3,1714.0
Guadalajara,2010,4,2607.0
Guadalajara,2010,5,3357.0
Guadalajara,2010,6,2849.0
Guadalajara,2010,7,3249.0
Guadalajara,2010,8,2980.0
Guadalajara,2010,9,3066.0
Guadalajara,2010,10,2910.0
Guadalajara,2010,11,1883.0
Guadalajara,2010,12,1519.0
Guadalajara,2011,1,766.0
Guadalajara,2011,2,1119.0
Guadalajara,2011,3,1740.0
Guadalajara,2011,4,1830.0
Guadalajara,2011,5,2973.0
Guadalajara,2011,6,3424.0
Guadalajara,2011,7,2307.0
Guadalajara,2011,8,3254.0
Guadalajara,2011,9,3539.0
Guadalajara,2011,10,1924.0
Guadalajara,2011,11,1293.0
Guadalajara,2011,12,1759.0
Guadalajara,2012,1,1211.0
Guadalajara,2012,2,1700.0
Guadalajara,2012,3,1841.0
Guadalajara,2012,4,2988.0
Guadalajara,2012,5,3566.0
Guadalajara,2012,6,2738.0
Guadalajara,2012,7,3568.0
Guadalajara,2012,8,2506.0
Guadalajara,2012,9,2400.0
Guadalajara,2012,10,2588.0
Guadalajara,2012,11,1468.0
Guadalajara,2012,12,1421.0
Guadalajara,2013,1,972.0
Guadalajara,2013,2,1263.0
Guadalajara,2013,3,1906.0
Guadalajara,2013,4,2381.0
Guadalajara,2013,5,3092.0
Guadalajara,2013,6,2951.0
Guadalajara,2013,7,3243.0
Guadalajara,2013,8,2411.0
Guadalajara,2013,9,2880.0
Guadalajara,2013,10,2513.0
Guadalajara,2013,11,3375.0
Guadalajara,2013,12,1093.0
Guadalajara,2014,1,1461.0
Guadalajara,2014,2,920.0
Guadalajara,2014,3,1844.0
Guadalajara,2014,4,1774.0
Guadalajara,2014,5,2840.0
Guadalajara,2014,6,2576.0
Guadalajara,2014,7,2377.0
Guadalajara,2014,8,2043.0
Guadalajara,2014,9,3077.0
Guadalajara,2014,10,2158.0
Guadalajara,2014,11,1508.0
Guadalajara,2014,12,935.0
Guadalajara,2015,1,1396.0
Guadalajara,2015,2,1227.0
Guadalajara,2015,3,2282.0
Guadalajara,2015,4,2570.0
Guadalajara,2015,5,3308.0
Guadalajara,2015,6,2081.0
Guadalajara,2015,7,2714.0
Guadalajara,2015,8,2848.0
Guadalajara,2015,9,3604.0
Guadalajara,2015,10,3517.0
Guadalajara,2015,11,1932.0
Guadalajara,2015,12,1617.0
Guadalajara,2016,1,1008.0
Guadalajara,2016,2,1726.0
Guadalajara,2016,3,2694.0
Guadalajara,2016,4,3259.0
Guadalajara,2016,5,3502.0
Guadalajara,2016,6,3867.0
Guadalajara,2016,7,2512.0
Guadalajara,2016,8,2775.0
Guadalajara,2016,9,3563.0
Guadalajara,2016,10,3530.0
Guadalajara,2016,11,2239.0
Guadalajara,2016,12,2513.0
Guadalajara,2017,1,2900.0
Guadalajara,2017,2,3018.0
Guadalajara,2017,3,2731.0
Guadalajara,2017,4,3604.0
Guadalajara,2017,5,4257.0
Guadalajara,2017,6,5165.0
Guadalajara,2017,7,3544.0
Guadalajara,2017,8,2686.0
Guadalajara,2017,9,3642.0
Guadalajara,2017,10,4605.0
Guadalajara,2017,11,2244.0
Guadalajara,2017,12,2155.0
Guadalajara,2018,1,4055.0
Guadalajara,2018,2,2831.0
Guadalajara,2018,3,3613.0
Guadalajara,2018,4,3146.0
Guadalajara,2018,5,4015.0
Guadalajara,2018,6,4659.0
Guadalajara,2018,7,3471.0
Guadalajara,2018,8,4134.0
Guadalajara,2018,9,3935.0
Guadalajara,2018,10,4315.0
Guadalajara,2018,11,3179.0
Guadalajara,2018,12,2763.0
Guadalajara,2019,1,1778.0
Guadalajara,2019,2,2629.0
Guadalajara,2019,3,3254.0
Guadalajara,2019,4,3228.0
Guadalajara,2019,5,3784.0
Guadalajara,2019,6,4128.0
Guadalajara,2019,7,3507.0
Guadalajara,2019,8,3399.0
Guadalajara,2019,9,3547.0
Guadalajara,2019,10,4672.0
Guadalajara,2019,11,2524.0
Guadalajara,2019,12,2242.0
Guadalajara,2020,1,2135.0
Guadalajara,2020,2,2449.0
Guadalajara,2020,3,1139.0
Guadalajara,2020,4,0.0
Guadalajara,2020,5,130.0
Guadalajara,2020,6,506.0
Guadalajara,2020,7,1292.0
Guadalajara,2020,8,959.0
Guadalajara,2020,9,977.0
Guadalajara,2020,10,966.0
Guadalajara,2020,11,555.0
Guadalajara,2020,12,727.0
Guadalajara,2021,1,738.0
Guadalajara,2021,2,701.0
Guadalajara,2021,3,516.0
Guadalajara,2021,4,793.0
Guadalajara,2021,5,1120.0
Guadalajara,2021,6,1047.0
Guadalajara,2021,7,1652.0
Guadalajara,2021,8,2102.0
Guadalajara,2021,9,2364.0
Guadalajara,2021,10,2384.0
Guadalajara,2021,11,1739.0
Guadalajara,2021,12,1179.0
Guadalajara,2022,1,1130.0
Guadalajara,2022,2,1708.0
Guadalajara,2022,3,2935.0
Guadalajara,2022,4,2628.0
Guadalajara,2022,5,3635.0
Guadalajara,2022,6,2492.0
Guadalajara,2022,7,2924.0
Guadalajara,2022,8,2882.0
Guadalajara,2022,9,3020.0
Guadalajara,2022,10,3234.0
Guadalajara,2022,11,3138.0
Guadalajara,2022,12,1838.0
Guadalajara,2023,1,1983.0
Guadalajara,2023,2,2066.0
Guadalajara,2023,3,2891.0
Guadalajara,2023,4,3051.0
Guadalajara,2023,5,3655.0
Guadalajara,2023,6,2498.0
Guadalajara,2023,7,2544.0
Guadalajara,2023,8,3711.0
Guadalajara,2023,9,4076.0
Guadalajara,2023,10,4339.0
Guadalajara,2023,11,2018.0
Guadalajara,2023,12,1434.0
Guadalajara,2024,1,1715.0
Guadalajara,2024,2,2145.0
Guadalajara,2024,3,2367.0
Guadalajara,2024,4,2745.0
Guadalajara,2024,5,4007.0
Guadalajara,2024,6,3590.0
Guadalajara,2024,7,3029.0
Guadalajara,2024,8,2655.0
Guadalajara,2024,9,3496.0
Guadalajara,2024,10,4387.0
Guadalajara,2024,11,2876.0
Guadalajara,2024,12,1950.0
Guadalajara,2025,1,2094.0
Guadalajara,2025,2,2084.0
Guadalajara,2025,3,2455.0
Guadalajara,2025,4,3515.0
Guadalajara,2025,5,4395.0
Guadalajara,2025,6,3952.0
Guadalajara,2025,7,3822.0
Guadalajara,2025,8,2820.0
Guadalajara,2025,9,4498.0
Huelva,1999,1,1392.0
Huelva,1999,2,4074.0
Huelva,1999,3,7568.0
Huelva,1999,4,8511.0
Huelva,1999,5,7467.0
Huelva,1999,6,9587.0
Huelva,1999,7,7765.0
Huelva,1999,8,8854.0
Huelva,1999,9,10175.0
Huelva,1999,10,7428.0
Huelva,1999,11,5365.0
Huelva,1999,12,2037.0
Huelva,2000,1,2054.0
Huelva,2000,2,6299.0
Huelva,2000,3,7506.0
Huelva,2000,4,8521.0
Huelva,2000,5,7275.0
Huelva,2000,6,6956.0
Huelva,2000,7,6940.0
Huelva,2000,8,8170.0
Huelva,2000,9,9464.0
Huelva,2000,10,6610.0
Huelva,2000,11,3903.0
Huelva,2000,12,1739.0
Huelva,2001,1,1798.0
Huelva,2001,2,3829.0
Huelva,2001,3,8634.0
Huelva,2001,4,10561.0
Huelva,2001,5,9425.0
Huelva,2001,6,8880.0
Huelva,2001,7,8046.0
Huelva,2001,8,8934.0
Huelva,2001,9,10563.0
Huelva,2001,10,9608.0
Huelva,2001,11,3508.0
Huelva,2001,12,2003.0
Huelva,2002,1,3222.0
Huelva,2002,2,4759.0
Huelva,2002,3,10080.0
Huelva,2002,4,11929.0
Huelva,2002,5,10845.0
Huelva,2002,6,12761.0
Huelva,2002,7,15668.0
Huelva,2002,8,10081.0
Huelva,2002,9,17336.0
Huelva,2002,10,12358.0
Huelva,2002,11,3996.0
Huelva,2002,12,1778.0
Huelva,2003,1,2464.0
Huelva,2003,2,5051.0
Huelva,2003,3,9925.0
Huelva,2003,4,15246.0
Huelva,2003,5,15175.0
Huelva,2003,6,12014.0
Huelva,2003,7,10011.0
Huelva,2003,8,11709.0
Huelva,2003,9,13051.0
Huelva,2003,10,10958.0
Huelva,2003,11,4412.0
Huelva,2003,12,1804.0
Huelva,2004,1,2403.0
Huelva,2004,2,7333.0
Huelva,2004,3,7926.0
Huelva,2004,4,12050.0
Huelva,2004,5,11004.0
Huelva,2004,6,15065.0
Huelva,2004,7,13346.0
Huelva,2004,8,17227.0
Huelva,2004,9,14913.0
Huelva,2004,10,11684.0
Huelva,2004,11,6239.0
Huelva,2004,12,3391.0
Huelva,2005,1,7361.0
Huelva,2005,2,6081.0
Huelva,2005,3,10572.0
Huelva,2005,4,13195.0
Huelva,2005,5,17057.0
Huelva,2005,6,18108.0
Huelva,2005,7,15362.0
Huelva,2005,8,18206.0
Huelva,2005,9,18804.0
Huelva,2005,10,13386.0
Huelva,2005,11,6940.0
Huelva,2005,12,5162.0
Huelva,2006,1,5096.0
Huelva,2006,2,6541.0
Huelva,2006,3,12542.0
Huelva,2006,4,23666.0
Huelva,2006,5,21236.0
Huelva,2006,6,25743.0
Huelva,2006,7,20861.0
Huelva,2006,8,17553.0
Huelva,2006,9,23189.0
Huelva,2006,10,19843.0
Huelva,2006,11,8401.0
Huelva,2006,12,7222.0
Huelva,2007,1,8155.0
Huelva,2007,2,7906.0
Huelva,2007,3,13480.0
Huelva,2007,4,19332.0
Huelva,2007,5,19144.0
Huelva,2007,6,22086.0
Huelva,2007,7,21482.0
Huelva,2007,8,24682.0
Huelva,2007,9,24053.0
Huelva,2007,10,19261.0
Huelva,2007,11,8658.0
Huelva,2007,12,7249.0
Huelva,2008,1,5053.0
Huelva,2008,2,9052.0
Huelva,2008,3,16254.0
Huelva,2008,4,24433.0
Huelva,2008,5,27138.0
Huelva,2008,6,20180.0
Huelva,2008,7,22270.0
Huelva,2008,8,26199.0
Huelva,2008,9,25314.0
Huelva,2008,10,21507.0
Huelva,2008,11,8333.0
Huelva,2008,12,6442.0
Huelva,2009,1,5656.0
Huelva,2009,2,6158.0
Huelva,2009,3,12868.0
Huelva,2009,4,22950.0
Huelva,2009,5,26358.0
Huelva,2009,6,22494.0
Huelva,2009,7,19946.0
Huelva,2009,8,23561.0
Huelva,2009,9,18661.0
Huelva,2009,10,22051.0
Huelva,2009,11,10322.0
Huelva,2009,12,7641.0
Huelva,2010,1,4477.0
Huelva,2010,2,7148.0
Huelva,2010,3,16369.0
Huelva,2010,4,26483.0
Huelva,2010,5,18000.0
Huelva,2010,6,22763.0
Huelva,2010,7,24536.0
Huelva,2010,8,27512.0
Huelva,2010,9,25465.0
Huelva,2010,10,18244.0
Huelva,2010,11,10714.0
Huelva,2010,12,4996.0
Huelva,2011,1,4139.0
Huelva,2011,2,4962.0
Huelva,2011,3,16830.0
Huelva,2011,4,22204.0
Huelva,2011,5,20051.0
Huelva,2011,6,19393.0
Huelva,2011,7,23182.0
Huelva,2011,8,23709.0
Huelva,2011,9,21076.0
Huelva,2011,10,17360.0
Huelva,2011,11,7388.0
Huelva,2011,12,6204.0
Huelva,2012,1,6644.0
Huelva,2012,2,7348.0
Huelva,2012,3,16908.0
Huelva,2012,4,13608.0
Huelva,2012,5,27381.0
Huelva,2012,6,18155.0
Huelva,2012,7,26893.0
Huelva,2012,8,26904.0
Huelva,2012,9,23761.0
Huelva,2012,10,15483.0
Huelva,2012,11,5193.0
Huelva,2012,12,3271.0
Huelva,2013,1,3063.0
Huelva,2013,2,4470.0
Huelva,2013,3,6811.0
Huelva,2013,4,12081.0
Huelva,2013,5,17255.0
Huelva,2013,6,30730.0
Huelva,2013,7,23978.0
Huelva,2013,8,24329.0
Huelva,2013,9,23626.0
Huelva,2013,10,18735.0
Huelva,2013,11,5119.0
Huelva,2013,12,3177.0
Huelva,2014,1,4425.0
Huelva,2014,2,4824.0
Huelva,2014,3,5951.0
Huelva,2014,4,13817.0
Huelva,2014,5,17904.0
Huelva,2014,6,21185.0
Huelva,2014,7,18554.0
Huelva,2014,8,23213.0
Huelva,2014,9,25688.0
Huelva,2014,10,15012.0
Huelva,2014,11,3833.0
Huelva,2014,12,2824.0
Huelva,2015,1,3658.0
Huelva,2015,2,10854.0
Huelva,2015,3,7141.0
Huelva,2015,4,12503.0
Huelva,2015,5,20643.0
Huelva,2015,6,21489.0
Huelva,2015,7,20838.0
Huelva,2015,8,33918.0
Huelva,2015,9,25929.0
Huelva,2015,10,20662.0
Huelva,2015,11,4342.0
Huelva,2015,12,4321.0
Huelva,2016,1,7412.0
Huelva,2016,2,4878.0
Huelva,2016,3,24835.0
Huelva,2016,4,14642.0
Huelva,2016,5,23444.0
Huelva,2016,6,33337.0
Huelva,2016,7,27343.0
Huelva,2016,8,34094.0
Huelva,2016,9,33354.0
Huelva,2016,10,22459.0
Huelva,2016,11,4687.0
Huelva,2016,12,3121.0
Huelva,2017,1,6223.0
Huelva,2017,2,6457.0
Huelva,2017,3,7836.0
Huelva,2017,4,35426.0
Huelva,2017,5,27873.0
Huelva,2017,6,34583.0
Huelva,2017,7,33549.0
Huelva,2017,8,34143.0
Huelva,2017,9,47717.0
Huelva,2017,10,30492.0
Huelva,2017,11,4656.0
Huelva,2017,12,3284.0
Huelva,2018,1,5713.0
Huelva,2018,2,6192.0
Huelva,2018,3,9136.0
Huelva,2018,4,19308.0
Huelva,2018,5,30565.0
Huelva,2018,6,31458.0
Huelva,2018,7,25705.0
Huelva,2018,8,27671.0
Huelva,2018,9,34553.0
Huelva,2018,10,21213.0
Huelva,2018,11,9869.0
Huelva,2018,12,3505.0
Huelva,2019,1,5759.0
Huelva,2019,2,5178.0
Huelva,2019,3,9568.0
Huelva,2019,4,33891.0
Huelva,2019,5,31659.0
Huelva,2019,6,41367.0
Huelva,2019,7,27231.0
Huelva,2019,8,31270.0
Huelva,2019,9,36063.0
Huelva,2019,10,21844.0
Huelva,2019,11,5537.0
Huelva,2019,12,3144.0
Huelva,2020,1,3727.0
Huelva,2020,2,4763.0
Huelva,2020,3,4379.0
Huelva,2020,4,0.0
Huelva,2020,5,64.0
Huelva,2020,6,630.0
Huelva,2020,7,5754.0
Huelva,2020,8,9119.0
Huelva,2020,9,6767.0
Huelva,2020,10,2736.0
Huelva,2020,11,559.0
Huelva,2020,12,625.0
Huelva,2021,1,1081.0
Huelva,2021,2,571.0
Huelva,2021,3,1255.0
Huelva,2021,4,1116.0
Huelva,2021,5,2834.0
Huelva,2021,6,14619.0
Huelva,2021,7,11194.0
Huelva,2021,8,16256.0
Huelva,2021,9,20209.0
Huelva,2021,10,14526.0
Huelva,2021,11,5263.0
Huelva,2021,12,2252.0
Huelva,2022,1,2493.0
Huelva,2022,2,4256.0
Huelva,2022,3,7939.0
Huelva,2022,4,19142.0
Huelva,2022,5,26197.0
Huelva,2022,6,35350.0
Huelva,2022,7,27963.0
Huelva,2022,8,32493.0
Huelva,2022,9,38203.0
Huelva,2022,10,22767.0
Huelva,2022,11,9331.0
Huelva,2022,12,5088.0
Huelva,2023,1,5046.0
Huelva,2023,2,6018.0
Huelva,2023,3,9525.0
Huelva,2023,4,24733.0
Huelva,2023,5,29597.0
Huelva,2023,6,40437.0
Huelva,2023,7,31961.0
Huelva,2023,8,42348.0
Huelva,2023,9,42359.0
Huelva,2023,10,28480.0
Huelva,2023,11,9559.0
Huelva,2023,12,6372.0
Huelva,2024,1,5323.0
Huelva,2024,2,5691.0
Huelva,2024,3,14602.0
Huelva,2024,4,28691.0
Huelva,2024,5,33921.0
Huelva,2024,6,40182.0
Huelva,2024,7,36917.0
Huelva,2024,8,46737.0
Huelva,2024,9,46011.0
Huelva,2024,10,23750.0
Huelva,2024,11,11137.0
Huelva,2024,12,5800.0
Huelva,2025,1,4516.0
Huelva,2025,2,7030.0
Huelva,2025,3,12051.0
Huelva,2025,4,33392.0
Huelva,2025,5,33019.0
Huelva,2025,6,46496.0
Huelva,2025,7,38753.0
Huelva,2025,8,50981.0
Huelva,2025,9,42781.0
Huesca,1999,1,2815.0
Huesca,1999,2,4969.0
Huesca,1999,3,3794.0
Huesca,1999,4,4698.0
Huesca,1999,5,7692.0
Huesca,1999,6,8246.0
Huesca,1999,7,13043.0
Huesca,1999,8,11861.0
Huesca,1999,9,10086.0
Huesca,1999,10,6348.0
Huesca,1999,11,2196.0
Huesca,1999,12,2081.0
Huesca,2000,1,2000.0
Huesca,2000,2,4416.0
Huesca,2000,3,3233.0
Huesca,2000,4,5590.0
Huesca,2000,5,7405.0
Huesca,2000,6,10096.0
Huesca,2000,7,14774.0
Huesca,2000,8,14289.0
Huesca,2000,9,10933.0
Huesca,2000,10,6635.0
Huesca,2000,11,1387.0
Huesca,2000,12,2591.0
Huesca,2001,1,2367.0
Huesca,2001,2,5195.0
Huesca,2001,3,3435.0
Huesca,2001,4,6961.0
Huesca,2001,5,9032.0
Huesca,2001,6,11376.0
Huesca,2001,7,14984.0
Huesca,2001,8,14257.0
Huesca,2001,9,11157.0
Huesca,2001,10,6120.0
Huesca,2001,11,1637.0
Huesca,2001,12,2042.0
Huesca,2002,1,2181.0
Huesca,2002,2,4630.0
Huesca,2002,3,4280.0
Huesca,2002,4,4753.0
Huesca,2002,5,10099.0
Huesca,2002,6,9767.0
Huesca,2002,7,14150.0
Huesca,2002,8,15657.0
Huesca,2002,9,13096.0
Huesca,2002,10,5838.0
Huesca,2002,11,2091.0
Huesca,2002,12,2482.0
Huesca,2003,1,2174.0
Huesca,2003,2,3862.0
Huesca,2003,3,4364.0
Huesca,2003,4,6096.0
Huesca,2003,5,10846.0
Huesca,2003,6,11133.0
Huesca,2003,7,17407.0
Huesca,2003,8,13615.0
Huesca,2003,9,11781.0
Huesca,2003,10,6422.0
Huesca,2003,11,2358.0
Huesca,2003,12,2655.0
Huesca,2004,1,2750.0
Huesca,2004,2,3973.0
Huesca,2004,3,2956.0
Huesca,2004,4,5491.0
Huesca,2004,5,10353.0
Huesca,2004,6,10156.0
Huesca,2004,7,14206.0
Huesca,2004,8,13442.0
Huesca,2004,9,12398.0
Huesca,2004,10,7159.0
Huesca,2004,11,2373.0
Huesca,2004,12,2481.0
Huesca,2005,1,2052.0
Huesca,2005,2,3602.0
Huesca,2005,3,4092.0
Huesca,2005,4,5319.0
Huesca,2005,5,8144.0
Huesca,2005,6,10080.0
Huesca,2005,7,13501.0
Huesca,2005,8,14297.0
Huesca,2005,9,11238.0
Huesca,2005,10,7025.0
Huesca,2005,11,2027.0
Huesca,2005,12,2029.0
Huesca,2006,1,2353.0
Huesca,2006,2,4524.0
Huesca,2006,3,3763.0
Huesca,2006,4,7079.0
Huesca,2006,5,10258.0
Huesca,2006,6,11661.0
Huesca,2006,7,13083.0
Huesca,2006,8,14072.0
Huesca,2006,9,11298.0
Huesca,2006,10,8759.0
Huesca,2006,11,3188.0
Huesca,2006,12,3011.0
Huesca,2007,1,2604.0
Huesca,2007,2,4646.0
Huesca,2007,3,4774.0
Huesca,2007,4,7145.0
Huesca,2007,5,11581.0
Huesca,2007,6,12460.0
Huesca,2007,7,13738.0
Huesca,2007,8,14771.0
Huesca,2007,9,11325.0
Huesca,2007,10,6921.0
Huesca,2007,11,3741.0
Huesca,2007,12,3444.0
Huesca,2008,1,4207.0
Huesca,2008,2,5246.0
Huesca,2008,3,4688.0
Huesca,2008,4,6732.0
Huesca,2008,5,9886.0
Huesca,2008,6,16184.0
Huesca,2008,7,16809.0
Huesca,2008,8,18744.0
Huesca,2008,9,13232.0
Huesca,2008,10,7207.0
Huesca,2008,11,2155.0
Huesca,2008,12,2510.0
Huesca,2009,1,2684.0
Huesca,2009,2,3798.0
Huesca,2009,3,3591.0
Huesca,2009,4,5787.0
Huesca,2009,5,8912.0
Huesca,2009,6,9680.0
Huesca,2009,7,13712.0
Huesca,2009,8,13859.0
Huesca,2009,9,11062.0
Huesca,2009,10,6634.0
Huesca,2009,11,2351.0
Huesca,2009,12,2872.0
Huesca,2010,1,2828.0
Huesca,2010,2,4400.0
Huesca,2010,3,3560.0
Huesca,2010,4,4993.0
Huesca,2010,5,9254.0
Huesca,2010,6,11238.0
Huesca,2010,7,15106.0
Huesca,2010,8,15632.0
Huesca,2010,9,11902.0
Huesca,2010,10,6322.0
Huesca,2010,11,1963.0
Huesca,2010,12,2910.0
Huesca,2011,1,2193.0
Huesca,2011,2,3758.0
Huesca,2011,3,5575.0
Huesca,2011,4,6077.0
Huesca,2011,5,8888.0
Huesca,2011,6,14318.0
Huesca,2011,7,17901.0
Huesca,2011,8,21023.0
Huesca,2011,9,13247.0
Huesca,2011,10,7592.0
Huesca,2011,11,2380.0
Huesca,2011,12,2446.0
Huesca,2012,1,2597.0
Huesca,2012,2,4349.0
Huesca,2012,3,4038.0
Huesca,2012,4,5067.0
Huesca,2012,5,9799.0
Huesca,2012,6,12971.0
Huesca,2012,7,18262.0
Huesca,2012,8,18852.0
Huesca,2012,9,14309.0
Huesca,2012,10,6652.0
Huesca,2012,11,2354.0
Huesca,2012,12,3131.0
Huesca,2013,1,2874.0
Huesca,2013,2,3022.0
Huesca,2013,3,5241.0
Huesca,2013,4,4792.0
Huesca,2013,5,10533.0
Huesca,2013,6,15194.0
Huesca,2013,7,19374.0
Huesca,2013,8,20891.0
Huesca,2013,9,15706.0
Huesca,2013,10,7440.0
Huesca,2013,11,2929.0
Huesca,2013,12,2800.0
Huesca,2014,1,4315.0
Huesca,2014,2,4389.0
Huesca,2014,3,6031.0
Huesca,2014,4,6781.0
Huesca,2014,5,10962.0
Huesca,2014,6,15971.0
Huesca,2014,7,20166.0
Huesca,2014,8,22692.0
Huesca,2014,9,17639.0
Huesca,2014,10,8807.0
Huesca,2014,11,2446.0
Huesca,2014,12,3610.0
Huesca,2015,1,4560.0
Huesca,2015,2,6317.0
Huesca,2015,3,6367.0
Huesca,2015,4,7739.0
Huesca,2015,5,14288.0
Huesca,2015,6,17232.0
Huesca,2015,7,22157.0
Huesca,2015,8,24927.0
Huesca,2015,9,19617.0
Huesca,2015,10,8879.0
Huesca,2015,11,3060.0
Huesca,2015,12,3925.0
Huesca,2016,1,4914.0
Huesca,2016,2,7457.0
Huesca,2016,3,7994.0
Huesca,2016,4,8061.0
Huesca,2016,5,14040.0
Huesca,2016,6,18598.0
Huesca,2016,7,25977.0
Huesca,2016,8,26273.0
Huesca,2016,9,21093.0
Huesca,2016,10,11004.0
Huesca,2016,11,3313.0
Huesca,2016,12,4010.0
Huesca,2017,1,3745.0
Huesca,2017,2,8200.0
Huesca,2017,3,6729.0
Huesca,2017,4,9803.0
Huesca,2017,5,14653.0
Huesca,2017,6,18615.0
Huesca,2017,7,26348.0
Huesca,2017,8,26802.0
Huesca,2017,9,20617.0
Huesca,2017,10,11397.0
Huesca,2017,11,3811.0
Huesca,2017,12,3843.0
Huesca,2018,1,5120.0
Huesca,2018,2,9240.0
Huesca,2018,3,7531.0
Huesca,2018,4,7918.0
Huesca,2018,5,13073.0
Huesca,2018,6,17568.0
Huesca,2018,7,22563.0
Huesca,2018,8,25465.0
Huesca,2018,9,19789.0
Huesca,2018,10,9883.0
Huesca,2018,11,4425.0
Huesca,2018,12,3992.0
Huesca,2019,1,3540.0
Huesca,2019,2,8853.0
Huesca,2019,3,8547.0
Huesca,2019,4,8300.0
Huesca,2019,5,15305.0
Huesca,2019,6,20077.0
Huesca,2019,7,22080.0
Huesca,2019,8,25608.0
Huesca,2019,9,19308.0
Huesca,2019,10,12346.0
Huesca,2019,11,3849.0
Huesca,2019,12,5223.0
Huesca,2020,1,4864.0
Huesca,2020,2,7761.0
Huesca,2020,3,2950.0
Huesca,2020,4,0.0
Huesca,2020,5,46.0
Huesca,2020,6,837.0
Huesca,2020,7,11112.0
Huesca,2020,8,13240.0
Huesca,2020,9,6199.0
Huesca,2020,10,4394.0
Huesca,2020,11,469.0
Huesca,2020,12,442.0
Huesca,2021,1,513.0
Huesca,2021,2,346.0
Huesca,2021,3,1146.0
Huesca,2021,4,1342.0
Huesca,2021,5,2801.0
Huesca,2021,6,6965.0
Huesca,2021,7,13386.0
Huesca,2021,8,15364.0
Huesca,2021,9,15883.0
Huesca,2021,10,11376.0
Huesca,2021,11,4286.0
Huesca,2021,12,5007.0
Huesca,2022,1,4220.0
Huesca,2022,2,7734.0
Huesca,2022,3,5387.0
Huesca,2022,4,8947.0
Huesca,2022,5,14385.0
Huesca,2022,6,17937.0
Huesca,2022,7,23766.0
Huesca,2022,8,24154.0
Huesca,2022,9,21693.0
Huesca,2022,10,11826.0
Huesca,2022,11,3968.0
Huesca,2022,12,4647.0
Huesca,2023,1,5078.0
Huesca,2023,2,7861.0
Huesca,2023,3,5785.0
Huesca,2023,4,11064.0
Huesca,2023,5,16115.0
Huesca,2023,6,18762.0
Huesca,2023,7,22655.0
Huesca,2023,8,23578.0
Huesca,2023,9,19442.0
Huesca,2023,10,10793.0
Huesca,2023,11,4131.0
Huesca,2023,12,4788.0
Huesca,2024,1,5909.0
Huesca,2024,2,7916.0
Huesca,2024,3,7695.0
Huesca,2024,4,11594.0
Huesca,2024,5,18225.0
Huesca,2024,6,19883.0
Huesca,2024,7,21896.0
Huesca,2024,8,26690.0
Huesca,2024,9,20743.0
Huesca,2024,10,14531.0
Huesca,2024,11,6627.0
Huesca,2024,12,6196.0
Huesca,2025,1,4912.0
Huesca,2025,2,6964.0
Huesca,2025,3,6870.0
Huesca,2025,4,10372.0
Huesca,2025,5,19052.0
Huesca,2025,6,21895.0
Huesca,2025,7,24171.0
Huesca,2025,8,25620.0
Huesca,2025,9,23535.0
Illes Balears,1999,1,104581.0
Illes Balears,1999,2,155587.0
Illes Balears,1999,3,230081.0
Illes Balears,1999,4,348266.0
Illes Balears,1999,5,838164.0
Illes Balears,1999,6,911061.0
Illes Balears,1999,7,897697.0
Illes Balears,1999,8,903065.0
Illes Balears,1999,9,850688.0
Illes Balears,1999,10,580502.0
Illes Balears,1999,11,112926.0
Illes Balears,1999,12,86592.0
Illes Balears,2000,1,79920.0
Illes Balears,2000,2,116672.0
Illes Balears,2000,3,211959.0
Illes Balears,2000,4,335669.0
Illes Balears,2000,5,755675.0
Illes Balears,2000,6,818347.0
Illes Balears,2000,7,904626.0
Illes Balears,2000,8,868717.0
Illes Balears,2000,9,855417.0
Illes Balears,2000,10,473324.0
Illes Balears,2000,11,87057.0
Illes Balears,2000,12,71695.0
Illes Balears,2001,1,62176.0
Illes Balears,2001,2,136901.0
Illes Balears,2001,3,204443.0
Illes Balears,2001,4,377908.0
Illes Balears,2001,5,832661.0
Illes Balears,2001,6,855352.0
Illes Balears,2001,7,910695.0
Illes Balears,2001,8,951397.0
Illes Balears,2001,9,870626.0
Illes Balears,2001,10,562073.0
Illes Balears,2001,11,87885.0
Illes Balears,2001,12,52068.0
Illes Balears,2002,1,56741.0
Illes Balears,2002,2,138233.0
Illes Balears,2002,3,222790.0
Illes Balears,2002,4,285369.0
Illes Balears,2002,5,697355.0
Illes Balears,2002,6,764085.0
Illes Balears,2002,7,853870.0
Illes Balears,2002,8,913901.0
Illes Balears,2002,9,738187.0
Illes Balears,2002,10,445266.0
Illes Balears,2002,11,59972.0
Illes Balears,2002,12,33188.0
Illes Balears,2003,1,47159.0
Illes Balears,2003,2,98010.0
Illes Balears,2003,3,175619.0
Illes Balears,2003,4,335566.0
Illes Balears,2003,5,779165.0
Illes Balears,2003,6,872283.0
Illes Balears,2003,7,952114.0
Illes Balears,2003,8,1013823.0
Illes Balears,2003,9,790193.0
Illes Balears,2003,10,461139.0
Illes Balears,2003,11,58506.0
Illes Balears,2003,12,45415.0
Illes Balears,2004,1,42468.0
Illes Balears,2004,2,108982.0
Illes Balears,2004,3,174119.0
Illes Balears,2004,4,290526.0
Illes Balears,2004,5,726407.0
Illes Balears,2004,6,811505.0
Illes Balears,2004,7,981729.0
Illes Balears,2004,8,1059699.0
Illes Balears,2004,9,826849.0
Illes Balears,2004,10,509031.0
Illes Balears,2004,11,66238.0
Illes Balears,2004,12,52904.0
Illes Balears,2005,1,53056.0
Illes Balears,2005,2,109691.0
Illes Balears,2005,3,189434.0
Illes Balears,2005,4,265489.0
Illes Balears,2005,5,744051.0
Illes Balears,2005,6,858014.0
Illes Balears,2005,7,1011244.0
Illes Balears,2005,8,1044254.0
Illes Balears,2005,9,930410.0
Illes Balears,2005,10,511520.0
Illes Balears,2005,11,62667.0
Illes Balears,2005,12,48236.0
Illes Balears,2006,1,70237.0
Illes Balears,2006,2,114987.0
Illes Balears,2006,3,206914.0
Illes Balears,2006,4,346488.0
Illes Balears,2006,5,824681.0
Illes Balears,2006,6,1057126.0
Illes Balears,2006,7,1174334.0
Illes Balears,2006,8,1168545.0
Illes Balears,2006,9,961949.0
Illes Balears,2006,10,598155.0
Illes Balears,2006,11,80352.0
Illes Balears,2006,12,64030.0
Illes Balears,2007,1,65147.0
Illes Balears,2007,2,106972.0
Illes Balears,2007,3,190666.0
Illes Balears,2007,4,350862.0
Illes Balears,2007,5,800078.0
Illes Balears,2007,6,1043409.0
Illes Balears,2007,7,1164119.0
Illes Balears,2007,8,1187323.0
Illes Balears,2007,9,975286.0
Illes Balears,2007,10,533418.0
Illes Balears,2007,11,89009.0
Illes Balears,2007,12,61867.0
Illes Balears,2008,1,75715.0
Illes Balears,2008,2,106379.0
Illes Balears,2008,3,215779.0
Illes Balears,2008,4,325203.0
Illes Balears,2008,5,854913.0
Illes Balears,2008,6,993519.0
Illes Balears,2008,7,1122114.0
Illes Balears,2008,8,1144896.0
Illes Balears,2008,9,917073.0
Illes Balears,2008,10,524936.0
Illes Balears,2008,11,66422.0
Illes Balears,2008,12,45632.0
Illes Balears,2009,1,49756.0
Illes Balears,2009,2,87295.0
Illes Balears,2009,3,159466.0
Illes Balears,2009,4,347161.0
Illes Balears,2009,5,763684.0
Illes Balears,2009,6,923121.0
Illes Balears,2009,7,1006594.0
Illes Balears,2009,8,957415.0
Illes Balears,2009,9,819676.0
Illes Balears,2009,10,489859.0
Illes Balears,2009,11,56046.0
Illes Balears,2009,12,39210.0
Illes Balears,2010,1,44262.0
Illes Balears,2010,2,83422.0
Illes Balears,2010,3,151613.0
Illes Balears,2010,4,290883.0
Illes Balears,2010,5,792463.0
Illes Balears,2010,6,943555.0
Illes Balears,2010,7,1159130.0
Illes Balears,2010,8,1126505.0
Illes Balears,2010,9,933567.0
Illes Balears,2010,10,536820.0
Illes Balears,2010,11,50047.0
Illes Balears,2010,12,38222.0
Illes Balears,2011,1,38862.0
Illes Balears,2011,2,72577.0
Illes Balears,2011,3,140347.0
Illes Balears,2011,4,351050.0
Illes Balears,2011,5,864676.0
Illes Balears,2011,6,1110000.0
Illes Balears,2011,7,1317137.0
Illes Balears,2011,8,1323759.0
Illes Balears,2011,9,1058086.0
Illes Balears,2011,10,617315.0
Illes Balears,2011,11,48936.0
Illes Balears,2011,12,31546.0
Illes Balears,2012,1,34011.0
Illes Balears,2012,2,66406.0
Illes Balears,2012,3,134007.0
Illes Balears,2012,4,337130.0
Illes Balears,2012,5,931655.0
Illes Balears,2012,6,1188227.0
Illes Balears,2012,7,1387491.0
Illes Balears,2012,8,1354332.0
Illes Balears,2012,9,1176408.0
Illes Balears,2012,10,613869.0
Illes Balears,2012,11,46549.0
Illes Balears,2012,12,32411.0
Illes Balears,2013,1,29726.0
Illes Balears,2013,2,61809.0
Illes Balears,2013,3,181705.0
Illes Balears,2013,4,351462.0
Illes Balears,2013,5,969353.0
Illes Balears,2013,6,1224246.0
Illes Balears,2013,7,1344856.0
Illes Balears,2013,8,1380873.0
Illes Balears,2013,9,1179417.0
Illes Balears,2013,10,644391.0
Illes Balears,2013,11,37487.0
Illes Balears,2013,12,30078.0
Illes Balears,2014,1,22831.0
Illes Balears,2014,2,50442.0
Illes Balears,2014,3,131562.0
Illes Balears,2014,4,374790.0
Illes Balears,2014,5,962347.0
Illes Balears,2014,6,1227790.0
Illes Balears,2014,7,1338183.0
Illes Balears,2014,8,1387929.0
Illes Balears,2014,9,1188903.0
Illes Balears,2014,10,665418.0
Illes Balears,2014,11,47356.0
Illes Balears,2014,12,29138.0
Illes Balears,2015,1,27990.0
Illes Balears,2015,2,55263.0
Illes Balears,2015,3,135984.0
Illes Balears,2015,4,393094.0
Illes Balears,2015,5,1016598.0
Illes Balears,2015,6,1206777.0
Illes Balears,2015,7,1393516.0
Illes Balears,2015,8,1432152.0
Illes Balears,2015,9,1191107.0
Illes Balears,2015,10,714122.0
Illes Balears,2015,11,48323.0
Illes Balears,2015,12,35467.0
Illes Balears,2016,1,30287.0
Illes Balears,2016,2,78473.0
Illes Balears,2016,3,199976.0
Illes Balears,2016,4,425451.0
Illes Balears,2016,5,1171272.0
Illes Balears,2016,6,1376186.0
Illes Balears,2016,7,1552517.0
Illes Balears,2016,8,1571374.0
Illes Balears,2016,9,1368430.0
Illes Balears,2016,10,803670.0
Illes Balears,2016,11,58392.0
Illes Balears,2016,12,42022.0
Illes Balears,2017,1,32458.0
Illes Balears,2017,2,75260.0
Illes Balears,2017,3,167168.0
Illes Balears,2017,4,464239.0
Illes Balears,2017,5,1190334.0
Illes Balears,2017,6,1384753.0
Illes Balears,2017,7,1591845.0
Illes Balears,2017,8,1531695.0
Illes Balears,2017,9,1402757.0
Illes Balears,2017,10,873049.0
Illes Balears,2017,11,69905.0
Illes Balears,2017,12,36874.0
Illes Balears,2018,1,38157.0
Illes Balears,2018,2,83217.0
Illes Balears,2018,3,180302.0
Illes Balears,2018,4,459838.0
Illes Balears,2018,5,1233891.0
Illes Balears,2018,6,1472147.0
Illes Balears,2018,7,1584076.0
Illes Balears,2018,8,1515180.0
Illes Balears,2018,9,1411660.0
Illes Balears,2018,10,881253.0
Illes Balears,2018,11,58161.0
Illes Balears,2018,12,61330.0
Illes Balears,2019,1,33085.0
Illes Balears,2019,2,79968.0
Illes Balears,2019,3,184534.0
Illes Balears,2019,4,546683.0
Illes Balears,2019,5,1237844.0
Illes Balears,2019,6,1467241.0
Illes Balears,2019,7,1604594.0
Illes Balears,2019,8,1601142.0
Illes Balears,2019,9,1403608.0
Illes Balears,2019,10,895159.0
Illes Balears,2019,11,73047.0
Illes Balears,2019,12,58580.0
Illes Balears,2020,1,41350.0
Illes Balears,2020,2,84874.0
Illes Balears,2020,3,55721.0
Illes Balears,2020,4,0.0
Illes Balears,2020,5,158.0
Illes Balears,2020,6,5824.0
Illes Balears,2020,7,263839.0
Illes Balears,2020,8,256226.0
Illes Balears,2020,9,59404.0
Illes Balears,2020,10,26885.0
Illes Balears,2020,11,6326.0
Illes Balears,2020,12,6040.0
Illes Balears,2021,1,3074.0
Illes Balears,2021,2,3913.0
Illes Balears,2021,3,15856.0
Illes Balears,2021,4,46977.0
Illes Balears,2021,5,161116.0
Illes Balears,2021,6,415541.0
Illes Balears,2021,7,837887.0
Illes Balears,2021,8,894903.0
Illes Balears,2021,9,822354.0
Illes Balears,2021,10,620531.0
Illes Balears,2021,11,54627.0
Illes Balears,2021,12,30125.0
Illes Balears,2022,1,21528.0
Illes Balears,2022,2,50067.0
Illes Balears,2022,3,141624.0
Illes Balears,2022,4,515508.0
Illes Balears,2022,5,1204285.0
Illes Balears,2022,6,1503440.0
Illes Balears,2022,7,1662644.0
Illes Balears,2022,8,1670321.0
Illes Balears,2022,9,1430997.0
Illes Balears,2022,10,905023.0
Illes Balears,2022,11,66857.0
Illes Balears,2022,12,44716.0
Illes Balears,2023,1,40466.0
Illes Balears,2023,2,73205.0
Illes Balears,2023,3,167839.0
Illes Balears,2023,4,656555.0
Illes Balears,2023,5,1297010.0
Illes Balears,2023,6,1569372.0
Illes Balears,2023,7,1734992.0
Illes Balears,2023,8,1739237.0
Illes Balears,2023,9,1514425.0
Illes Balears,2023,10,1041187.0
Illes Balears,2023,11,72557.0
Illes Balears,2023,12,52974.0
Illes Balears,2024,1,38711.0
Illes Balears,2024,2,91824.0
Illes Balears,2024,3,270731.0
Illes Balears,2024,4,649886.0
Illes Balears,2024,5,1557097.0
Illes Balears,2024,6,1618901.0
Illes Balears,2024,7,1809362.0
Illes Balears,2024,8,1851374.0
Illes Balears,2024,9,1564645.0
Illes Balears,2024,10,1198031.0
Illes Balears,2024,11,81337.0
Illes Balears,2024,12,63026.0
Illes Balears,2025,1,39462.0
Illes Balears,2025,2,111658.0
Illes Balears,2025,3,226959.0
Illes Balears,2025,4,705586.0
Illes Balears,2025,5,1513184.0
Illes Balears,2025,6,1698936.0
Illes Balears,2025,7,1843238.0
Illes Balears,2025,8,1855591.0
Illes Balears,2025,9,1654533.0
Jaén,1999,1,2900.0
Jaén,1999,2,2777.0
Jaén,1999,3,5886.0
Jaén,1999,4,9078.0
Jaén,1999,5,10118.0
Jaén,1999,6,6489.0
Jaén,1999,7,6409.0
Jaén,1999,8,7054.0
Jaén,1999,9,9084.0
Jaén,1999,10,8865.0
Jaén,1999,11,4171.0
Jaén,1999,12,3292.0
Jaén,2000,1,3637.0
Jaén,2000,2,3649.0
Jaén,2000,3,6522.0
Jaén,2000,4,10073.0
Jaén,2000,5,11142.0
Jaén,2000,6,6729.0
Jaén,2000,7,7101.0
Jaén,2000,8,8444.0
Jaén,2000,9,9674.0
Jaén,2000,10,9257.0
Jaén,2000,11,3793.0
Jaén,2000,12,2593.0
Jaén,2001,1,3632.0
Jaén,2001,2,3742.0
Jaén,2001,3,6684.0
Jaén,2001,4,10672.0
Jaén,2001,5,12288.0
Jaén,2001,6,8015.0
Jaén,2001,7,7600.0
Jaén,2001,8,7332.0
Jaén,2001,9,11269.0
Jaén,2001,10,8711.0
Jaén,2001,11,4659.0
Jaén,2001,12,3895.0
Jaén,2002,1,2769.0
Jaén,2002,2,4293.0
Jaén,2002,3,7295.0
Jaén,2002,4,8869.0
Jaén,2002,5,11914.0
Jaén,2002,6,8040.0
Jaén,2002,7,6911.0
Jaén,2002,8,7029.0
Jaén,2002,9,9358.0
Jaén,2002,10,8420.0
Jaén,2002,11,4611.0
Jaén,2002,12,3989.0
Jaén,2003,1,2497.0
Jaén,2003,2,3471.0
Jaén,2003,3,6499.0
Jaén,2003,4,10269.0
Jaén,2003,5,11207.0
Jaén,2003,6,8070.0
Jaén,2003,7,6352.0
Jaén,2003,8,6780.0
Jaén,2003,9,7603.0
Jaén,2003,10,7367.0
Jaén,2003,11,4382.0
Jaén,2003,12,3735.0
Jaén,2004,1,2756.0
Jaén,2004,2,3324.0
Jaén,2004,3,5708.0
Jaén,2004,4,8451.0
Jaén,2004,5,9190.0
Jaén,2004,6,6491.0
Jaén,2004,7,6544.0
Jaén,2004,8,7413.0
Jaén,2004,9,7935.0
Jaén,2004,10,7614.0
Jaén,2004,11,4160.0
Jaén,2004,12,3372.0
Jaén,2005,1,2243.0
Jaén,2005,2,3318.0
Jaén,2005,3,5388.0
Jaén,2005,4,7696.0
Jaén,2005,5,10052.0
Jaén,2005,6,5756.0
Jaén,2005,7,5621.0
Jaén,2005,8,5262.0
Jaén,2005,9,7256.0
Jaén,2005,10,6215.0
Jaén,2005,11,3591.0
Jaén,2005,12,3294.0
Jaén,2006,1,2371.0
Jaén,2006,2,2765.0
Jaén,2006,3,5807.0
Jaén,2006,4,8598.0
Jaén,2006,5,10624.0
Jaén,2006,6,5912.0
Jaén,2006,7,5489.0
Jaén,2006,8,6923.0
Jaén,2006,9,8379.0
Jaén,2006,10,7421.0
Jaén,2006,11,5055.0
Jaén,2006,12,3482.0
Jaén,2007,1,4390.0
Jaén,2007,2,3634.0
Jaén,2007,3,8010.0
Jaén,2007,4,7188.0
Jaén,2007,5,9740.0
Jaén,2007,6,7085.0
Jaén,2007,7,6396.0
Jaén,2007,8,6506.0
Jaén,2007,9,8172.0
Jaén,2007,10,8197.0
Jaén,2007,11,5343.0
Jaén,2007,12,3394.0
Jaén,2008,1,2516.0
Jaén,2008,2,3539.0
Jaén,2008,3,5400.0
Jaén,2008,4,6863.0
Jaén,2008,5,8238.0
Jaén,2008,6,6550.0
Jaén,2008,7,5428.0
Jaén,2008,8,5876.0
Jaén,2008,9,7324.0
Jaén,2008,10,6043.0
Jaén,2008,11,4092.0
Jaén,2008,12,2569.0
Jaén,2009,1,2446.0
Jaén,2009,2,3232.0
Jaén,2009,3,5381.0
Jaén,2009,4,7326.0
Jaén,2009,5,8190.0
Jaén,2009,6,5353.0
Jaén,2009,7,5582.0
Jaén,2009,8,5716.0
Jaén,2009,9,5909.0
Jaén,2009,10,5000.0
Jaén,2009,11,3194.0
Jaén,2009,12,2715.0
Jaén,2010,1,1788.0
Jaén,2010,2,2334.0
Jaén,2010,3,4303.0
Jaén,2010,4,6907.0
Jaén,2010,5,8376.0
Jaén,2010,6,6319.0
Jaén,2010,7,5206.0
Jaén,2010,8,6556.0
Jaén,2010,9,6563.0
Jaén,2010,10,7097.0
Jaén,2010,11,3794.0
Jaén,2010,12,3133.0
Jaén,2011,1,2084.0
Jaén,2011,2,2822.0
Jaén,2011,3,5038.0
Jaén,2011,4,8369.0
Jaén,2011,5,10422.0
Jaén,2011,6,6761.0
Jaén,2011,7,5088.0
Jaén,2011,8,5608.0
Jaén,2011,9,8226.0
Jaén,2011,10,6688.0
Jaén,2011,11,3686.0
Jaén,2011,12,2840.0
Jaén,2012,1,2954.0
Jaén,2012,2,2903.0
Jaén,2012,3,4594.0
Jaén,2012,4,6969.0
Jaén,2012,5,8076.0
Jaén,2012,6,6286.0
Jaén,2012,7,5383.0
Jaén,2012,8,5829.0
Jaén,2012,9,8556.0
Jaén,2012,10,7075.0
Jaén,2012,11,3328.0
Jaén,2012,12,3341.0
Jaén,2013,1,1464.0
Jaén,2013,2,2919.0
Jaén,2013,3,4853.0
Jaén,2013,4,7448.0
Jaén,2013,5,9448.0
Jaén,2013,6,5814.0
Jaén,2013,7,4905.0
Jaén,2013,8,6656.0
Jaén,2013,9,8249.0
Jaén,2013,10,6813.0
Jaén,2013,11,4114.0
Jaén,2013,12,3161.0
Jaén,2014,1,2736.0
Jaén,2014,2,2209.0
Jaén,2014,3,4915.0
Jaén,2014,4,7365.0
Jaén,2014,5,10271.0
Jaén,2014,6,6072.0
Jaén,2014,7,4767.0
Jaén,2014,8,7290.0
Jaén,2014,9,7668.0
Jaén,2014,10,6841.0
Jaén,2014,11,3719.0
Jaén,2014,12,3106.0
Jaén,2015,1,2014.0
Jaén,2015,2,2766.0
Jaén,2015,3,3646.0
Jaén,2015,4,6305.0
Jaén,2015,5,12986.0
Jaén,2015,6,5969.0
Jaén,2015,7,5991.0
Jaén,2015,8,8862.0
Jaén,2015,9,8940.0
Jaén,2015,10,9303.0
Jaén,2015,11,4335.0
Jaén,2015,12,4395.0
Jaén,2016,1,2335.0
Jaén,2016,2,3646.0
Jaén,2016,3,5178.0
Jaén,2016,4,7944.0
Jaén,2016,5,11661.0
Jaén,2016,6,6946.0
Jaén,2016,7,7035.0
Jaén,2016,8,8045.0
Jaén,2016,9,10760.0
Jaén,2016,10,8323.0
Jaén,2016,11,4662.0
Jaén,2016,12,3540.0
Jaén,2017,1,3181.0
Jaén,2017,2,3009.0
Jaén,2017,3,6330.0
Jaén,2017,4,8957.0
Jaén,2017,5,12871.0
Jaén,2017,6,7181.0
Jaén,2017,7,6876.0
Jaén,2017,8,7851.0
Jaén,2017,9,11024.0
Jaén,2017,10,8622.0
Jaén,2017,11,4465.0
Jaén,2017,12,3152.0
Jaén,2018,1,3272.0
Jaén,2018,2,3743.0
Jaén,2018,3,4442.0
Jaén,2018,4,7794.0
Jaén,2018,5,10278.0
Jaén,2018,6,6630.0
Jaén,2018,7,6427.0
Jaén,2018,8,7117.0
Jaén,2018,9,9148.0
Jaén,2018,10,6951.0
Jaén,2018,11,4227.0
Jaén,2018,12,3189.0
Jaén,2019,1,2470.0
Jaén,2019,2,2821.0
Jaén,2019,3,4671.0
Jaén,2019,4,7615.0
Jaén,2019,5,10302.0
Jaén,2019,6,6253.0
Jaén,2019,7,6018.0
Jaén,2019,8,7571.0
Jaén,2019,9,9631.0
Jaén,2019,10,7401.0
Jaén,2019,11,4091.0
Jaén,2019,12,3624.0
Jaén,2020,1,3077.0
Jaén,2020,2,3497.0
Jaén,2020,3,1424.0
Jaén,2020,4,0.0
Jaén,2020,5,53.0
Jaén,2020,6,412.0
Jaén,2020,7,1912.0
Jaén,2020,8,1991.0
Jaén,2020,9,1417.0
Jaén,2020,10,1383.0
Jaén,2020,11,464.0
Jaén,2020,12,651.0
Jaén,2021,1,631.0
Jaén,2021,2,419.0
Jaén,2021,3,672.0
Jaén,2021,4,624.0
Jaén,2021,5,2159.0
Jaén,2021,6,1787.0
Jaén,2021,7,2266.0
Jaén,2021,8,3789.0
Jaén,2021,9,4355.0
Jaén,2021,10,5328.0
Jaén,2021,11,3142.0
Jaén,2021,12,2364.0
Jaén,2022,1,2093.0
Jaén,2022,2,2511.0
Jaén,2022,3,3539.0
Jaén,2022,4,5269.0
Jaén,2022,5,7100.0
Jaén,2022,6,5760.0
Jaén,2022,7,5399.0
Jaén,2022,8,6509.0
Jaén,2022,9,7743.0
Jaén,2022,10,6433.0
Jaén,2022,11,4334.0
Jaén,2022,12,3342.0
Jaén,2023,1,3134.0
Jaén,2023,2,3854.0
Jaén,2023,3,5127.0
Jaén,2023,4,6518.0
Jaén,2023,5,7372.0
Jaén,2023,6,5084.0
Jaén,2023,7,5766.0
Jaén,2023,8,6614.0
Jaén,2023,9,8059.0
Jaén,2023,10,7323.0
Jaén,2023,11,4779.0
Jaén,2023,12,3432.0
Jaén,2024,1,3358.0
Jaén,2024,2,3985.0
Jaén,2024,3,5798.0
Jaén,2024,4,7825.0
Jaén,2024,5,9191.0
Jaén,2024,6,5695.0
Jaén,2024,7,6226.0
Jaén,2024,8,8033.0
Jaén,2024,9,8419.0
Jaén,2024,10,8504.0
Jaén,2024,11,5419.0
Jaén,2024,12,3185.0
Jaén,2025,1,2710.0
Jaén,2025,2,3608.0
Jaén,2025,3,4544.0
Jaén,2025,4,7476.0
Jaén,2025,5,9749.0
Jaén,2025,6,5757.0
Jaén,2025,7,6313.0
Jaén,2025,8,7217.0
Jaén,2025,9,7751.0
La Rioja,1999,1,983.0
La Rioja,1999,2,1804.0
La Rioja,1999,3,2639.0
La Rioja,1999,4,5441.0
La Rioja,1999,5,8911.0
La Rioja,1999,6,7472.0
La Rioja,1999,7,7315.0
La Rioja,1999,8,7132.0
La Rioja,1999,9,8739.0
La Rioja,1999,10,7097.0
La Rioja,1999,11,2560.0
La Rioja,1999,12,1312.0
La Rioja,2000,1,1711.0
La Rioja,2000,2,2903.0
La Rioja,2000,3,2980.0
La Rioja,2000,4,6064.0
La Rioja,2000,5,8984.0
La Rioja,2000,6,8474.0
La Rioja,2000,7,9519.0
La Rioja,2000,8,7593.0
La Rioja,2000,9,9113.0
La Rioja,2000,10,8016.0
La Rioja,2000,11,3900.0
La Rioja,2000,12,1728.0
La Rioja,2001,1,1405.0
La Rioja,2001,2,2024.0
La Rioja,2001,3,2562.0
La Rioja,2001,4,5323.0
La Rioja,2001,5,9545.0
La Rioja,2001,6,7214.0
La Rioja,2001,7,7528.0
La Rioja,2001,8,6238.0
La Rioja,2001,9,8647.0
La Rioja,2001,10,6006.0
La Rioja,2001,11,2997.0
La Rioja,2001,12,1469.0
La Rioja,2002,1,1763.0
La Rioja,2002,2,2136.0
La Rioja,2002,3,3049.0
La Rioja,2002,4,5097.0
La Rioja,2002,5,10436.0
La Rioja,2002,6,7207.0
La Rioja,2002,7,8352.0
La Rioja,2002,8,8693.0
La Rioja,2002,9,9245.0
La Rioja,2002,10,6443.0
La Rioja,2002,11,2636.0
La Rioja,2002,12,1605.0
La Rioja,2003,1,2357.0
La Rioja,2003,2,2013.0
La Rioja,2003,3,4196.0
La Rioja,2003,4,6044.0
La Rioja,2003,5,8539.0
La Rioja,2003,6,7895.0
La Rioja,2003,7,8226.0
La Rioja,2003,8,8157.0
La Rioja,2003,9,10491.0
La Rioja,2003,10,7366.0
La Rioja,2003,11,2752.0
La Rioja,2003,12,1227.0
La Rioja,2004,1,2153.0
La Rioja,2004,2,2375.0
La Rioja,2004,3,3181.0
La Rioja,2004,4,5672.0
La Rioja,2004,5,9445.0
La Rioja,2004,6,6949.0
La Rioja,2004,7,7341.0
La Rioja,2004,8,6969.0
La Rioja,2004,9,9469.0
La Rioja,2004,10,6718.0
La Rioja,2004,11,3077.0
La Rioja,2004,12,2416.0
La Rioja,2005,1,1907.0
La Rioja,2005,2,2455.0
La Rioja,2005,3,2901.0
La Rioja,2005,4,5504.0
La Rioja,2005,5,9549.0
La Rioja,2005,6,8733.0
La Rioja,2005,7,7238.0
La Rioja,2005,8,6828.0
La Rioja,2005,9,12099.0
La Rioja,2005,10,7821.0
La Rioja,2005,11,3379.0
La Rioja,2005,12,1832.0
La Rioja,2006,1,2183.0
La Rioja,2006,2,2883.0
La Rioja,2006,3,4077.0
La Rioja,2006,4,5655.0
La Rioja,2006,5,11138.0
La Rioja,2006,6,7961.0
La Rioja,2006,7,7385.0
La Rioja,2006,8,8034.0
La Rioja,2006,9,11847.0
La Rioja,2006,10,8133.0
La Rioja,2006,11,3430.0
La Rioja,2006,12,2097.0
La Rioja,2007,1,3326.0
La Rioja,2007,2,3338.0
La Rioja,2007,3,4151.0
La Rioja,2007,4,7038.0
La Rioja,2007,5,12849.0
La Rioja,2007,6,8134.0
La Rioja,2007,7,7046.0
La Rioja,2007,8,6914.0
La Rioja,2007,9,12260.0
La Rioja,2007,10,7960.0
La Rioja,2007,11,4124.0
La Rioja,2007,12,2705.0
La Rioja,2008,1,2498.0
La Rioja,2008,2,2782.0
La Rioja,2008,3,3893.0
La Rioja,2008,4,6568.0
La Rioja,2008,5,13684.0
La Rioja,2008,6,9258.0
La Rioja,2008,7,7817.0
La Rioja,2008,8,9064.0
La Rioja,2008,9,13279.0
La Rioja,2008,10,7460.0
La Rioja,2008,11,3514.0
La Rioja,2008,12,1872.0
La Rioja,2009,1,2257.0
La Rioja,2009,2,3577.0
La Rioja,2009,3,3747.0
La Rioja,2009,4,8302.0
La Rioja,2009,5,13126.0
La Rioja,2009,6,8264.0
La Rioja,2009,7,7744.0
La Rioja,2009,8,7935.0
La Rioja,2009,9,12280.0
La Rioja,2009,10,8153.0
La Rioja,2009,11,2841.0
La Rioja,2009,12,2074.0
La Rioja,2010,1,1906.0
La Rioja,2010,2,3362.0
La Rioja,2010,3,3288.0
La Rioja,2010,4,8104.0
La Rioja,2010,5,12367.0
La Rioja,2010,6,10319.0
La Rioja,2010,7,8877.0
La Rioja,2010,8,8067.0
La Rioja,2010,9,14201.0
La Rioja,2010,10,9009.0
La Rioja,2010,11,3643.0
La Rioja,2010,12,2031.0
La Rioja,2011,1,2653.0
La Rioja,2011,2,2749.0
La Rioja,2011,3,3625.0
La Rioja,2011,4,7763.0
La Rioja,2011,5,15657.0
La Rioja,2011,6,10166.0
La Rioja,2011,7,8775.0
La Rioja,2011,8,8668.0
La Rioja,2011,9,14003.0
La Rioja,2011,10,8032.0
La Rioja,2011,11,3478.0
La Rioja,2011,12,2146.0
La Rioja,2012,1,2256.0
La Rioja,2012,2,2198.0
La Rioja,2012,3,3598.0
La Rioja,2012,4,7352.0
La Rioja,2012,5,14681.0
La Rioja,2012,6,9236.0
La Rioja,2012,7,8556.0
La Rioja,2012,8,7918.0
La Rioja,2012,9,14150.0
La Rioja,2012,10,9348.0
La Rioja,2012,11,3905.0
La Rioja,2012,12,2421.0
La Rioja,2013,1,2157.0
La Rioja,2013,2,2564.0
La Rioja,2013,3,4269.0
La Rioja,2013,4,8312.0
La Rioja,2013,5,12137.0
La Rioja,2013,6,11116.0
La Rioja,2013,7,8388.0
La Rioja,2013,8,8450.0
La Rioja,2013,9,15651.0
La Rioja,2013,10,8913.0
La Rioja,2013,11,3859.0
La Rioja,2013,12,2565.0
La Rioja,2014,1,3027.0
La Rioja,2014,2,3022.0
La Rioja,2014,3,3767.0
La Rioja,2014,4,8021.0
La Rioja,2014,5,15192.0
La Rioja,2014,6,12525.0
La Rioja,2014,7,9557.0
La Rioja,2014,8,9630.0
La Rioja,2014,9,19076.0
La Rioja,2014,10,10363.0
La Rioja,2014,11,4330.0
La Rioja,2014,12,2683.0
La Rioja,2015,1,2922.0
La Rioja,2015,2,2856.0
La Rioja,2015,3,4136.0
La Rioja,2015,4,10668.0
La Rioja,2015,5,16046.0
La Rioja,2015,6,13472.0
La Rioja,2015,7,11405.0
La Rioja,2015,8,10094.0
La Rioja,2015,9,19616.0
La Rioja,2015,10,11417.0
La Rioja,2015,11,4693.0
La Rioja,2015,12,2806.0
La Rioja,2016,1,2836.0
La Rioja,2016,2,3204.0
La Rioja,2016,3,4302.0
La Rioja,2016,4,9354.0
La Rioja,2016,5,17034.0
La Rioja,2016,6,13717.0
La Rioja,2016,7,13584.0
La Rioja,2016,8,11790.0
La Rioja,2016,9,19778.0
La Rioja,2016,10,11564.0
La Rioja,2016,11,4583.0
La Rioja,2016,12,2964.0
La Rioja,2017,1,2844.0
La Rioja,2017,2,2908.0
La Rioja,2017,3,4852.0
La Rioja,2017,4,10775.0
La Rioja,2017,5,16683.0
La Rioja,2017,6,13926.0
La Rioja,2017,7,11268.0
La Rioja,2017,8,11299.0
La Rioja,2017,9,18790.0
La Rioja,2017,10,10238.0
La Rioja,2017,11,4829.0
La Rioja,2017,12,2817.0
La Rioja,2018,1,3029.0
La Rioja,2018,2,3131.0
La Rioja,2018,3,5347.0
La Rioja,2018,4,9925.0
La Rioja,2018,5,17083.0
La Rioja,2018,6,13659.0
La Rioja,2018,7,10798.0
La Rioja,2018,8,11892.0
La Rioja,2018,9,20547.0
La Rioja,2018,10,11482.0
La Rioja,2018,11,4709.0
La Rioja,2018,12,3035.0
La Rioja,2019,1,2904.0
La Rioja,2019,2,3277.0
La Rioja,2019,3,4809.0
La Rioja,2019,4,11560.0
La Rioja,2019,5,19390.0
La Rioja,2019,6,14027.0
La Rioja,2019,7,11777.0
La Rioja,2019,8,12727.0
La Rioja,2019,9,21183.0
La Rioja,2019,10,13909.0
La Rioja,2019,11,5879.0
La Rioja,2019,12,3295.0
La Rioja,2020,1,3331.0
La Rioja,2020,2,4201.0
La Rioja,2020,3,1450.0
La Rioja,2020,4,0.0
La Rioja,2020,5,34.0
La Rioja,2020,6,636.0
La Rioja,2020,7,3450.0
La Rioja,2020,8,3365.0
La Rioja,2020,9,2585.0
La Rioja,2020,10,1931.0
La Rioja,2020,11,662.0
La Rioja,2020,12,857.0
La Rioja,2021,1,487.0
La Rioja,2021,2,453.0
La Rioja,2021,3,929.0
La Rioja,2021,4,1050.0
La Rioja,2021,5,1881.0
La Rioja,2021,6,3725.0
La Rioja,2021,7,5986.0
La Rioja,2021,8,9234.0
La Rioja,2021,9,12728.0
La Rioja,2021,10,9545.0
La Rioja,2021,11,3909.0
La Rioja,2021,12,3132.0
La Rioja,2022,1,2273.0
La Rioja,2022,2,3264.0
La Rioja,2022,3,5222.0
La Rioja,2022,4,10381.0
La Rioja,2022,5,16442.0
La Rioja,2022,6,13543.0
La Rioja,2022,7,11233.0
La Rioja,2022,8,13168.0
La Rioja,2022,9,17525.0
La Rioja,2022,10,11233.0
La Rioja,2022,11,4994.0
La Rioja,2022,12,3326.0
La Rioja,2023,1,2393.0
La Rioja,2023,2,3126.0
La Rioja,2023,3,4429.0
La Rioja,2023,4,11551.0
La Rioja,2023,5,18588.0
La Rioja,2023,6,13850.0
La Rioja,2023,7,11454.0
La Rioja,2023,8,14330.0
La Rioja,2023,9,19977.0
La Rioja,2023,10,13371.0
La Rioja,2023,11,5268.0
La Rioja,2023,12,3288.0
La Rioja,2024,1,3585.0
La Rioja,2024,2,4106.0
La Rioja,2024,3,6307.0
La Rioja,2024,4,14338.0
La Rioja,2024,5,21812.0
La Rioja,2024,6,15142.0
La Rioja,2024,7,13620.0
La Rioja,2024,8,13894.0
La Rioja,2024,9,22685.0
La Rioja,2024,10,14265.0
La Rioja,2024,11,6008.0
La Rioja,2024,12,3506.0
La Rioja,2025,1,3803.0
La Rioja,2025,2,3919.0
La Rioja,2025,3,5669.0
La Rioja,2025,4,13269.0
La Rioja,2025,5,22305.0
La Rioja,2025,6,18164.0
La Rioja,2025,7,15742.0
La Rioja,2025,8,18217.0
La Rioja,2025,9,26034.0
Las Palmas,1999,1,176169.0
Las Palmas,1999,2,171643.0
Las Palmas,1999,3,200947.0
Las Palmas,1999,4,159473.0
Las Palmas,1999,5,156045.0
Las Palmas,1999,6,153312.0
Las Palmas,1999,7,163351.0
Las Palmas,1999,8,165434.0
Las Palmas,1999,9,153872.0
Las Palmas,1999,10,184692.0
Las Palmas,1999,11,174738.0
Las Palmas,1999,12,133572.0
Las Palmas,2000,1,157717.0
Las Palmas,2000,2,161879.0
Las Palmas,2000,3,187457.0
Las Palmas,2000,4,174649.0
Las Palmas,2000,5,144032.0
Las Palmas,2000,6,157511.0
Las Palmas,2000,7,151960.0
Las Palmas,2000,8,160343.0
Las Palmas,2000,9,156119.0
Las Palmas,2000,10,184043.0
Las Palmas,2000,11,177907.0
Las Palmas,2000,12,159983.0
Las Palmas,2001,1,162111.0
Las Palmas,2001,2,161367.0
Las Palmas,2001,3,170535.0
Las Palmas,2001,4,155435.0
Las Palmas,2001,5,145169.0
Las Palmas,2001,6,128421.0
Las Palmas,2001,7,136481.0
Las Palmas,2001,8,147657.0
Las Palmas,2001,9,140597.0
Las Palmas,2001,10,165024.0
Las Palmas,2001,11,163910.0
Las Palmas,2001,12,153532.0
Las Palmas,2002,1,146746.0
Las Palmas,2002,2,155699.0
Las Palmas,2002,3,172686.0
Las Palmas,2002,4,138360.0
Las Palmas,2002,5,119002.0
Las Palmas,2002,6,122750.0
Las Palmas,2002,7,127184.0
Las Palmas,2002,8,137772.0
Las Palmas,2002,9,126045.0
Las Palmas,2002,10,151617.0
Las Palmas,2002,11,154140.0
Las Palmas,2002,12,145331.0
Las Palmas,2003,1,157570.0
Las Palmas,2003,2,144972.0
Las Palmas,2003,3,170016.0
Las Palmas,2003,4,149887.0
Las Palmas,2003,5,127934.0
Las Palmas,2003,6,119914.0
Las Palmas,2003,7,128606.0
Las Palmas,2003,8,136138.0
Las Palmas,2003,9,123168.0
Las Palmas,2003,10,153140.0
Las Palmas,2003,11,133006.0
Las Palmas,2003,12,133633.0
Las Palmas,2004,1,137270.0
Las Palmas,2004,2,142979.0
Las Palmas,2004,3,161645.0
Las Palmas,2004,4,135945.0
Las Palmas,2004,5,121455.0
Las Palmas,2004,6,110028.0
Las Palmas,2004,7,132269.0
Las Palmas,2004,8,139292.0
Las Palmas,2004,9,124409.0
Las Palmas,2004,10,151832.0
Las Palmas,2004,11,142798.0
Las Palmas,2004,12,129325.0
Las Palmas,2005,1,141985.0
Las Palmas,2005,2,135581.0
Las Palmas,2005,3,147462.0
Las Palmas,2005,4,122835.0
Las Palmas,2005,5,106859.0
Las Palmas,2005,6,107667.0
Las Palmas,2005,7,133031.0
Las Palmas,2005,8,136478.0
Las Palmas,2005,9,127874.0
Las Palmas,2005,10,153227.0
Las Palmas,2005,11,148831.0
Las Palmas,2005,12,126286.0
Las Palmas,2006,1,192277.0
Las Palmas,2006,2,193698.0
Las Palmas,2006,3,231726.0
Las Palmas,2006,4,235367.0
Las Palmas,2006,5,209146.0
Las Palmas,2006,6,195824.0
Las Palmas,2006,7,233773.0
Las Palmas,2006,8,222540.0
Las Palmas,2006,9,207278.0
Las Palmas,2006,10,235395.0
Las Palmas,2006,11,230973.0
Las Palmas,2006,12,200635.0
Las Palmas,2007,1,214036.0
Las Palmas,2007,2,210271.0
Las Palmas,2007,3,266455.0
Las Palmas,2007,4,240013.0
Las Palmas,2007,5,189288.0
Las Palmas,2007,6,209146.0
Las Palmas,2007,7,231063.0
Las Palmas,2007,8,210249.0
Las Palmas,2007,9,211550.0
Las Palmas,2007,10,250775.0
Las Palmas,2007,11,242000.0
Las Palmas,2007,12,247279.0
Las Palmas,2008,1,235245.0
Las Palmas,2008,2,236681.0
Las Palmas,2008,3,274354.0
Las Palmas,2008,4,238705.0
Las Palmas,2008,5,220359.0
Las Palmas,2008,6,216427.0
Las Palmas,2008,7,240688.0
Las Palmas,2008,8,216399.0
Las Palmas,2008,9,216063.0
Las Palmas,2008,10,244723.0
Las Palmas,2008,11,246292.0
Las Palmas,2008,12,236257.0
Las Palmas,2009,1,201644.0
Las Palmas,2009,2,184151.0
Las Palmas,2009,3,235336.0
Las Palmas,2009,4,200706.0
Las Palmas,2009,5,165501.0
Las Palmas,2009,6,192085.0
Las Palmas,2009,7,206504.0
Las Palmas,2009,8,187508.0
Las Palmas,2009,9,183164.0
Las Palmas,2009,10,220164.0
Las Palmas,2009,11,237589.0
Las Palmas,2009,12,224094.0
Las Palmas,2010,1,217848.0
Las Palmas,2010,2,223835.0
Las Palmas,2010,3,248416.0
Las Palmas,2010,4,228609.0
Las Palmas,2010,5,184398.0
Las Palmas,2010,6,185322.0
Las Palmas,2010,7,246433.0
Las Palmas,2010,8,237172.0
Las Palmas,2010,9,239439.0
Las Palmas,2010,10,270316.0
Las Palmas,2010,11,287820.0
Las Palmas,2010,12,260436.0
Las Palmas,2011,1,277773.0
Las Palmas,2011,2,309121.0
Las Palmas,2011,3,338491.0
Las Palmas,2011,4,306844.0
Las Palmas,2011,5,235921.0
Las Palmas,2011,6,238375.0
Las Palmas,2011,7,300015.0
Las Palmas,2011,8,289713.0
Las Palmas,2011,9,260857.0
Las Palmas,2011,10,311014.0
Las Palmas,2011,11,296073.0
Las Palmas,2011,12,270692.0
Las Palmas,2012,1,286173.0
Las Palmas,2012,2,290350.0
Las Palmas,2012,3,303536.0
Las Palmas,2012,4,251232.0
Las Palmas,2012,5,227136.0
Las Palmas,2012,6,242187.0
Las Palmas,2012,7,300696.0
Las Palmas,2012,8,291336.0
Las Palmas,2012,9,259161.0
Las Palmas,2012,10,322635.0
Las Palmas,2012,11,286784.0
Las Palmas,2012,12,293561.0
Las Palmas,2013,1,277567.0
Las Palmas,2013,2,284452.0
Las Palmas,2013,3,331910.0
Las Palmas,2013,4,261514.0
Las Palmas,2013,5,245200.0
Las Palmas,2013,6,267155.0
Las Palmas,2013,7,306563.0
Las Palmas,2013,8,292906.0
Las Palmas,2013,9,285609.0
Las Palmas,2013,10,339266.0
Las Palmas,2013,11,339044.0
Las Palmas,2013,12,315862.0
Las Palmas,2014,1,324798.0
Las Palmas,2014,2,327828.0
Las Palmas,2014,3,401228.0
Las Palmas,2014,4,323647.0
Las Palmas,2014,5,275743.0
Las Palmas,2014,6,292346.0
Las Palmas,2014,7,329719.0
Las Palmas,2014,8,340956.0
Las Palmas,2014,9,302369.0
Las Palmas,2014,10,361823.0
Las Palmas,2014,11,350412.0
Las Palmas,2014,12,326605.0
Las Palmas,2015,1,340870.0
Las Palmas,2015,2,333334.0
Las Palmas,2015,3,365655.0
Las Palmas,2015,4,327952.0
Las Palmas,2015,5,312231.0
Las Palmas,2015,6,302841.0
Las Palmas,2015,7,351083.0
Las Palmas,2015,8,364080.0
Las Palmas,2015,9,327184.0
Las Palmas,2015,10,395430.0
Las Palmas,2015,11,375519.0
Las Palmas,2015,12,361282.0
Las Palmas,2016,1,373038.0
Las Palmas,2016,2,388201.0
Las Palmas,2016,3,412173.0
Las Palmas,2016,4,386444.0
Las Palmas,2016,5,350920.0
Las Palmas,2016,6,356962.0
Las Palmas,2016,7,403076.0
Las Palmas,2016,8,399516.0
Las Palmas,2016,9,350171.0
Las Palmas,2016,10,443054.0
Las Palmas,2016,11,382383.0
Las Palmas,2016,12,387722.0
Las Palmas,2017,1,392847.0
Las Palmas,2017,2,398049.0
Las Palmas,2017,3,429184.0
Las Palmas,2017,4,438736.0
Las Palmas,2017,5,365269.0
Las Palmas,2017,6,384504.0
Las Palmas,2017,7,440035.0
Las Palmas,2017,8,422383.0
Las Palmas,2017,9,405639.0
Las Palmas,2017,10,469583.0
Las Palmas,2017,11,406283.0
Las Palmas,2017,12,404490.0
Las Palmas,2018,1,400798.0
Las Palmas,2018,2,410837.0
Las Palmas,2018,3,452820.0
Las Palmas,2018,4,398917.0
Las Palmas,2018,5,364111.0
Las Palmas,2018,6,371985.0
Las Palmas,2018,7,410128.0
Las Palmas,2018,8,399516.0
Las Palmas,2018,9,375219.0
Las Palmas,2018,10,443753.0
Las Palmas,2018,11,381776.0
Las Palmas,2018,12,383645.0
Las Palmas,2019,1,379888.0
Las Palmas,2019,2,379827.0
Las Palmas,2019,3,428440.0
Las Palmas,2019,4,397078.0
Las Palmas,2019,5,336415.0
Las Palmas,2019,6,351019.0
Las Palmas,2019,7,379233.0
Las Palmas,2019,8,367361.0
Las Palmas,2019,9,333552.0
Las Palmas,2019,10,402558.0
Las Palmas,2019,11,372728.0
Las Palmas,2019,12,372199.0
Las Palmas,2020,1,369812.0
Las Palmas,2020,2,420264.0
Las Palmas,2020,3,178491.0
Las Palmas,2020,4,0.0
Las Palmas,2020,5,231.0
Las Palmas,2020,6,1264.0
Las Palmas,2020,7,68017.0
Las Palmas,2020,8,92967.0
Las Palmas,2020,9,25754.0
Las Palmas,2020,10,42024.0
Las Palmas,2020,11,52083.0
Las Palmas,2020,12,64394.0
Las Palmas,2021,1,28751.0
Las Palmas,2021,2,19578.0
Las Palmas,2021,3,29938.0
Las Palmas,2021,4,33400.0
Las Palmas,2021,5,49815.0
Las Palmas,2021,6,88317.0
Las Palmas,2021,7,167453.0
Las Palmas,2021,8,231111.0
Las Palmas,2021,9,235277.0
Las Palmas,2021,10,392785.0
Las Palmas,2021,11,357111.0
Las Palmas,2021,12,308739.0
Las Palmas,2022,1,259184.0
Las Palmas,2022,2,340660.0
Las Palmas,2022,3,394383.0
Las Palmas,2022,4,398435.0
Las Palmas,2022,5,339220.0
Las Palmas,2022,6,345581.0
Las Palmas,2022,7,401861.0
Las Palmas,2022,8,411778.0
Las Palmas,2022,9,355596.0
Las Palmas,2022,10,442136.0
Las Palmas,2022,11,398047.0
Las Palmas,2022,12,427039.0
Las Palmas,2023,1,400758.0
Las Palmas,2023,2,426140.0
Las Palmas,2023,3,449486.0
Las Palmas,2023,4,424621.0
Las Palmas,2023,5,369015.0
Las Palmas,2023,6,372925.0
Las Palmas,2023,7,418798.0
Las Palmas,2023,8,413645.0
Las Palmas,2023,9,385746.0
Las Palmas,2023,10,473419.0
Las Palmas,2023,11,436474.0
Las Palmas,2023,12,441882.0
Las Palmas,2024,1,444751.0
Las Palmas,2024,2,471508.0
Las Palmas,2024,3,503686.0
Las Palmas,2024,4,443095.0
Las Palmas,2024,5,385327.0
Las Palmas,2024,6,391360.0
Las Palmas,2024,7,410831.0
Las Palmas,2024,8,425445.0
Las Palmas,2024,9,391845.0
Las Palmas,2024,10,477152.0
Las Palmas,2024,11,459283.0
Las Palmas,2024,12,446804.0
Las Palmas,2025,1,460928.0
Las Palmas,2025,2,475209.0
Las Palmas,2025,3,494581.0
Las Palmas,2025,4,451068.0
Las Palmas,2025,5,384571.0
Las Palmas,2025,6,394807.0
Las Palmas,2025,7,435925.0
Las Palmas,2025,8,443529.0
Las Palmas,2025,9,395584.0
León,1999,1,620.0
León,1999,2,1783.0
León,1999,3,2763.0
León,1999,4,5962.0
León,1999,5,11272.0
León,1999,6,9722.0
León,1999,7,11908.0
León,1999,8,11085.0
León,1999,9,13069.0
León,1999,10,8034.0
León,1999,11,1680.0
León,1999,12,2237.0
León,2000,1,1042.0
León,2000,2,1555.0
León,2000,3,2632.0
León,2000,4,6964.0
León,2000,5,11188.0
León,2000,6,12470.0
León,2000,7,10950.0
León,2000,8,14067.0
León,2000,9,13918.0
León,2000,10,10934.0
León,2000,11,2541.0
León,2000,12,2296.0
León,2001,1,1166.0
León,2001,2,1249.0
León,2001,3,3884.0
León,2001,4,6385.0
León,2001,5,10349.0
León,2001,6,13010.0
León,2001,7,11156.0
León,2001,8,11947.0
León,2001,9,12864.0
León,2001,10,6493.0
León,2001,11,2533.0
León,2001,12,2207.0
León,2002,1,1583.0
León,2002,2,2078.0
León,2002,3,3229.0
León,2002,4,8164.0
León,2002,5,13276.0
León,2002,6,13233.0
León,2002,7,12625.0
León,2002,8,14353.0
León,2002,9,12426.0
León,2002,10,8928.0
León,2002,11,2408.0
León,2002,12,2296.0
León,2003,1,1635.0
León,2003,2,1356.0
León,2003,3,2165.0
León,2003,4,6124.0
León,2003,5,13077.0
León,2003,6,10794.0
León,2003,7,10834.0
León,2003,8,12805.0
León,2003,9,13796.0
León,2003,10,9053.0
León,2003,11,2628.0
León,2003,12,2361.0
León,2004,1,1830.0
León,2004,2,2267.0
León,2004,3,3118.0
León,2004,4,9625.0
León,2004,5,14076.0
León,2004,6,15378.0
León,2004,7,11646.0
León,2004,8,13549.0
León,2004,9,13667.0
León,2004,10,11660.0
León,2004,11,4108.0
León,2004,12,2106.0
León,2005,1,988.0
León,2005,2,1871.0
León,2005,3,3611.0
León,2005,4,7866.0
León,2005,5,16356.0
León,2005,6,14269.0
León,2005,7,12424.0
León,2005,8,15662.0
León,2005,9,15672.0
León,2005,10,10657.0
León,2005,11,3786.0
León,2005,12,2609.0
León,2006,1,1481.0
León,2006,2,2188.0
León,2006,3,4090.0
León,2006,4,8543.0
León,2006,5,14954.0
León,2006,6,12630.0
León,2006,7,12245.0
León,2006,8,15184.0
León,2006,9,17965.0
León,2006,10,10027.0
León,2006,11,3159.0
León,2006,12,2817.0
León,2007,1,2843.0
León,2007,2,3476.0
León,2007,3,5024.0
León,2007,4,11794.0
León,2007,5,21542.0
León,2007,6,19968.0
León,2007,7,14374.0
León,2007,8,17149.0
León,2007,9,21363.0
León,2007,10,11839.0
León,2007,11,4642.0
León,2007,12,3062.0
León,2008,1,2554.0
León,2008,2,3326.0
León,2008,3,5337.0
León,2008,4,11709.0
León,2008,5,24730.0
León,2008,6,16493.0
León,2008,7,13182.0
León,2008,8,13703.0
León,2008,9,17083.0
León,2008,10,9838.0
León,2008,11,4412.0
León,2008,12,2645.0
León,2009,1,2563.0
León,2009,2,2552.0
León,2009,3,4044.0
León,2009,4,9232.0
León,2009,5,17949.0
León,2009,6,16180.0
León,2009,7,10978.0
León,2009,8,13560.0
León,2009,9,17203.0
León,2009,10,7954.0
León,2009,11,3684.0
León,2009,12,3656.0
León,2010,1,1889.0
León,2010,2,2696.0
León,2010,3,4526.0
León,2010,4,8613.0
León,2010,5,21410.0
León,2010,6,16406.0
León,2010,7,13134.0
León,2010,8,15671.0
León,2010,9,19972.0
León,2010,10,9483.0
León,2010,11,4678.0
León,2010,12,2605.0
León,2011,1,1811.0
León,2011,2,2096.0
León,2011,3,5285.0
León,2011,4,8015.0
León,2011,5,18704.0
León,2011,6,16243.0
León,2011,7,13526.0
León,2011,8,16043.0
León,2011,9,19154.0
León,2011,10,11227.0
León,2011,11,3607.0
León,2011,12,2507.0
León,2012,1,2094.0
León,2012,2,3321.0
León,2012,3,4918.0
León,2012,4,10804.0
León,2012,5,21059.0
León,2012,6,18665.0
León,2012,7,14080.0
León,2012,8,14326.0
León,2012,9,23067.0
León,2012,10,13646.0
León,2012,11,4515.0
León,2012,12,2457.0
León,2013,1,1906.0
León,2013,2,2505.0
León,2013,3,4972.0
León,2013,4,12844.0
León,2013,5,26940.0
León,2013,6,18880.0
León,2013,7,16024.0
León,2013,8,18220.0
León,2013,9,24486.0
León,2013,10,14149.0
León,2013,11,3953.0
León,2013,12,2295.0
León,2014,1,1695.0
León,2014,2,1985.0
León,2014,3,3859.0
León,2014,4,12074.0
León,2014,5,25536.0
León,2014,6,22985.0
León,2014,7,17897.0
León,2014,8,22300.0
León,2014,9,28066.0
León,2014,10,16417.0
León,2014,11,4013.0
León,2014,12,3590.0
León,2015,1,2740.0
León,2015,2,2949.0
León,2015,3,4445.0
León,2015,4,11786.0
León,2015,5,29644.0
León,2015,6,22031.0
León,2015,7,17099.0
León,2015,8,21308.0
León,2015,9,26813.0
León,2015,10,17778.0
León,2015,11,4377.0
León,2015,12,3701.0
León,2016,1,2593.0
León,2016,2,2731.0
León,2016,3,5831.0
León,2016,4,13579.0
León,2016,5,32132.0
León,2016,6,25376.0
León,2016,7,20999.0
León,2016,8,24461.0
León,2016,9,32002.0
León,2016,10,18701.0
León,2016,11,4329.0
León,2016,12,3266.0
León,2017,1,2653.0
León,2017,2,3037.0
León,2017,3,4228.0
León,2017,4,12606.0
León,2017,5,28397.0
León,2017,6,21304.0
León,2017,7,18513.0
León,2017,8,19332.0
León,2017,9,27737.0
León,2017,10,16635.0
León,2017,11,4343.0
León,2017,12,3494.0
León,2018,1,2602.0
León,2018,2,2482.0
León,2018,3,5230.0
León,2018,4,13925.0
León,2018,5,28427.0
León,2018,6,20938.0
León,2018,7,18596.0
León,2018,8,23654.0
León,2018,9,32495.0
León,2018,10,21166.0
León,2018,11,4290.0
León,2018,12,2655.0
León,2019,1,2361.0
León,2019,2,2889.0
León,2019,3,5882.0
León,2019,4,14546.0
León,2019,5,28601.0
León,2019,6,27144.0
León,2019,7,17350.0
León,2019,8,21990.0
León,2019,9,29544.0
León,2019,10,22030.0
León,2019,11,6039.0
León,2019,12,3352.0
León,2020,1,3296.0
León,2020,2,3759.0
León,2020,3,1177.0
León,2020,4,0.0
León,2020,7,2814.0
León,2020,8,4090.0
León,2020,9,2926.0
León,2020,10,2132.0
León,2020,11,1170.0
León,2020,12,1024.0
León,2021,1,694.0
León,2021,2,541.0
León,2021,3,1192.0
León,2021,4,965.0
León,2021,5,2141.0
León,2021,6,4283.0
León,2021,7,8321.0
León,2021,8,10597.0
León,2021,9,15875.0
León,2021,10,12438.0
León,2021,11,4920.0
León,2021,12,2962.0
León,2022,1,2339.0
León,2022,2,2837.0
León,2022,3,4767.0
León,2022,4,14238.0
León,2022,5,29475.0
León,2022,6,25345.0
León,2022,7,18213.0
León,2022,8,20310.0
León,2022,9,27767.0
León,2022,10,20706.0
León,2022,11,5068.0
León,2022,12,2822.0
León,2023,1,2970.0
León,2023,2,4136.0
León,2023,3,7384.0
León,2023,4,16720.0
León,2023,5,29470.0
León,2023,6,25103.0
León,2023,7,17955.0
León,2023,8,22870.0
León,2023,9,35188.0
León,2023,10,22021.0
León,2023,11,5285.0
León,2023,12,4290.0
León,2024,1,3352.0
León,2024,2,4019.0
León,2024,3,7828.0
León,2024,4,19691.0
León,2024,5,37792.0
León,2024,6,28786.0
León,2024,7,16981.0
León,2024,8,22402.0
León,2024,9,33959.0
León,2024,10,23288.0
León,2024,11,6098.0
León,2024,12,4550.0
León,2025,1,3923.0
León,2025,2,4528.0
León,2025,3,7451.0
León,2025,4,18456.0
León,2025,5,37391.0
León,2025,6,29776.0
León,2025,7,20330.0
León,2025,8,21379.0
León,2025,9,30953.0
Lleida,1999,1,4124.0
Lleida,1999,2,9157.0
Lleida,1999,3,6350.0
Lleida,1999,4,6166.0
Lleida,1999,5,7409.0
Lleida,1999,6,7677.0
Lleida,1999,7,11887.0
Lleida,1999,8,13283.0
Lleida,1999,9,11832.0
Lleida,1999,10,5500.0
Lleida,1999,11,2892.0
Lleida,1999,12,3325.0
Lleida,2000,1,4740.0
Lleida,2000,2,8506.0
Lleida,2000,3,5715.0
Lleida,2000,4,6510.0
Lleida,2000,5,7087.0
Lleida,2000,6,10411.0
Lleida,2000,7,12608.0
Lleida,2000,8,12836.0
Lleida,2000,9,11983.0
Lleida,2000,10,8094.0
Lleida,2000,11,2459.0
Lleida,2000,12,3442.0
Lleida,2001,1,6858.0
Lleida,2001,2,10487.0
Lleida,2001,3,8305.0
Lleida,2001,4,7086.0
Lleida,2001,5,8582.0
Lleida,2001,6,11211.0
Lleida,2001,7,13800.0
Lleida,2001,8,17284.0
Lleida,2001,9,10264.0
Lleida,2001,10,6794.0
Lleida,2001,11,3548.0
Lleida,2001,12,4107.0
Lleida,2002,1,7759.0
Lleida,2002,2,10426.0
Lleida,2002,3,8662.0
Lleida,2002,4,5547.0
Lleida,2002,5,7999.0
Lleida,2002,6,8832.0
Lleida,2002,7,14119.0
Lleida,2002,8,16848.0
Lleida,2002,9,11745.0
Lleida,2002,10,7040.0
Lleida,2002,11,3279.0
Lleida,2002,12,4304.0
Lleida,2003,1,5150.0
Lleida,2003,2,7950.0
Lleida,2003,3,9825.0
Lleida,2003,4,4621.0
Lleida,2003,5,6148.0
Lleida,2003,6,10082.0
Lleida,2003,7,12652.0
Lleida,2003,8,12176.0
Lleida,2003,9,9592.0
Lleida,2003,10,6654.0
Lleida,2003,11,2806.0
Lleida,2003,12,3328.0
Lleida,2004,1,5831.0
Lleida,2004,2,10640.0
Lleida,2004,3,8369.0
Lleida,2004,4,6357.0
Lleida,2004,5,8680.0
Lleida,2004,6,10259.0
Lleida,2004,7,12257.0
Lleida,2004,8,13530.0
Lleida,2004,9,9712.0
Lleida,2004,10,7060.0
Lleida,2004,11,3408.0
Lleida,2004,12,4514.0
Lleida,2005,1,7487.0
Lleida,2005,2,12476.0
Lleida,2005,3,10772.0
Lleida,2005,4,6851.0
Lleida,2005,5,10396.0
Lleida,2005,6,9927.0
Lleida,2005,7,12830.0
Lleida,2005,8,14200.0
Lleida,2005,9,12184.0
Lleida,2005,10,8105.0
Lleida,2005,11,3870.0
Lleida,2005,12,4841.0
Lleida,2006,1,8547.0
Lleida,2006,2,13903.0
Lleida,2006,3,11345.0
Lleida,2006,4,8488.0
Lleida,2006,5,7546.0
Lleida,2006,6,10158.0
Lleida,2006,7,14935.0
Lleida,2006,8,12810.0
Lleida,2006,9,12365.0
Lleida,2006,10,7621.0
Lleida,2006,11,4793.0
Lleida,2006,12,6285.0
Lleida,2007,1,7719.0
Lleida,2007,2,13735.0
Lleida,2007,3,9554.0
Lleida,2007,4,8810.0
Lleida,2007,5,10605.0
Lleida,2007,6,11939.0
Lleida,2007,7,13192.0
Lleida,2007,8,16047.0
Lleida,2007,9,13470.0
Lleida,2007,10,9113.0
Lleida,2007,11,5689.0
Lleida,2007,12,5567.0
Lleida,2008,1,9173.0
Lleida,2008,2,10904.0
Lleida,2008,3,11603.0
Lleida,2008,4,6974.0
Lleida,2008,5,9645.0
Lleida,2008,6,11216.0
Lleida,2008,7,13864.0
Lleida,2008,8,15844.0
Lleida,2008,9,14799.0
Lleida,2008,10,6547.0
Lleida,2008,11,4446.0
Lleida,2008,12,5571.0
Lleida,2009,1,7803.0
Lleida,2009,2,13130.0
Lleida,2009,3,8828.0
Lleida,2009,4,6532.0
Lleida,2009,5,8677.0
Lleida,2009,6,9179.0
Lleida,2009,7,11007.0
Lleida,2009,8,12158.0
Lleida,2009,9,10058.0
Lleida,2009,10,8625.0
Lleida,2009,11,4571.0
Lleida,2009,12,6149.0
Lleida,2010,1,8556.0
Lleida,2010,2,13740.0
Lleida,2010,3,9949.0
Lleida,2010,4,5965.0
Lleida,2010,5,10032.0
Lleida,2010,6,9792.0
Lleida,2010,7,13936.0
Lleida,2010,8,14161.0
Lleida,2010,9,12506.0
Lleida,2010,10,6359.0
Lleida,2010,11,4300.0
Lleida,2010,12,6585.0
Lleida,2011,1,7716.0
Lleida,2011,2,12401.0
Lleida,2011,3,10437.0
Lleida,2011,4,8047.0
Lleida,2011,5,9315.0
Lleida,2011,6,11092.0
Lleida,2011,7,15256.0
Lleida,2011,8,12973.0
Lleida,2011,9,11456.0
Lleida,2011,10,7350.0
Lleida,2011,11,3570.0
Lleida,2011,12,5223.0
Lleida,2012,1,8707.0
Lleida,2012,2,16723.0
Lleida,2012,3,10436.0
Lleida,2012,4,6161.0
Lleida,2012,5,9311.0
Lleida,2012,6,11151.0
Lleida,2012,7,17035.0
Lleida,2012,8,14496.0
Lleida,2012,9,12112.0
Lleida,2012,10,5182.0
Lleida,2012,11,3997.0
Lleida,2012,12,7745.0
Lleida,2013,1,8799.0
Lleida,2013,2,12280.0
Lleida,2013,3,15667.0
Lleida,2013,4,5027.0
Lleida,2013,5,6961.0
Lleida,2013,6,10290.0
Lleida,2013,7,12778.0
Lleida,2013,8,13800.0
Lleida,2013,9,12310.0
Lleida,2013,10,7137.0
Lleida,2013,11,4673.0
Lleida,2013,12,8191.0
Lleida,2014,1,8179.0
Lleida,2014,2,13749.0
Lleida,2014,3,13108.0
Lleida,2014,4,5541.0
Lleida,2014,5,9931.0
Lleida,2014,6,11752.0
Lleida,2014,7,13898.0
Lleida,2014,8,16013.0
Lleida,2014,9,12848.0
Lleida,2014,10,7701.0
Lleida,2014,11,3354.0
Lleida,2014,12,8196.0
Lleida,2015,1,8797.0
Lleida,2015,2,14393.0
Lleida,2015,3,14278.0
Lleida,2015,4,6459.0
Lleida,2015,5,9295.0
Lleida,2015,6,10866.0
Lleida,2015,7,13068.0
Lleida,2015,8,16094.0
Lleida,2015,9,14147.0
Lleida,2015,10,10586.0
Lleida,2015,11,4838.0
Lleida,2015,12,6802.0
Lleida,2016,1,11138.0
Lleida,2016,2,15214.0
Lleida,2016,3,15449.0
Lleida,2016,4,6456.0
Lleida,2016,5,9081.0
Lleida,2016,6,13487.0
Lleida,2016,7,17184.0
Lleida,2016,8,14847.0
Lleida,2016,9,13266.0
Lleida,2016,10,9569.0
Lleida,2016,11,4065.0
Lleida,2016,12,6605.0
Lleida,2017,1,10258.0
Lleida,2017,2,17112.0
Lleida,2017,3,13212.0
Lleida,2017,4,9109.0
Lleida,2017,5,11084.0
Lleida,2017,6,12569.0
Lleida,2017,7,16027.0
Lleida,2017,8,19410.0
Lleida,2017,9,16580.0
Lleida,2017,10,9851.0
Lleida,2017,11,4355.0
Lleida,2017,12,7971.0
Lleida,2018,1,14075.0
Lleida,2018,2,20661.0
Lleida,2018,3,17258.0
Lleida,2018,4,9228.0
Lleida,2018,5,11274.0
Lleida,2018,6,14727.0
Lleida,2018,7,16947.0
Lleida,2018,8,19428.0
Lleida,2018,9,20350.0
Lleida,2018,10,9387.0
Lleida,2018,11,6601.0
Lleida,2018,12,9478.0
Lleida,2019,1,12660.0
Lleida,2019,2,19056.0
Lleida,2019,3,20176.0
Lleida,2019,4,8871.0
Lleida,2019,5,12015.0
Lleida,2019,6,16131.0
Lleida,2019,7,17458.0
Lleida,2019,8,20229.0
Lleida,2019,9,17006.0
Lleida,2019,10,11910.0
Lleida,2019,11,6314.0
Lleida,2019,12,10735.0
Lleida,2020,1,13340.0
Lleida,2020,2,20383.0
Lleida,2020,3,8107.0
Lleida,2020,4,0.0
Lleida,2020,5,14.0
Lleida,2020,6,1031.0
Lleida,2020,7,5840.0
Lleida,2020,8,5138.0
Lleida,2020,9,4024.0
Lleida,2020,10,2557.0
Lleida,2020,11,613.0
Lleida,2020,12,1965.0
Lleida,2021,1,2486.0
Lleida,2021,2,1389.0
Lleida,2021,3,2374.0
Lleida,2021,4,1648.0
Lleida,2021,5,2788.0
Lleida,2021,6,5270.0
Lleida,2021,7,10632.0
Lleida,2021,8,12194.0
Lleida,2021,9,11002.0
Lleida,2021,10,8955.0
Lleida,2021,11,4472.0
Lleida,2021,12,10825.0
Lleida,2022,1,12311.0
Lleida,2022,2,20327.0
Lleida,2022,3,14420.0
Lleida,2022,4,9229.0
Lleida,2022,5,9915.0
Lleida,2022,6,12814.0
Lleida,2022,7,19315.0
Lleida,2022,8,19904.0
Lleida,2022,9,15293.0
Lleida,2022,10,10273.0
Lleida,2022,11,5949.0
Lleida,2022,12,9918.0
Lleida,2023,1,15062.0
Lleida,2023,2,20270.0
Lleida,2023,3,16068.0
Lleida,2023,4,10895.0
Lleida,2023,5,14968.0
Lleida,2023,6,15575.0
Lleida,2023,7,22209.0
Lleida,2023,8,23914.0
Lleida,2023,9,21035.0
Lleida,2023,10,12037.0
Lleida,2023,11,6705.0
Lleida,2023,12,10927.0
Lleida,2024,1,16721.0
Lleida,2024,2,23272.0
Lleida,2024,3,17803.0
Lleida,2024,4,9625.0
Lleida,2024,5,15866.0
Lleida,2024,6,18383.0
Lleida,2024,7,21580.0
Lleida,2024,8,22607.0
Lleida,2024,9,20599.0
Lleida,2024,10,12853.0
Lleida,2024,11,8550.0
Lleida,2024,12,13074.0
Lleida,2025,1,16304.0
Lleida,2025,2,19571.0
Lleida,2025,3,19156.0
Lleida,2025,4,13628.0
Lleida,2025,5,15810.0
Lleida,2025,6,18145.0
Lleida,2025,7,21413.0
Lleida,2025,8,23402.0
Lleida,2025,9,19580.0
Lugo,1999,1,409.0
Lugo,1999,2,560.0
Lugo,1999,3,841.0
Lugo,1999,4,3884.0
Lugo,1999,5,3576.0
Lugo,1999,6,4389.0
Lugo,1999,7,5576.0
Lugo,1999,8,5880.0
Lugo,1999,9,5348.0
Lugo,1999,10,4104.0
Lugo,1999,11,1334.0
Lugo,1999,12,911.0
Lugo,2000,1,869.0
Lugo,2000,2,882.0
Lugo,2000,3,1738.0
Lugo,2000,4,1821.0
Lugo,2000,5,3376.0
Lugo,2000,6,5294.0
Lugo,2000,7,5381.0
Lugo,2000,8,5576.0
Lugo,2000,9,7016.0
Lugo,2000,10,3469.0
Lugo,2000,11,1603.0
Lugo,2000,12,2087.0
Lugo,2001,1,586.0
Lugo,2001,2,1004.0
Lugo,2001,3,1253.0
Lugo,2001,4,2136.0
Lugo,2001,5,4349.0
Lugo,2001,6,5431.0
Lugo,2001,7,5950.0
Lugo,2001,8,6925.0
Lugo,2001,9,6781.0
Lugo,2001,10,3019.0
Lugo,2001,11,1358.0
Lugo,2001,12,1000.0
Lugo,2002,1,729.0
Lugo,2002,2,873.0
Lugo,2002,3,1361.0
Lugo,2002,4,2500.0
Lugo,2002,5,4296.0
Lugo,2002,6,6118.0
Lugo,2002,7,4499.0
Lugo,2002,8,5949.0
Lugo,2002,9,4844.0
Lugo,2002,10,2604.0
Lugo,2002,11,833.0
Lugo,2002,12,913.0
Lugo,2003,1,728.0
Lugo,2003,2,823.0
Lugo,2003,3,1837.0
Lugo,2003,4,2691.0
Lugo,2003,5,4288.0
Lugo,2003,6,4544.0
Lugo,2003,7,4544.0
Lugo,2003,8,6083.0
Lugo,2003,9,5942.0
Lugo,2003,10,3248.0
Lugo,2003,11,1419.0
Lugo,2003,12,886.0
Lugo,2004,1,623.0
Lugo,2004,2,924.0
Lugo,2004,3,936.0
Lugo,2004,4,4025.0
Lugo,2004,5,7116.0
Lugo,2004,6,7346.0
Lugo,2004,7,6522.0
Lugo,2004,8,9407.0
Lugo,2004,9,8516.0
Lugo,2004,10,6010.0
Lugo,2004,11,1880.0
Lugo,2004,12,992.0
Lugo,2005,1,618.0
Lugo,2005,2,1124.0
Lugo,2005,3,1941.0
Lugo,2005,4,3837.0
Lugo,2005,5,6216.0
Lugo,2005,6,8720.0
Lugo,2005,7,7316.0
Lugo,2005,8,9437.0
Lugo,2005,9,8580.0
Lugo,2005,10,5900.0
Lugo,2005,11,1215.0
Lugo,2005,12,1124.0
Lugo,2006,1,1357.0
Lugo,2006,2,1305.0
Lugo,2006,3,1540.0
Lugo,2006,4,5358.0
Lugo,2006,5,8117.0
Lugo,2006,6,7678.0
Lugo,2006,7,8412.0
Lugo,2006,8,12019.0
Lugo,2006,9,11157.0
Lugo,2006,10,6170.0
Lugo,2006,11,2197.0
Lugo,2006,12,1483.0
Lugo,2007,1,1218.0
Lugo,2007,2,1483.0
Lugo,2007,3,2464.0
Lugo,2007,4,6913.0
Lugo,2007,5,12275.0
Lugo,2007,6,13173.0
Lugo,2007,7,10742.0
Lugo,2007,8,14045.0
Lugo,2007,9,12283.0
Lugo,2007,10,7452.0
Lugo,2007,11,2839.0
Lugo,2007,12,1887.0
Lugo,2008,1,1902.0
Lugo,2008,2,1535.0
Lugo,2008,3,3428.0
Lugo,2008,4,7344.0
Lugo,2008,5,16181.0
Lugo,2008,6,13938.0
Lugo,2008,7,14210.0
Lugo,2008,8,13902.0
Lugo,2008,9,16718.0
Lugo,2008,10,9839.0
Lugo,2008,11,2081.0
Lugo,2008,12,1916.0
Lugo,2009,1,1495.0
Lugo,2009,2,1860.0
Lugo,2009,3,1910.0
Lugo,2009,4,8091.0
Lugo,2009,5,15198.0
Lugo,2009,6,13624.0
Lugo,2009,7,11486.0
Lugo,2009,8,14024.0
Lugo,2009,9,14394.0
Lugo,2009,10,8846.0
Lugo,2009,11,2235.0
Lugo,2009,12,2041.0
Lugo,2010,1,1240.0
Lugo,2010,2,1453.0
Lugo,2010,3,3042.0
Lugo,2010,4,7713.0
Lugo,2010,5,20209.0
Lugo,2010,6,16163.0
Lugo,2010,7,15300.0
Lugo,2010,8,17344.0
Lugo,2010,9,17660.0
Lugo,2010,10,9936.0
Lugo,2010,11,2094.0
Lugo,2010,12,1560.0
Lugo,2011,1,1346.0
Lugo,2011,2,1346.0
Lugo,2011,3,2570.0
Lugo,2011,4,7202.0
Lugo,2011,5,16928.0
Lugo,2011,6,18916.0
Lugo,2011,7,17394.0
Lugo,2011,8,18888.0
Lugo,2011,9,18683.0
Lugo,2011,10,10854.0
Lugo,2011,11,1246.0
Lugo,2011,12,990.0
Lugo,2012,1,1127.0
Lugo,2012,2,1047.0
Lugo,2012,3,2442.0
Lugo,2012,4,8332.0
Lugo,2012,5,20722.0
Lugo,2012,6,17283.0
Lugo,2012,7,16221.0
Lugo,2012,8,16257.0
Lugo,2012,9,21395.0
Lugo,2012,10,12153.0
Lugo,2012,11,2501.0
Lugo,2012,12,990.0
Lugo,2013,1,980.0
Lugo,2013,2,888.0
Lugo,2013,3,4374.0
Lugo,2013,4,10852.0
Lugo,2013,5,23645.0
Lugo,2013,6,21578.0
Lugo,2013,7,16596.0
Lugo,2013,8,18683.0
Lugo,2013,9,22915.0
Lugo,2013,10,12309.0
Lugo,2013,11,2281.0
Lugo,2013,12,1815.0
Lugo,2014,1,1142.0
Lugo,2014,2,1350.0
Lugo,2014,3,2175.0
Lugo,2014,4,14146.0
Lugo,2014,5,33166.0
Lugo,2014,6,26460.0
Lugo,2014,7,22461.0
Lugo,2014,8,27449.0
Lugo,2014,9,31085.0
Lugo,2014,10,16616.0
Lugo,2014,11,3586.0
Lugo,2014,12,1747.0
Lugo,2015,1,1205.0
Lugo,2015,2,1407.0
Lugo,2015,3,4120.0
Lugo,2015,4,13824.0
Lugo,2015,5,33900.0
Lugo,2015,6,31818.0
Lugo,2015,7,25987.0
Lugo,2015,8,30182.0
Lugo,2015,9,33759.0
Lugo,2015,10,21368.0
Lugo,2015,11,4247.0
Lugo,2015,12,1778.0
Lugo,2016,1,1700.0
Lugo,2016,2,1644.0
Lugo,2016,3,5807.0
Lugo,2016,4,13682.0
Lugo,2016,5,36752.0
Lugo,2016,6,32217.0
Lugo,2016,7,22672.0
Lugo,2016,8,26951.0
Lugo,2016,9,37025.0
Lugo,2016,10,21057.0
Lugo,2016,11,3352.0
Lugo,2016,12,2525.0
Lugo,2017,1,1280.0
Lugo,2017,2,1510.0
Lugo,2017,3,2584.0
Lugo,2017,4,18022.0
Lugo,2017,5,33087.0
Lugo,2017,6,28728.0
Lugo,2017,7,27975.0
Lugo,2017,8,26558.0
Lugo,2017,9,36622.0
Lugo,2017,10,22378.0
Lugo,2017,11,3095.0
Lugo,2017,12,1784.0
Lugo,2018,1,1463.0
Lugo,2018,2,1387.0
Lugo,2018,3,6294.0
Lugo,2018,4,9247.0
Lugo,2018,5,24753.0
Lugo,2018,6,19708.0
Lugo,2018,7,14375.0
Lugo,2018,8,16056.0
Lugo,2018,9,24828.0
Lugo,2018,10,15098.0
Lugo,2018,11,2345.0
Lugo,2018,12,2067.0
Lugo,2019,1,1441.0
Lugo,2019,2,1723.0
Lugo,2019,3,3544.0
Lugo,2019,4,16125.0
Lugo,2019,5,26670.0
Lugo,2019,6,24886.0
Lugo,2019,7,18434.0
Lugo,2019,8,19447.0
Lugo,2019,9,31119.0
Lugo,2019,10,22334.0
Lugo,2019,11,2209.0
Lugo,2019,12,1746.0
Lugo,2020,1,1516.0
Lugo,2020,2,1998.0
Lugo,2020,3,1324.0
Lugo,2020,4,0.0
Lugo,2020,5,80.0
Lugo,2020,6,358.0
Lugo,2020,7,2037.0
Lugo,2020,8,3836.0
Lugo,2020,9,2456.0
Lugo,2020,10,1538.0
Lugo,2020,11,517.0
Lugo,2020,12,414.0
Lugo,2021,1,472.0
Lugo,2021,2,357.0
Lugo,2021,3,611.0
Lugo,2021,4,709.0
Lugo,2021,5,2105.0
Lugo,2021,6,4033.0
Lugo,2021,7,8789.0
Lugo,2021,8,10047.0
Lugo,2021,9,14884.0
Lugo,2021,10,12560.0
Lugo,2021,11,3302.0
Lugo,2021,12,1389.0
Lugo,2022,1,1028.0
Lugo,2022,2,1652.0
Lugo,2022,3,4318.0
Lugo,2022,4,12083.0
Lugo,2022,5,25110.0
Lugo,2022,6,24760.0
Lugo,2022,7,19315.0
Lugo,2022,8,17783.0
Lugo,2022,9,32015.0
Lugo,2022,10,21110.0
Lugo,2022,11,4270.0
Lugo,2022,12,2013.0
Lugo,2023,1,1948.0
Lugo,2023,2,2024.0
Lugo,2023,3,5860.0
Lugo,2023,4,18348.0
Lugo,2023,5,35698.0
Lugo,2023,6,29543.0
Lugo,2023,7,19468.0
Lugo,2023,8,20431.0
Lugo,2023,9,37343.0
Lugo,2023,10,24304.0
Lugo,2023,11,4678.0
Lugo,2023,12,2598.0
Lugo,2024,1,1746.0
Lugo,2024,2,2403.0
Lugo,2024,3,8191.0
Lugo,2024,4,23696.0
Lugo,2024,5,39527.0
Lugo,2024,6,29218.0
Lugo,2024,7,22543.0
Lugo,2024,8,22266.0
Lugo,2024,9,41248.0
Lugo,2024,10,28937.0
Lugo,2024,11,4343.0
Lugo,2024,12,2241.0
Lugo,2025,1,2061.0
Lugo,2025,2,2385.0
Lugo,2025,3,6340.0
Lugo,2025,4,26088.0
Lugo,2025,5,44524.0
Lugo,2025,6,38620.0
Lugo,2025,7,22993.0
Lugo,2025,8,22114.0
Lugo,2025,9,46349.0
Madrid,1999,1,135249.0
Madrid,1999,2,143482.0
Madrid,1999,3,202238.0
Madrid,1999,4,235220.0
Madrid,1999,5,240492.0
Madrid,1999,6,229149.0
Madrid,1999,7,224516.0
Madrid,1999,8,211584.0
Madrid,1999,9,250119.0
Madrid,1999,10,264444.0
Madrid,1999,11,199853.0
Madrid,1999,12,148915.0
Madrid,2000,1,152317.0
Madrid,2000,2,177375.0
Madrid,2000,3,235085.0
Madrid,2000,4,262190.0
Madrid,2000,5,269685.0
Madrid,2000,6,263498.0
Madrid,2000,7,249238.0
Madrid,2000,8,235529.0
Madrid,2000,9,272688.0
Madrid,2000,10,279293.0
Madrid,2000,11,200523.0
Madrid,2000,12,163102.0
Madrid,2001,1,168303.0
Madrid,2001,2,164951.0
Madrid,2001,3,225089.0
Madrid,2001,4,245942.0
Madrid,2001,5,244680.0
Madrid,2001,6,246253.0
Madrid,2001,7,236549.0
Madrid,2001,8,220207.0
Madrid,2001,9,229697.0
Madrid,2001,10,217403.0
Madrid,2001,11,170248.0
Madrid,2001,12,143579.0
Madrid,2002,1,143347.0
Madrid,2002,2,158504.0
Madrid,2002,3,200731.0
Madrid,2002,4,222524.0
Madrid,2002,5,229299.0
Madrid,2002,6,236742.0
Madrid,2002,7,224869.0
Madrid,2002,8,205812.0
Madrid,2002,9,250703.0
Madrid,2002,10,259358.0
Madrid,2002,11,185039.0
Madrid,2002,12,155925.0
Madrid,2003,1,154080.0
Madrid,2003,2,162467.0
Madrid,2003,3,209417.0
Madrid,2003,4,210266.0
Madrid,2003,5,223701.0
Madrid,2003,6,228481.0
Madrid,2003,7,221702.0
Madrid,2003,8,198619.0
Madrid,2003,9,228508.0
Madrid,2003,10,251250.0
Madrid,2003,11,216146.0
Madrid,2003,12,178257.0
Madrid,2004,1,171684.0
Madrid,2004,2,194468.0
Madrid,2004,3,222073.0
Madrid,2004,4,224789.0
Madrid,2004,5,253552.0
Madrid,2004,6,240185.0
Madrid,2004,7,224623.0
Madrid,2004,8,204770.0
Madrid,2004,9,252580.0
Madrid,2004,10,263175.0
Madrid,2004,11,216951.0
Madrid,2004,12,169531.0
Madrid,2005,1,179015.0
Madrid,2005,2,202871.0
Madrid,2005,3,238563.0
Madrid,2005,4,236203.0
Madrid,2005,5,269452.0
Madrid,2005,6,269030.0
Madrid,2005,7,249965.0
Madrid,2005,8,219333.0
Madrid,2005,9,283025.0
Madrid,2005,10,308020.0
Madrid,2005,11,249152.0
Madrid,2005,12,203810.0
Madrid,2006,1,196045.0
Madrid,2006,2,222224.0
Madrid,2006,3,267060.0
Madrid,2006,4,312924.0
Madrid,2006,5,328172.0
Madrid,2006,6,327691.0
Madrid,2006,7,298088.0
Madrid,2006,8,255502.0
Madrid,2006,9,316198.0
Madrid,2006,10,352150.0
Madrid,2006,11,285408.0
Madrid,2006,12,257742.0
Madrid,2007,1,232182.0
Madrid,2007,2,268295.0
Madrid,2007,3,315641.0
Madrid,2007,4,334470.0
Madrid,2007,5,350533.0
Madrid,2007,6,353072.0
Madrid,2007,7,335285.0
Madrid,2007,8,291638.0
Madrid,2007,9,359990.0
Madrid,2007,10,382080.0
Madrid,2007,11,315293.0
Madrid,2007,12,273375.0
Madrid,2008,1,251322.0
Madrid,2008,2,289820.0
Madrid,2008,3,336975.0
Madrid,2008,4,344835.0
Madrid,2008,5,377901.0
Madrid,2008,6,351077.0
Madrid,2008,7,358950.0
Madrid,2008,8,297316.0
Madrid,2008,9,352337.0
Madrid,2008,10,347739.0
Madrid,2008,11,253950.0
Madrid,2008,12,243468.0
Madrid,2009,1,236189.0
Madrid,2009,2,239659.0
Madrid,2009,3,292217.0
Madrid,2009,4,319978.0
Madrid,2009,5,353782.0
Madrid,2009,6,322614.0
Madrid,2009,7,326042.0
Madrid,2009,8,285019.0
Madrid,2009,9,347720.0
Madrid,2009,10,395538.0
Madrid,2009,11,276394.0
Madrid,2009,12,257682.0
Madrid,2010,1,250933.0
Madrid,2010,2,266221.0
Madrid,2010,3,339831.0
Madrid,2010,4,375453.0
Madrid,2010,5,457811.0
Madrid,2010,6,383170.0
Madrid,2010,7,390648.0
Madrid,2010,8,321676.0
Madrid,2010,9,419304.0
Madrid,2010,10,455562.0
Madrid,2010,11,346203.0
Madrid,2010,12,296421.0
Madrid,2011,1,269402.0
Madrid,2011,2,279135.0
Madrid,2011,3,368336.0
Madrid,2011,4,430560.0
Madrid,2011,5,459282.0
Madrid,2011,6,444045.0
Madrid,2011,7,443331.0
Madrid,2011,8,406135.0
Madrid,2011,9,449140.0
Madrid,2011,10,469760.0
Madrid,2011,11,351820.0
Madrid,2011,12,298522.0
Madrid,2012,1,265116.0
Madrid,2012,2,285835.0
Madrid,2012,3,339750.0
Madrid,2012,4,393651.0
Madrid,2012,5,407295.0
Madrid,2012,6,414193.0
Madrid,2012,7,422172.0
Madrid,2012,8,353562.0
Madrid,2012,9,412826.0
Madrid,2012,10,432430.0
Madrid,2012,11,316239.0
Madrid,2012,12,254433.0
Madrid,2013,1,240349.0
Madrid,2013,2,261143.0
Madrid,2013,3,321579.0
Madrid,2013,4,347967.0
Madrid,2013,5,393704.0
Madrid,2013,6,396213.0
Madrid,2013,7,370284.0
Madrid,2013,8,323804.0
Madrid,2013,9,397527.0
Madrid,2013,10,421186.0
Madrid,2013,11,301501.0
Madrid,2013,12,269055.0
Madrid,2014,1,263473.0
Madrid,2014,2,266492.0
Madrid,2014,3,363715.0
Madrid,2014,4,388093.0
Madrid,2014,5,460145.0
Madrid,2014,6,408147.0
Madrid,2014,7,404667.0
Madrid,2014,8,372459.0
Madrid,2014,9,457134.0
Madrid,2014,10,473583.0
Madrid,2014,11,329820.0
Madrid,2014,12,283602.0
Madrid,2015,1,280151.0
Madrid,2015,2,301074.0
Madrid,2015,3,395713.0
Madrid,2015,4,429585.0
Madrid,2015,5,515489.0
Madrid,2015,6,441394.0
Madrid,2015,7,456587.0
Madrid,2015,8,399744.0
Madrid,2015,9,479925.0
Madrid,2015,10,546624.0
Madrid,2015,11,386045.0
Madrid,2015,12,313894.0
Madrid,2016,1,309360.0
Madrid,2016,2,347169.0
Madrid,2016,3,431885.0
Madrid,2016,4,473663.0
Madrid,2016,5,517324.0
Madrid,2016,6,490831.0
Madrid,2016,7,466648.0
Madrid,2016,8,426467.0
Madrid,2016,9,519874.0
Madrid,2016,10,527102.0
Madrid,2016,11,392514.0
Madrid,2016,12,342208.0
Madrid,2017,1,361600.0
Madrid,2017,2,374867.0
Madrid,2017,3,456020.0
Madrid,2017,4,530303.0
Madrid,2017,5,548690.0
Madrid,2017,6,536206.0
Madrid,2017,7,530222.0
Madrid,2017,8,477992.0
Madrid,2017,9,552969.0
Madrid,2017,10,568157.0
Madrid,2017,11,429502.0
Madrid,2017,12,361568.0
Madrid,2018,1,349721.0
Madrid,2018,2,375898.0
Madrid,2018,3,466030.0
Madrid,2018,4,521134.0
Madrid,2018,5,538731.0
Madrid,2018,6,553034.0
Madrid,2018,7,570828.0
Madrid,2018,8,476607.0
Madrid,2018,9,560508.0
Madrid,2018,10,602656.0
Madrid,2018,11,466508.0
Madrid,2018,12,394163.0
Madrid,2019,1,368785.0
Madrid,2019,2,393872.0
Madrid,2019,3,499689.0
Madrid,2019,4,520538.0
Madrid,2019,5,604232.0
Madrid,2019,6,595166.0
Madrid,2019,7,589400.0
Madrid,2019,8,515112.0
Madrid,2019,9,574638.0
Madrid,2019,10,610908.0
Madrid,2019,11,496122.0
Madrid,2019,12,412019.0
Madrid,2020,1,391639.0
Madrid,2020,2,391693.0
Madrid,2020,3,142457.0
Madrid,2020,4,0.0
Madrid,2020,5,3464.0
Madrid,2020,6,15175.0
Madrid,2020,7,48911.0
Madrid,2020,8,45930.0
Madrid,2020,9,46085.0
Madrid,2020,10,36739.0
Madrid,2020,11,38193.0
Madrid,2020,12,46570.0
Madrid,2021,1,46649.0
Madrid,2021,2,43405.0
Madrid,2021,3,61297.0
Madrid,2021,4,61516.0
Madrid,2021,5,97076.0
Madrid,2021,6,119886.0
Madrid,2021,7,179424.0
Madrid,2021,8,193907.0
Madrid,2021,9,256777.0
Madrid,2021,10,321023.0
Madrid,2021,11,294284.0
Madrid,2021,12,241894.0
Madrid,2022,1,182870.0
Madrid,2022,2,236771.0
Madrid,2022,3,323693.0
Madrid,2022,4,396769.0
Madrid,2022,5,460034.0
Madrid,2022,6,461468.0
Madrid,2022,7,480915.0
Madrid,2022,8,406755.0
Madrid,2022,9,498605.0
Madrid,2022,10,521538.0
Madrid,2022,11,410424.0
Madrid,2022,12,347670.0
Madrid,2023,1,355327.0
Madrid,2023,2,355868.0
Madrid,2023,3,471645.0
Madrid,2023,4,511451.0
Madrid,2023,5,549782.0
Madrid,2023,6,547220.0
Madrid,2023,7,562376.0
Madrid,2023,8,532784.0
Madrid,2023,9,586090.0
Madrid,2023,10,599205.0
Madrid,2023,11,481516.0
Madrid,2023,12,425410.0
Madrid,2024,1,405057.0
Madrid,2024,2,429164.0
Madrid,2024,3,515122.0
Madrid,2024,4,609568.0
Madrid,2024,5,648725.0
Madrid,2024,6,591215.0
Madrid,2024,7,597887.0
Madrid,2024,8,555803.0
Madrid,2024,9,633900.0
Madrid,2024,10,664949.0
Madrid,2024,11,533125.0
Madrid,2024,12,451778.0
Madrid,2025,1,446807.0
Madrid,2025,2,439035.0
Madrid,2025,3,546916.0
Madrid,2025,4,618054.0
Madrid,2025,5,667947.0
Madrid,2025,6,636700.0
Madrid,2025,7,651345.0
Madrid,2025,8,589025.0
Madrid,2025,9,627272.0
Melilla,1999,1,329.0
Melilla,1999,2,729.0
Melilla,1999,3,618.0
Melilla,1999,4,562.0
Melilla,1999,5,474.0
Melilla,1999,6,560.0
Melilla,1999,7,721.0
Melilla,1999,8,861.0
Melilla,1999,9,981.0
Melilla,1999,10,588.0
Melilla,1999,11,527.0
Melilla,1999,12,481.0
Melilla,2000,1,389.0
Melilla,2000,2,512.0
Melilla,2000,3,578.0
Melilla,2000,4,604.0
Melilla,2000,5,543.0
Melilla,2000,6,665.0
Melilla,2000,7,650.0
Melilla,2000,8,1219.0
Melilla,2000,9,891.0
Melilla,2000,10,688.0
Melilla,2000,11,809.0
Melilla,2000,12,452.0
Melilla,2001,1,775.0
Melilla,2001,2,681.0
Melilla,2001,3,935.0
Melilla,2001,4,636.0
Melilla,2001,5,601.0
Melilla,2001,6,662.0
Melilla,2001,7,751.0
Melilla,2001,8,1268.0
Melilla,2001,9,865.0
Melilla,2001,10,475.0
Melilla,2001,11,779.0
Melilla,2001,12,405.0
Melilla,2002,1,658.0
Melilla,2002,2,480.0
Melilla,2002,3,813.0
Melilla,2002,4,820.0
Melilla,2002,5,626.0
Melilla,2002,6,510.0
Melilla,2002,7,787.0
Melilla,2002,8,1221.0
Melilla,2002,9,668.0
Melilla,2002,10,624.0
Melilla,2002,11,350.0
Melilla,2002,12,608.0
Melilla,2003,1,777.0
Melilla,2003,2,533.0
Melilla,2003,3,629.0
Melilla,2003,4,566.0
Melilla,2003,5,588.0
Melilla,2003,6,612.0
Melilla,2003,7,714.0
Melilla,2003,8,1342.0
Melilla,2003,9,960.0
Melilla,2003,10,735.0
Melilla,2003,11,355.0
Melilla,2003,12,777.0
Melilla,2004,1,675.0
Melilla,2004,2,749.0
Melilla,2004,3,679.0
Melilla,2004,4,829.0
Melilla,2004,5,757.0
Melilla,2004,6,583.0
Melilla,2004,7,618.0
Melilla,2004,8,1791.0
Melilla,2004,9,1060.0
Melilla,2004,10,724.0
Melilla,2004,11,355.0
Melilla,2004,12,814.0
Melilla,2005,1,657.0
Melilla,2005,2,876.0
Melilla,2005,3,738.0
Melilla,2005,4,739.0
Melilla,2005,5,564.0
Melilla,2005,6,716.0
Melilla,2005,7,1278.0
Melilla,2005,8,1642.0
Melilla,2005,9,1333.0
Melilla,2005,10,588.0
Melilla,2005,11,831.0
Melilla,2005,12,1057.0
Melilla,2006,1,932.0
Melilla,2006,2,753.0
Melilla,2006,3,708.0
Melilla,2006,4,932.0
Melilla,2006,5,947.0
Melilla,2006,6,608.0
Melilla,2006,7,1140.0
Melilla,2006,8,1543.0
Melilla,2006,9,791.0
Melilla,2006,10,545.0
Melilla,2006,11,816.0
Melilla,2006,12,792.0
Melilla,2007,1,1400.0
Melilla,2007,2,827.0
Melilla,2007,3,638.0
Melilla,2007,4,904.0
Melilla,2007,5,717.0
Melilla,2007,6,706.0
Melilla,2007,7,1045.0
Melilla,2007,8,1498.0
Melilla,2007,9,911.0
Melilla,2007,10,774.0
Melilla,2007,11,864.0
Melilla,2007,12,761.0
Melilla,2008,1,813.0
Melilla,2008,2,641.0
Melilla,2008,3,829.0
Melilla,2008,4,857.0
Melilla,2008,5,608.0
Melilla,2008,6,548.0
Melilla,2008,7,1072.0
Melilla,2008,8,1503.0
Melilla,2008,9,541.0
Melilla,2008,10,609.0
Melilla,2008,11,638.0
Melilla,2008,12,651.0
Melilla,2009,1,699.0
Melilla,2009,2,801.0
Melilla,2009,3,783.0
Melilla,2009,4,693.0
Melilla,2009,5,479.0
Melilla,2009,6,652.0
Melilla,2009,7,1112.0
Melilla,2009,8,1067.0
Melilla,2009,9,756.0
Melilla,2009,10,862.0
Melilla,2009,11,618.0
Melilla,2009,12,580.0
Melilla,2010,1,767.0
Melilla,2010,2,794.0
Melilla,2010,3,716.0
Melilla,2010,4,861.0
Melilla,2010,5,677.0
Melilla,2010,6,968.0
Melilla,2010,7,1286.0
Melilla,2010,8,858.0
Melilla,2010,9,574.0
Melilla,2010,10,655.0
Melilla,2010,11,902.0
Melilla,2010,12,994.0
Melilla,2011,1,953.0
Melilla,2011,2,588.0
Melilla,2011,3,742.0
Melilla,2011,4,737.0
Melilla,2011,5,809.0
Melilla,2011,6,1004.0
Melilla,2011,7,1424.0
Melilla,2011,8,617.0
Melilla,2011,9,997.0
Melilla,2011,10,898.0
Melilla,2011,11,972.0
Melilla,2011,12,910.0
Melilla,2012,1,769.0
Melilla,2012,2,898.0
Melilla,2012,3,912.0
Melilla,2012,4,758.0
Melilla,2012,5,858.0
Melilla,2012,6,1029.0
Melilla,2012,7,1436.0
Melilla,2012,8,1341.0
Melilla,2012,9,1735.0
Melilla,2012,10,1275.0
Melilla,2012,11,1024.0
Melilla,2012,12,1012.0
Melilla,2013,1,1183.0
Melilla,2013,2,654.0
Melilla,2013,3,853.0
Melilla,2013,4,1052.0
Melilla,2013,5,1005.0
Melilla,2013,6,1099.0
Melilla,2013,7,940.0
Melilla,2013,8,2308.0
Melilla,2013,9,1725.0
Melilla,2013,10,1260.0
Melilla,2013,11,1104.0
Melilla,2013,12,1094.0
Melilla,2014,1,1384.0
Melilla,2014,2,998.0
Melilla,2014,3,1019.0
Melilla,2014,4,1234.0
Melilla,2014,5,907.0
Melilla,2014,6,1192.0
Melilla,2014,7,792.0
Melilla,2014,8,2266.0
Melilla,2014,9,1333.0
Melilla,2014,10,1204.0
Melilla,2014,11,1361.0
Melilla,2014,12,957.0
Melilla,2015,1,1139.0
Melilla,2015,2,1256.0
Melilla,2015,3,917.0
Melilla,2015,4,1637.0
Melilla,2015,5,1147.0
Melilla,2015,6,641.0
Melilla,2015,7,1223.0
Melilla,2015,8,3067.0
Melilla,2015,9,1912.0
Melilla,2015,10,1331.0
Melilla,2015,11,1348.0
Melilla,2015,12,1159.0
Melilla,2016,1,1686.0
Melilla,2016,2,1108.0
Melilla,2016,3,1008.0
Melilla,2016,4,1235.0
Melilla,2016,5,980.0
Melilla,2016,6,766.0
Melilla,2016,7,1796.0
Melilla,2016,8,3293.0
Melilla,2016,9,1601.0
Melilla,2016,10,1091.0
Melilla,2016,11,1436.0
Melilla,2016,12,1532.0
Melilla,2017,1,1564.0
Melilla,2017,2,1199.0
Melilla,2017,3,1248.0
Melilla,2017,4,1449.0
Melilla,2017,5,1316.0
Melilla,2017,6,1085.0
Melilla,2017,7,1883.0
Melilla,2017,8,3016.0
Melilla,2017,9,2202.0
Melilla,2017,10,1585.0
Melilla,2017,11,1566.0
Melilla,2017,12,1649.0
Melilla,2018,1,1900.0
Melilla,2018,2,1140.0
Melilla,2018,3,1388.0
Melilla,2018,4,1384.0
Melilla,2018,5,1492.0
Melilla,2018,6,1537.0
Melilla,2018,7,2010.0
Melilla,2018,8,3823.0
Melilla,2018,9,2258.0
Melilla,2018,10,1651.0
Melilla,2018,11,1710.0
Melilla,2018,12,1378.0
Melilla,2019,1,1973.0
Melilla,2019,2,1310.0
Melilla,2019,3,1252.0
Melilla,2019,4,1808.0
Melilla,2019,5,893.0
Melilla,2019,6,1373.0
Melilla,2019,7,2342.0
Melilla,2019,8,4026.0
Melilla,2019,9,2358.0
Melilla,2019,10,1564.0
Melilla,2019,11,2015.0
Melilla,2019,12,1590.0
Melilla,2020,1,2212.0
Melilla,2020,2,1677.0
Melilla,2020,3,849.0
Melilla,2020,4,0.0
Melilla,2020,7,272.0
Melilla,2020,8,347.0
Melilla,2020,9,356.0
Melilla,2020,10,224.0
Melilla,2020,11,177.0
Melilla,2020,12,129.0
Melilla,2021,1,167.0
Melilla,2021,2,160.0
Melilla,2021,3,187.0
Melilla,2021,4,405.0
Melilla,2021,5,332.0
Melilla,2021,6,336.0
Melilla,2021,7,369.0
Melilla,2021,8,396.0
Melilla,2021,9,455.0
Melilla,2021,10,647.0
Melilla,2021,11,342.0
Melilla,2021,12,347.0
Melilla,2022,1,284.0
Melilla,2022,2,366.0
Melilla,2022,3,657.0
Melilla,2022,4,521.0
Melilla,2022,5,1055.0
Melilla,2022,6,616.0
Melilla,2022,7,1779.0
Melilla,2022,8,2676.0
Melilla,2022,9,987.0
Melilla,2022,10,930.0
Melilla,2022,11,790.0
Melilla,2022,12,665.0
Melilla,2023,1,886.0
Melilla,2023,2,499.0
Melilla,2023,3,779.0
Melilla,2023,4,567.0
Melilla,2023,5,787.0
Melilla,2023,6,563.0
Melilla,2023,7,1271.0
Melilla,2023,8,2561.0
Melilla,2023,9,1017.0
Melilla,2023,10,907.0
Melilla,2023,11,730.0
Melilla,2023,12,900.0
Melilla,2024,1,827.0
Melilla,2024,2,709.0
Melilla,2024,3,460.0
Melilla,2024,4,817.0
Melilla,2024,5,707.0
Melilla,2024,6,882.0
Melilla,2024,7,1155.0
Melilla,2024,8,3378.0
Melilla,2024,9,1142.0
Melilla,2024,10,951.0
Melilla,2024,11,878.0
Melilla,2024,12,1299.0
Melilla,2025,1,1337.0
Melilla,2025,2,877.0
Melilla,2025,3,490.0
Melilla,2025,4,1133.0
Melilla,2025,5,1143.0
Melilla,2025,6,1075.0
Melilla,2025,7,2151.0
Melilla,2025,8,3502.0
Melilla,2025,9,1349.0
Murcia,1999,1,5911.0
Murcia,1999,2,6103.0
Murcia,1999,3,8377.0
Murcia,1999,4,8304.0
Murcia,1999,5,11234.0
Murcia,1999,6,8528.0
Murcia,1999,7,11058.0
Murcia,1999,8,12691.0
Murcia,1999,9,10687.0
Murcia,1999,10,10664.0
Murcia,1999,11,6934.0
Murcia,1999,12,4897.0
Murcia,2000,1,5919.0
Murcia,2000,2,6757.0
Murcia,2000,3,9301.0
Murcia,2000,4,11505.0
Murcia,2000,5,11581.0
Murcia,2000,6,10182.0
Murcia,2000,7,12374.0
Murcia,2000,8,14006.0
Murcia,2000,9,11182.0
Murcia,2000,10,12570.0
Murcia,2000,11,7680.0
Murcia,2000,12,6511.0
Murcia,2001,1,7890.0
Murcia,2001,2,8753.0
Murcia,2001,3,10764.0
Murcia,2001,4,11769.0
Murcia,2001,5,12573.0
Murcia,2001,6,11623.0
Murcia,2001,7,12789.0
Murcia,2001,8,14040.0
Murcia,2001,9,11367.0
Murcia,2001,10,13447.0
Murcia,2001,11,11372.0
Murcia,2001,12,7195.0
Murcia,2002,1,7698.0
Murcia,2002,2,9149.0
Murcia,2002,3,12699.0
Murcia,2002,4,13690.0
Murcia,2002,5,14149.0
Murcia,2002,6,11687.0
Murcia,2002,7,14066.0
Murcia,2002,8,15124.0
Murcia,2002,9,15886.0
Murcia,2002,10,16547.0
Murcia,2002,11,10961.0
Murcia,2002,12,6937.0
Murcia,2003,1,10900.0
Murcia,2003,2,10238.0
Murcia,2003,3,12499.0
Murcia,2003,4,15230.0
Murcia,2003,5,16255.0
Murcia,2003,6,15087.0
Murcia,2003,7,14639.0
Murcia,2003,8,14746.0
Murcia,2003,9,16721.0
Murcia,2003,10,16003.0
Murcia,2003,11,12454.0
Murcia,2003,12,8788.0
Murcia,2004,1,11102.0
Murcia,2004,2,13786.0
Murcia,2004,3,14119.0
Murcia,2004,4,14738.0
Murcia,2004,5,18572.0
Murcia,2004,6,14046.0
Murcia,2004,7,13985.0
Murcia,2004,8,15412.0
Murcia,2004,9,15979.0
Murcia,2004,10,13237.0
Murcia,2004,11,12846.0
Murcia,2004,12,9015.0
Murcia,2005,1,10301.0
Murcia,2005,2,12051.0
Murcia,2005,3,14404.0
Murcia,2005,4,15149.0
Murcia,2005,5,15865.0
Murcia,2005,6,14477.0
Murcia,2005,7,15636.0
Murcia,2005,8,16965.0
Murcia,2005,9,17681.0
Murcia,2005,10,16167.0
Murcia,2005,11,14962.0
Murcia,2005,12,10596.0
Murcia,2006,1,14614.0
Murcia,2006,2,19306.0
Murcia,2006,3,20108.0
Murcia,2006,4,20230.0
Murcia,2006,5,19037.0
Murcia,2006,6,18244.0
Murcia,2006,7,18465.0
Murcia,2006,8,19160.0
Murcia,2006,9,20839.0
Murcia,2006,10,19609.0
Murcia,2006,11,17612.0
Murcia,2006,12,10803.0
Murcia,2007,1,11743.0
Murcia,2007,2,15887.0
Murcia,2007,3,16542.0
Murcia,2007,4,17558.0
Murcia,2007,5,16821.0
Murcia,2007,6,17546.0
Murcia,2007,7,23579.0
Murcia,2007,8,24845.0
Murcia,2007,9,19305.0
Murcia,2007,10,20494.0
Murcia,2007,11,17255.0
Murcia,2007,12,12180.0
Murcia,2008,1,12251.0
Murcia,2008,2,13988.0
Murcia,2008,3,17239.0
Murcia,2008,4,18102.0
Murcia,2008,5,21331.0
Murcia,2008,6,19336.0
Murcia,2008,7,20984.0
Murcia,2008,8,23487.0
Murcia,2008,9,20853.0
Murcia,2008,10,19221.0
Murcia,2008,11,13416.0
Murcia,2008,12,9498.0
Murcia,2009,1,10206.0
Murcia,2009,2,10587.0
Murcia,2009,3,15416.0
Murcia,2009,4,13094.0
Murcia,2009,5,14750.0
Murcia,2009,6,13756.0
Murcia,2009,7,18069.0
Murcia,2009,8,17151.0
Murcia,2009,9,16777.0
Murcia,2009,10,14634.0
Murcia,2009,11,12189.0
Murcia,2009,12,8602.0
Murcia,2010,1,9533.0
Murcia,2010,2,11940.0
Murcia,2010,3,12605.0
Murcia,2010,4,14282.0
Murcia,2010,5,15321.0
Murcia,2010,6,16640.0
Murcia,2010,7,18114.0
Murcia,2010,8,18231.0
Murcia,2010,9,17815.0
Murcia,2010,10,19185.0
Murcia,2010,11,12359.0
Murcia,2010,12,10748.0
Murcia,2011,1,11709.0
Murcia,2011,2,13081.0
Murcia,2011,3,13926.0
Murcia,2011,4,17535.0
Murcia,2011,5,18245.0
Murcia,2011,6,16983.0
Murcia,2011,7,17389.0
Murcia,2011,8,18175.0
Murcia,2011,9,17520.0
Murcia,2011,10,18862.0
Murcia,2011,11,11245.0
Murcia,2011,12,8970.0
Murcia,2012,1,10810.0
Murcia,2012,2,11452.0
Murcia,2012,3,12602.0
Murcia,2012,4,14452.0
Murcia,2012,5,15215.0
Murcia,2012,6,16589.0
Murcia,2012,7,15986.0
Murcia,2012,8,17710.0
Murcia,2012,9,19193.0
Murcia,2012,10,18788.0
Murcia,2012,11,11756.0
Murcia,2012,12,8607.0
Murcia,2013,1,9400.0
Murcia,2013,2,12472.0
Murcia,2013,3,15289.0
Murcia,2013,4,17696.0
Murcia,2013,5,18398.0
Murcia,2013,6,17490.0
Murcia,2013,7,18317.0
Murcia,2013,8,21121.0
Murcia,2013,9,22077.0
Murcia,2013,10,19515.0
Murcia,2013,11,12497.0
Murcia,2013,12,10012.0
Murcia,2014,1,11862.0
Murcia,2014,2,14880.0
Murcia,2014,3,15278.0
Murcia,2014,4,20165.0
Murcia,2014,5,21624.0
Murcia,2014,6,19233.0
Murcia,2014,7,19139.0
Murcia,2014,8,23558.0
Murcia,2014,9,25544.0
Murcia,2014,10,23729.0
Murcia,2014,11,13713.0
Murcia,2014,12,10960.0
Murcia,2015,1,11654.0
Murcia,2015,2,13664.0
Murcia,2015,3,15739.0
Murcia,2015,4,21816.0
Murcia,2015,5,23911.0
Murcia,2015,6,21190.0
Murcia,2015,7,22357.0
Murcia,2015,8,26104.0
Murcia,2015,9,23739.0
Murcia,2015,10,24744.0
Murcia,2015,11,12852.0
Murcia,2015,12,9833.0
Murcia,2016,1,14543.0
Murcia,2016,2,16480.0
Murcia,2016,3,17533.0
Murcia,2016,4,25720.0
Murcia,2016,5,26491.0
Murcia,2016,6,26441.0
Murcia,2016,7,26044.0
Murcia,2016,8,28283.0
Murcia,2016,9,28495.0
Murcia,2016,10,24029.0
Murcia,2016,11,15502.0
Murcia,2016,12,13104.0
Murcia,2017,1,15855.0
Murcia,2017,2,17266.0
Murcia,2017,3,20171.0
Murcia,2017,4,24845.0
Murcia,2017,5,25506.0
Murcia,2017,6,27882.0
Murcia,2017,7,29898.0
Murcia,2017,8,33216.0
Murcia,2017,9,33444.0
Murcia,2017,10,26917.0
Murcia,2017,11,16285.0
Murcia,2017,12,13057.0
Murcia,2018,1,17721.0
Murcia,2018,2,18286.0
Murcia,2018,3,22843.0
Murcia,2018,4,24509.0
Murcia,2018,5,28661.0
Murcia,2018,6,27971.0
Murcia,2018,7,29292.0
Murcia,2018,8,34472.0
Murcia,2018,9,32093.0
Murcia,2018,10,26553.0
Murcia,2018,11,19062.0
Murcia,2018,12,15400.0
Murcia,2019,1,17735.0
Murcia,2019,2,17844.0
Murcia,2019,3,20897.0
Murcia,2019,4,27006.0
Murcia,2019,5,29592.0
Murcia,2019,6,30501.0
Murcia,2019,7,31918.0
Murcia,2019,8,36446.0
Murcia,2019,9,32313.0
Murcia,2019,10,25955.0
Murcia,2019,11,18711.0
Murcia,2019,12,15248.0
Murcia,2020,1,17780.0
Murcia,2020,2,18909.0
Murcia,2020,3,9508.0
Murcia,2020,4,0.0
Murcia,2020,5,431.0
Murcia,2020,6,2777.0
Murcia,2020,7,9094.0
Murcia,2020,8,9825.0
Murcia,2020,9,6283.0
Murcia,2020,10,6603.0
Murcia,2020,11,2193.0
Murcia,2020,12,2825.0
Murcia,2021,1,2623.0
Murcia,2021,2,2729.0
Murcia,2021,3,3840.0
Murcia,2021,4,4272.0
Murcia,2021,5,7499.0
Murcia,2021,6,12673.0
Murcia,2021,7,16397.0
Murcia,2021,8,23796.0
Murcia,2021,9,22357.0
Murcia,2021,10,25637.0
Murcia,2021,11,16356.0
Murcia,2021,12,12402.0
Murcia,2022,1,10326.0
Murcia,2022,2,15326.0
Murcia,2022,3,17646.0
Murcia,2022,4,25754.0
Murcia,2022,5,28140.0
Murcia,2022,6,28600.0
Murcia,2022,7,35545.0
Murcia,2022,8,41286.0
Murcia,2022,9,35660.0
Murcia,2022,10,25753.0
Murcia,2022,11,18573.0
Murcia,2022,12,12241.0
Murcia,2023,1,14831.0
Murcia,2023,2,15480.0
Murcia,2023,3,20920.0
Murcia,2023,4,24545.0
Murcia,2023,5,26976.0
Murcia,2023,6,29942.0
Murcia,2023,7,36522.0
Murcia,2023,8,41692.0
Murcia,2023,9,36673.0
Murcia,2023,10,29706.0
Murcia,2023,11,17870.0
Murcia,2023,12,15082.0
Murcia,2024,1,16388.0
Murcia,2024,2,20285.0
Murcia,2024,3,21843.0
Murcia,2024,4,27194.0
Murcia,2024,5,30109.0
Murcia,2024,6,29481.0
Murcia,2024,7,41339.0
Murcia,2024,8,47067.0
Murcia,2024,9,35720.0
Murcia,2024,10,34134.0
Murcia,2024,11,19179.0
Murcia,2024,12,15196.0
Murcia,2025,1,19415.0
Murcia,2025,2,20717.0
Murcia,2025,3,24601.0
Murcia,2025,4,29339.0
Murcia,2025,5,28660.0
Murcia,2025,6,31048.0
Murcia,2025,7,47139.0
Murcia,2025,8,50828.0
Murcia,2025,9,35904.0
Málaga,1999,1,68431.0
Málaga,1999,2,86201.0
Málaga,1999,3,134070.0
Málaga,1999,4,190106.0
Málaga,1999,5,212408.0
Málaga,1999,6,218704.0
Málaga,1999,7,177573.0
Málaga,1999,8,176639.0
Málaga,1999,9,202353.0
Málaga,1999,10,189667.0
Málaga,1999,11,117657.0
Málaga,1999,12,73899.0
Málaga,2000,1,82421.0
Málaga,2000,2,107629.0
Málaga,2000,3,173567.0
Málaga,2000,4,220470.0
Málaga,2000,5,226281.0
Málaga,2000,6,198749.0
Málaga,2000,7,179356.0
Málaga,2000,8,182575.0
Málaga,2000,9,216797.0
Málaga,2000,10,211189.0
Málaga,2000,11,116395.0
Málaga,2000,12,85460.0
Málaga,2001,1,79206.0
Málaga,2001,2,104293.0
Málaga,2001,3,164524.0
Málaga,2001,4,211829.0
Málaga,2001,5,220349.0
Málaga,2001,6,196164.0
Málaga,2001,7,182315.0
Málaga,2001,8,183928.0
Málaga,2001,9,201448.0
Málaga,2001,10,191288.0
Málaga,2001,11,103064.0
Málaga,2001,12,73831.0
Málaga,2002,1,69898.0
Málaga,2002,2,103971.0
Málaga,2002,3,176790.0
Málaga,2002,4,207980.0
Málaga,2002,5,221283.0
Málaga,2002,6,201515.0
Málaga,2002,7,182004.0
Málaga,2002,8,197427.0
Málaga,2002,9,211540.0
Málaga,2002,10,197141.0
Málaga,2002,11,109552.0
Málaga,2002,12,81856.0
Málaga,2003,1,82459.0
Málaga,2003,2,107266.0
Málaga,2003,3,159376.0
Málaga,2003,4,201822.0
Málaga,2003,5,247722.0
Málaga,2003,6,221728.0
Málaga,2003,7,205101.0
Málaga,2003,8,210764.0
Málaga,2003,9,225293.0
Málaga,2003,10,206790.0
Málaga,2003,11,92100.0
Málaga,2003,12,77244.0
Málaga,2004,1,89288.0
Málaga,2004,2,107551.0
Málaga,2004,3,149997.0
Málaga,2004,4,193273.0
Málaga,2004,5,214799.0
Málaga,2004,6,184141.0
Málaga,2004,7,174010.0
Málaga,2004,8,181285.0
Málaga,2004,9,215012.0
Málaga,2004,10,206460.0
Málaga,2004,11,105449.0
Málaga,2004,12,84327.0
Málaga,2005,1,92563.0
Málaga,2005,2,109289.0
Málaga,2005,3,149171.0
Málaga,2005,4,189901.0
Málaga,2005,5,244734.0
Málaga,2005,6,209654.0
Málaga,2005,7,194085.0
Málaga,2005,8,204169.0
Málaga,2005,9,229545.0
Málaga,2005,10,199301.0
Málaga,2005,11,110009.0
Málaga,2005,12,74262.0
Málaga,2006,1,92698.0
Málaga,2006,2,120738.0
Málaga,2006,3,181143.0
Málaga,2006,4,228302.0
Málaga,2006,5,279155.0
Málaga,2006,6,257909.0
Málaga,2006,7,238910.0
Málaga,2006,8,259047.0
Málaga,2006,9,257128.0
Málaga,2006,10,231568.0
Málaga,2006,11,120835.0
Málaga,2006,12,100653.0
Málaga,2007,1,103190.0
Málaga,2007,2,119055.0
Málaga,2007,3,182628.0
Málaga,2007,4,233698.0
Málaga,2007,5,264117.0
Málaga,2007,6,270347.0
Málaga,2007,7,259110.0
Málaga,2007,8,281265.0
Málaga,2007,9,289705.0
Málaga,2007,10,252792.0
Málaga,2007,11,123423.0
Málaga,2007,12,106343.0
Málaga,2008,1,111169.0
Málaga,2008,2,123743.0
Málaga,2008,3,188388.0
Málaga,2008,4,240262.0
Málaga,2008,5,286202.0
Málaga,2008,6,267391.0
Málaga,2008,7,262315.0
Málaga,2008,8,276726.0
Málaga,2008,9,301587.0
Málaga,2008,10,242204.0
Málaga,2008,11,121745.0
Málaga,2008,12,87363.0
Málaga,2009,1,77433.0
Málaga,2009,2,98177.0
Málaga,2009,3,141334.0
Málaga,2009,4,186416.0
Málaga,2009,5,233711.0
Málaga,2009,6,214837.0
Málaga,2009,7,221931.0
Málaga,2009,8,217498.0
Málaga,2009,9,236861.0
Málaga,2009,10,207003.0
Málaga,2009,11,103314.0
Málaga,2009,12,76537.0
Málaga,2010,1,70662.0
Málaga,2010,2,85638.0
Málaga,2010,3,130536.0
Málaga,2010,4,202719.0
Málaga,2010,5,226098.0
Málaga,2010,6,199480.0
Málaga,2010,7,232491.0
Málaga,2010,8,220596.0
Málaga,2010,9,243195.0
Málaga,2010,10,220589.0
Málaga,2010,11,111059.0
Málaga,2010,12,80852.0
Málaga,2011,1,76291.0
Málaga,2011,2,96203.0
Málaga,2011,3,163579.0
Málaga,2011,4,241099.0
Málaga,2011,5,267203.0
Málaga,2011,6,247114.0
Málaga,2011,7,250437.0
Málaga,2011,8,224273.0
Málaga,2011,9,276384.0
Málaga,2011,10,243244.0
Málaga,2011,11,115721.0
Málaga,2011,12,84244.0
Málaga,2012,1,91259.0
Málaga,2012,2,103015.0
Málaga,2012,3,168595.0
Málaga,2012,4,237025.0
Málaga,2012,5,289166.0
Málaga,2012,6,259878.0
Málaga,2012,7,260917.0
Málaga,2012,8,253550.0
Málaga,2012,9,292652.0
Málaga,2012,10,252639.0
Málaga,2012,11,111232.0
Málaga,2012,12,84115.0
Málaga,2013,1,87716.0
Málaga,2013,2,106599.0
Málaga,2013,3,179557.0
Málaga,2013,4,256252.0
Málaga,2013,5,330787.0
Málaga,2013,6,284960.0
Málaga,2013,7,265733.0
Málaga,2013,8,278117.0
Málaga,2013,9,305905.0
Málaga,2013,10,274804.0
Málaga,2013,11,128249.0
Málaga,2013,12,95390.0
Málaga,2014,1,100442.0
Málaga,2014,2,119276.0
Málaga,2014,3,168616.0
Málaga,2014,4,284627.0
Málaga,2014,5,310032.0
Málaga,2014,6,285136.0
Málaga,2014,7,261113.0
Málaga,2014,8,291054.0
Málaga,2014,9,333096.0
Málaga,2014,10,291338.0
Málaga,2014,11,125783.0
Málaga,2014,12,105469.0
Málaga,2015,1,106610.0
Málaga,2015,2,125257.0
Málaga,2015,3,172231.0
Málaga,2015,4,269028.0
Málaga,2015,5,346943.0
Málaga,2015,6,315075.0
Málaga,2015,7,299009.0
Málaga,2015,8,328686.0
Málaga,2015,9,362623.0
Málaga,2015,10,321093.0
Málaga,2015,11,144819.0
Málaga,2015,12,117007.0
Málaga,2016,1,118456.0
Málaga,2016,2,139728.0
Málaga,2016,3,211642.0
Málaga,2016,4,316307.0
Málaga,2016,5,376755.0
Málaga,2016,6,351365.0
Málaga,2016,7,357298.0
Málaga,2016,8,348867.0
Málaga,2016,9,395352.0
Málaga,2016,10,352905.0
Málaga,2016,11,162425.0
Málaga,2016,12,118666.0
Málaga,2017,1,132842.0
Málaga,2017,2,158333.0
Málaga,2017,3,225581.0
Málaga,2017,4,343311.0
Málaga,2017,5,396917.0
Málaga,2017,6,386774.0
Málaga,2017,7,367828.0
Málaga,2017,8,368198.0
Málaga,2017,9,412558.0
Málaga,2017,10,370495.0
Málaga,2017,11,169054.0
Málaga,2017,12,135854.0
Málaga,2018,1,144332.0
Málaga,2018,2,158261.0
Málaga,2018,3,236241.0
Málaga,2018,4,343435.0
Málaga,2018,5,403078.0
Málaga,2018,6,392129.0
Málaga,2018,7,366346.0
Málaga,2018,8,348963.0
Málaga,2018,9,411381.0
Málaga,2018,10,363567.0
Málaga,2018,11,171529.0
Málaga,2018,12,138668.0
Málaga,2019,1,150651.0
Málaga,2019,2,168539.0
Málaga,2019,3,246826.0
Málaga,2019,4,357242.0
Málaga,2019,5,405405.0
Málaga,2019,6,393984.0
Málaga,2019,7,369492.0
Málaga,2019,8,365752.0
Málaga,2019,9,421709.0
Málaga,2019,10,377811.0
Málaga,2019,11,186681.0
Málaga,2019,12,149989.0
Málaga,2020,1,172514.0
Málaga,2020,2,197008.0
Málaga,2020,3,100653.0
Málaga,2020,4,0.0
Málaga,2020,5,45.0
Málaga,2020,6,5124.0
Málaga,2020,7,82501.0
Málaga,2020,8,98874.0
Málaga,2020,9,45886.0
Málaga,2020,10,33676.0
Málaga,2020,11,11569.0
Málaga,2020,12,13827.0
Málaga,2021,1,11489.0
Málaga,2021,2,9641.0
Málaga,2021,3,17179.0
Málaga,2021,4,24718.0
Málaga,2021,5,54272.0
Málaga,2021,6,89994.0
Málaga,2021,7,174818.0
Málaga,2021,8,220569.0
Málaga,2021,9,236110.0
Málaga,2021,10,265201.0
Málaga,2021,11,143382.0
Málaga,2021,12,92359.0
Málaga,2022,1,91950.0
Málaga,2022,2,124117.0
Málaga,2022,3,192994.0
Málaga,2022,4,317492.0
Málaga,2022,5,374336.0
Málaga,2022,6,352500.0
Málaga,2022,7,351335.0
Málaga,2022,8,343423.0
Málaga,2022,9,395299.0
Málaga,2022,10,356494.0
Málaga,2022,11,160002.0
Málaga,2022,12,133820.0
Málaga,2023,1,147553.0
Málaga,2023,2,162123.0
Málaga,2023,3,263505.0
Málaga,2023,4,389890.0
Málaga,2023,5,441821.0
Málaga,2023,6,371988.0
Málaga,2023,7,386126.0
Málaga,2023,8,409226.0
Málaga,2023,9,430755.0
Málaga,2023,10,431038.0
Málaga,2023,11,232281.0
Málaga,2023,12,172359.0
Málaga,2024,1,179559.0
Málaga,2024,2,213584.0
Málaga,2024,3,299828.0
Málaga,2024,4,421655.0
Málaga,2024,5,454999.0
Málaga,2024,6,400979.0
Málaga,2024,7,397222.0
Málaga,2024,8,407909.0
Málaga,2024,9,428976.0
Málaga,2024,10,438127.0
Málaga,2024,11,225148.0
Málaga,2024,12,172046.0
Málaga,2025,1,172623.0
Málaga,2025,2,214602.0
Málaga,2025,3,290380.0
Málaga,2025,4,416249.0
Málaga,2025,5,467670.0
Málaga,2025,6,417759.0
Málaga,2025,7,405053.0
Málaga,2025,8,431017.0
Málaga,2025,9,447090.0
Navarra,1999,1,3297.0
Navarra,1999,2,3700.0
Navarra,1999,3,5217.0
Navarra,1999,4,8559.0
Navarra,1999,5,10901.0
Navarra,1999,6,12012.0
Navarra,1999,7,17973.0
Navarra,1999,8,17177.0
Navarra,1999,9,13561.0
Navarra,1999,10,7903.0
Navarra,1999,11,4629.0
Navarra,1999,12,3484.0
Navarra,2000,1,3220.0
Navarra,2000,2,4718.0
Navarra,2000,3,5360.0
Navarra,2000,4,7945.0
Navarra,2000,5,10949.0
Navarra,2000,6,12727.0
Navarra,2000,7,22007.0
Navarra,2000,8,15789.0
Navarra,2000,9,15734.0
Navarra,2000,10,10374.0
Navarra,2000,11,5179.0
Navarra,2000,12,2592.0
Navarra,2001,1,4416.0
Navarra,2001,2,4995.0
Navarra,2001,3,7038.0
Navarra,2001,4,9670.0
Navarra,2001,5,13361.0
Navarra,2001,6,14188.0
Navarra,2001,7,18657.0
Navarra,2001,8,16040.0
Navarra,2001,9,13773.0
Navarra,2001,10,10890.0
Navarra,2001,11,5727.0
Navarra,2001,12,3941.0
Navarra,2002,1,3958.0
Navarra,2002,2,4570.0
Navarra,2002,3,7810.0
Navarra,2002,4,10521.0
Navarra,2002,5,16511.0
Navarra,2002,6,12316.0
Navarra,2002,7,19014.0
Navarra,2002,8,17651.0
Navarra,2002,9,16069.0
Navarra,2002,10,11286.0
Navarra,2002,11,6539.0
Navarra,2002,12,4267.0
Navarra,2003,1,4210.0
Navarra,2003,2,4619.0
Navarra,2003,3,5807.0
Navarra,2003,4,10804.0
Navarra,2003,5,14570.0
Navarra,2003,6,12661.0
Navarra,2003,7,17849.0
Navarra,2003,8,16975.0
Navarra,2003,9,14683.0
Navarra,2003,10,13017.0
Navarra,2003,11,6473.0
Navarra,2003,12,4470.0
Navarra,2004,1,4366.0
Navarra,2004,2,5788.0
Navarra,2004,3,8169.0
Navarra,2004,4,12394.0
Navarra,2004,5,17067.0
Navarra,2004,6,13594.0
Navarra,2004,7,20055.0
Navarra,2004,8,18371.0
Navarra,2004,9,18651.0
Navarra,2004,10,12734.0
Navarra,2004,11,7747.0
Navarra,2004,12,4286.0
Navarra,2005,1,4068.0
Navarra,2005,2,4527.0
Navarra,2005,3,6257.0
Navarra,2005,4,11106.0
Navarra,2005,5,17967.0
Navarra,2005,6,16420.0
Navarra,2005,7,20792.0
Navarra,2005,8,20172.0
Navarra,2005,9,17222.0
Navarra,2005,10,12632.0
Navarra,2005,11,5859.0
Navarra,2005,12,4574.0
Navarra,2006,1,5119.0
Navarra,2006,2,5300.0
Navarra,2006,3,6440.0
Navarra,2006,4,12088.0
Navarra,2006,5,18693.0
Navarra,2006,6,15486.0
Navarra,2006,7,22185.0
Navarra,2006,8,18390.0
Navarra,2006,9,18450.0
Navarra,2006,10,12527.0
Navarra,2006,11,7551.0
Navarra,2006,12,4614.0
Navarra,2007,1,5222.0
Navarra,2007,2,6626.0
Navarra,2007,3,9683.0
Navarra,2007,4,13324.0
Navarra,2007,5,19992.0
Navarra,2007,6,18133.0
Navarra,2007,7,26084.0
Navarra,2007,8,24611.0
Navarra,2007,9,22077.0
Navarra,2007,10,16118.0
Navarra,2007,11,8508.0
Navarra,2007,12,5326.0
Navarra,2008,1,5838.0
Navarra,2008,2,5886.0
Navarra,2008,3,9065.0
Navarra,2008,4,13829.0
Navarra,2008,5,23302.0
Navarra,2008,6,19829.0
Navarra,2008,7,22439.0
Navarra,2008,8,23720.0
Navarra,2008,9,23280.0
Navarra,2008,10,11726.0
Navarra,2008,11,7327.0
Navarra,2008,12,4636.0
Navarra,2009,1,4624.0
Navarra,2009,2,5432.0
Navarra,2009,3,7506.0
Navarra,2009,4,13272.0
Navarra,2009,5,19092.0
Navarra,2009,6,17397.0
Navarra,2009,7,24586.0
Navarra,2009,8,22192.0
Navarra,2009,9,20303.0
Navarra,2009,10,11964.0
Navarra,2009,11,7451.0
Navarra,2009,12,4406.0
Navarra,2010,1,4415.0
Navarra,2010,2,4836.0
Navarra,2010,3,7567.0
Navarra,2010,4,12119.0
Navarra,2010,5,21836.0
Navarra,2010,6,16778.0
Navarra,2010,7,25623.0
Navarra,2010,8,24316.0
Navarra,2010,9,23179.0
Navarra,2010,10,14296.0
Navarra,2010,11,7332.0
Navarra,2010,12,4515.0
Navarra,2011,1,5032.0
Navarra,2011,2,7021.0
Navarra,2011,3,8494.0
Navarra,2011,4,13375.0
Navarra,2011,5,23349.0
Navarra,2011,6,18643.0
Navarra,2011,7,27189.0
Navarra,2011,8,26802.0
Navarra,2011,9,24103.0
Navarra,2011,10,15582.0
Navarra,2011,11,8614.0
Navarra,2011,12,5849.0
Navarra,2012,1,4416.0
Navarra,2012,2,5678.0
Navarra,2012,3,9108.0
Navarra,2012,4,14966.0
Navarra,2012,5,23465.0
Navarra,2012,6,19840.0
Navarra,2012,7,31812.0
Navarra,2012,8,26740.0
Navarra,2012,9,26902.0
Navarra,2012,10,15819.0
Navarra,2012,11,8782.0
Navarra,2012,12,5860.0
Navarra,2013,1,5882.0
Navarra,2013,2,5794.0
Navarra,2013,3,10496.0
Navarra,2013,4,16011.0
Navarra,2013,5,27766.0
Navarra,2013,6,24288.0
Navarra,2013,7,34579.0
Navarra,2013,8,34959.0
Navarra,2013,9,29736.0
Navarra,2013,10,17800.0
Navarra,2013,11,8655.0
Navarra,2013,12,6334.0
Navarra,2014,1,5292.0
Navarra,2014,2,7129.0
Navarra,2014,3,9641.0
Navarra,2014,4,18164.0
Navarra,2014,5,32297.0
Navarra,2014,6,24139.0
Navarra,2014,7,36116.0
Navarra,2014,8,36500.0
Navarra,2014,9,35380.0
Navarra,2014,10,16736.0
Navarra,2014,11,7941.0
Navarra,2014,12,9103.0
Navarra,2015,1,5742.0
Navarra,2015,2,6853.0
Navarra,2015,3,9512.0
Navarra,2015,4,18358.0
Navarra,2015,5,32825.0
Navarra,2015,6,26934.0
Navarra,2015,7,38373.0
Navarra,2015,8,46128.0
Navarra,2015,9,39974.0
Navarra,2015,10,20840.0
Navarra,2015,11,9467.0
Navarra,2015,12,8111.0
Navarra,2016,1,6633.0
Navarra,2016,2,8545.0
Navarra,2016,3,11467.0
Navarra,2016,4,20906.0
Navarra,2016,5,36173.0
Navarra,2016,6,27809.0
Navarra,2016,7,41306.0
Navarra,2016,8,41267.0
Navarra,2016,9,37271.0
Navarra,2016,10,24240.0
Navarra,2016,11,10730.0
Navarra,2016,12,9357.0
Navarra,2017,1,7423.0
Navarra,2017,2,7691.0
Navarra,2017,3,10980.0
Navarra,2017,4,23954.0
Navarra,2017,5,34189.0
Navarra,2017,6,31946.0
Navarra,2017,7,39100.0
Navarra,2017,8,40511.0
Navarra,2017,9,38438.0
Navarra,2017,10,22476.0
Navarra,2017,11,11907.0
Navarra,2017,12,9544.0
Navarra,2018,1,8224.0
Navarra,2018,2,7645.0
Navarra,2018,3,11870.0
Navarra,2018,4,24706.0
Navarra,2018,5,38908.0
Navarra,2018,6,28457.0
Navarra,2018,7,37736.0
Navarra,2018,8,41087.0
Navarra,2018,9,40183.0
Navarra,2018,10,24178.0
Navarra,2018,11,11314.0
Navarra,2018,12,9233.0
Navarra,2019,1,8006.0
Navarra,2019,2,7867.0
Navarra,2019,3,11660.0
Navarra,2019,4,22923.0
Navarra,2019,5,33698.0
Navarra,2019,6,31388.0
Navarra,2019,7,39137.0
Navarra,2019,8,43776.0
Navarra,2019,9,40473.0
Navarra,2019,10,23442.0
Navarra,2019,11,10180.0
Navarra,2019,12,9807.0
Navarra,2020,1,7522.0
Navarra,2020,2,9535.0
Navarra,2020,3,4585.0
Navarra,2020,4,0.0
Navarra,2020,5,228.0
Navarra,2020,6,1896.0
Navarra,2020,7,12092.0
Navarra,2020,8,11853.0
Navarra,2020,9,6794.0
Navarra,2020,10,5700.0
Navarra,2020,11,1824.0
Navarra,2020,12,2320.0
Navarra,2021,1,2138.0
Navarra,2021,2,2285.0
Navarra,2021,3,2837.0
Navarra,2021,4,3202.0
Navarra,2021,5,5925.0
Navarra,2021,6,7856.0
Navarra,2021,7,16395.0
Navarra,2021,8,24286.0
Navarra,2021,9,25557.0
Navarra,2021,10,18405.0
Navarra,2021,11,10885.0
Navarra,2021,12,6581.0
Navarra,2022,1,6802.0
Navarra,2022,2,8379.0
Navarra,2022,3,11633.0
Navarra,2022,4,23867.0
Navarra,2022,5,32934.0
Navarra,2022,6,29313.0
Navarra,2022,7,34930.0
Navarra,2022,8,45586.0
Navarra,2022,9,37234.0
Navarra,2022,10,23198.0
Navarra,2022,11,12227.0
Navarra,2022,12,10187.0
Navarra,2023,1,9223.0
Navarra,2023,2,9585.0
Navarra,2023,3,14685.0
Navarra,2023,4,28965.0
Navarra,2023,5,40688.0
Navarra,2023,6,31633.0
Navarra,2023,7,37860.0
Navarra,2023,8,40198.0
Navarra,2023,9,40508.0
Navarra,2023,10,24098.0
Navarra,2023,11,12072.0
Navarra,2023,12,11709.0
Navarra,2024,1,9477.0
Navarra,2024,2,10016.0
Navarra,2024,3,16782.0
Navarra,2024,4,30834.0
Navarra,2024,5,40802.0
Navarra,2024,6,29943.0
Navarra,2024,7,38688.0
Navarra,2024,8,44852.0
Navarra,2024,9,42718.0
Navarra,2024,10,25345.0
Navarra,2024,11,13685.0
Navarra,2024,12,12429.0
Navarra,2025,1,8851.0
Navarra,2025,2,11372.0
Navarra,2025,3,15087.0
Navarra,2025,4,31330.0
Navarra,2025,5,45290.0
Navarra,2025,6,32951.0
Navarra,2025,7,37415.0
Navarra,2025,8,45982.0
Navarra,2025,9,45155.0
Ourense,1999,1,477.0
Ourense,1999,2,248.0
Ourense,1999,3,935.0
Ourense,1999,4,646.0
Ourense,1999,5,831.0
Ourense,1999,6,1657.0
Ourense,1999,7,1385.0
Ourense,1999,8,1913.0
Ourense,1999,9,1693.0
Ourense,1999,10,753.0
Ourense,1999,11,604.0
Ourense,1999,12,893.0
Ourense,2000,1,373.0
Ourense,2000,2,387.0
Ourense,2000,3,542.0
Ourense,2000,4,876.0
Ourense,2000,5,725.0
Ourense,2000,6,1014.0
Ourense,2000,7,876.0
Ourense,2000,8,1496.0
Ourense,2000,9,1061.0
Ourense,2000,10,848.0
Ourense,2000,11,642.0
Ourense,2000,12,1660.0
Ourense,2001,1,270.0
Ourense,2001,2,884.0
Ourense,2001,3,538.0
Ourense,2001,4,1146.0
Ourense,2001,5,736.0
Ourense,2001,6,1335.0
Ourense,2001,7,995.0
Ourense,2001,8,2121.0
Ourense,2001,9,1420.0
Ourense,2001,10,717.0
Ourense,2001,11,951.0
Ourense,2001,12,912.0
Ourense,2002,1,410.0
Ourense,2002,2,984.0
Ourense,2002,3,1041.0
Ourense,2002,4,1343.0
Ourense,2002,5,860.0
Ourense,2002,6,1481.0
Ourense,2002,7,1536.0
Ourense,2002,8,2646.0
Ourense,2002,9,1643.0
Ourense,2002,10,1395.0
Ourense,2002,11,703.0
Ourense,2002,12,909.0
Ourense,2003,1,1092.0
Ourense,2003,2,1246.0
Ourense,2003,3,1210.0
Ourense,2003,4,1070.0
Ourense,2003,5,1587.0
Ourense,2003,6,1646.0
Ourense,2003,7,1375.0
Ourense,2003,8,2329.0
Ourense,2003,9,1804.0
Ourense,2003,10,1660.0
Ourense,2003,11,1456.0
Ourense,2003,12,2522.0
Ourense,2004,1,1204.0
Ourense,2004,2,1418.0
Ourense,2004,3,880.0
Ourense,2004,4,1384.0
Ourense,2004,5,1815.0
Ourense,2004,6,2700.0
Ourense,2004,7,2239.0
Ourense,2004,8,3331.0
Ourense,2004,9,2465.0
Ourense,2004,10,1939.0
Ourense,2004,11,1316.0
Ourense,2004,12,2100.0
Ourense,2005,1,871.0
Ourense,2005,2,1648.0
Ourense,2005,3,1541.0
Ourense,2005,4,1779.0
Ourense,2005,5,2193.0
Ourense,2005,6,2341.0
Ourense,2005,7,2202.0
Ourense,2005,8,3076.0
Ourense,2005,9,2242.0
Ourense,2005,10,1535.0
Ourense,2005,11,1087.0
Ourense,2005,12,1906.0
Ourense,2006,1,2173.0
Ourense,2006,2,1870.0
Ourense,2006,3,1291.0
Ourense,2006,4,1947.0
Ourense,2006,5,2147.0
Ourense,2006,6,2081.0
Ourense,2006,7,2281.0
Ourense,2006,8,2564.0
Ourense,2006,9,2930.0
Ourense,2006,10,2117.0
Ourense,2006,11,1306.0
Ourense,2006,12,1678.0
Ourense,2007,1,1124.0
Ourense,2007,2,1571.0
Ourense,2007,3,1434.0
Ourense,2007,4,2000.0
Ourense,2007,5,2338.0
Ourense,2007,6,1918.0
Ourense,2007,7,1939.0
Ourense,2007,8,3527.0
Ourense,2007,9,2386.0
Ourense,2007,10,2107.0
Ourense,2007,11,1710.0
Ourense,2007,12,1310.0
Ourense,2008,1,1425.0
Ourense,2008,2,1732.0
Ourense,2008,3,2357.0
Ourense,2008,4,2439.0
Ourense,2008,5,3255.0
Ourense,2008,6,2593.0
Ourense,2008,7,2611.0
Ourense,2008,8,3141.0
Ourense,2008,9,4463.0
Ourense,2008,10,1930.0
Ourense,2008,11,1626.0
Ourense,2008,12,1433.0
Ourense,2009,1,1297.0
Ourense,2009,2,1191.0
Ourense,2009,3,1349.0
Ourense,2009,4,1169.0
Ourense,2009,5,1988.0
Ourense,2009,6,2586.0
Ourense,2009,7,2266.0
Ourense,2009,8,2779.0
Ourense,2009,9,2578.0
Ourense,2009,10,2385.0
Ourense,2009,11,1562.0
Ourense,2009,12,1435.0
Ourense,2010,1,1429.0
Ourense,2010,2,1632.0
Ourense,2010,3,2021.0
Ourense,2010,4,2233.0
Ourense,2010,5,2797.0
Ourense,2010,6,2675.0
Ourense,2010,7,2256.0
Ourense,2010,8,3147.0
Ourense,2010,9,2674.0
Ourense,2010,10,2675.0
Ourense,2010,11,1513.0
Ourense,2010,12,1162.0
Ourense,2011,1,987.0
Ourense,2011,2,1203.0
Ourense,2011,3,1407.0
Ourense,2011,4,2083.0
Ourense,2011,5,2583.0
Ourense,2011,6,2680.0
Ourense,2011,7,2941.0
Ourense,2011,8,3554.0
Ourense,2011,9,3017.0
Ourense,2011,10,2120.0
Ourense,2011,11,1530.0
Ourense,2011,12,1367.0
Ourense,2012,1,982.0
Ourense,2012,2,1433.0
Ourense,2012,3,1951.0
Ourense,2012,4,1792.0
Ourense,2012,5,2623.0
Ourense,2012,6,2068.0
Ourense,2012,7,2588.0
Ourense,2012,8,3627.0
Ourense,2012,9,3374.0
Ourense,2012,10,2224.0
Ourense,2012,11,1297.0
Ourense,2012,12,1467.0
Ourense,2013,1,1137.0
Ourense,2013,2,1223.0
Ourense,2013,3,1610.0
Ourense,2013,4,1774.0
Ourense,2013,5,3348.0
Ourense,2013,6,2627.0
Ourense,2013,7,2267.0
Ourense,2013,8,3690.0
Ourense,2013,9,2963.0
Ourense,2013,10,2272.0
Ourense,2013,11,1172.0
Ourense,2013,12,968.0
Ourense,2014,1,870.0
Ourense,2014,2,1178.0
Ourense,2014,3,1300.0
Ourense,2014,4,2093.0
Ourense,2014,5,3000.0
Ourense,2014,6,1968.0
Ourense,2014,7,2218.0
Ourense,2014,8,3703.0
Ourense,2014,9,2965.0
Ourense,2014,10,2111.0
Ourense,2014,11,925.0
Ourense,2014,12,1332.0
Ourense,2015,1,1043.0
Ourense,2015,2,1198.0
Ourense,2015,3,1298.0
Ourense,2015,4,2168.0
Ourense,2015,5,2772.0
Ourense,2015,6,3100.0
Ourense,2015,7,3643.0
Ourense,2015,8,4316.0
Ourense,2015,9,3345.0
Ourense,2015,10,2281.0
Ourense,2015,11,1504.0
Ourense,2015,12,1408.0
Ourense,2016,1,1395.0
Ourense,2016,2,1700.0
Ourense,2016,3,2403.0
Ourense,2016,4,3535.0
Ourense,2016,5,2735.0
Ourense,2016,6,3026.0
Ourense,2016,7,3716.0
Ourense,2016,8,4583.0
Ourense,2016,9,3903.0
Ourense,2016,10,3025.0
Ourense,2016,11,1620.0
Ourense,2016,12,1596.0
Ourense,2017,1,1336.0
Ourense,2017,2,1891.0
Ourense,2017,3,1851.0
Ourense,2017,4,3309.0
Ourense,2017,5,3218.0
Ourense,2017,6,3904.0
Ourense,2017,7,3617.0
Ourense,2017,8,4695.0
Ourense,2017,9,4388.0
Ourense,2017,10,3046.0
Ourense,2017,11,1713.0
Ourense,2017,12,1801.0
Ourense,2018,1,1862.0
Ourense,2018,2,2528.0
Ourense,2018,3,2067.0
Ourense,2018,4,3239.0
Ourense,2018,5,4070.0
Ourense,2018,6,3554.0
Ourense,2018,7,5506.0
Ourense,2018,8,5920.0
Ourense,2018,9,5748.0
Ourense,2018,10,4353.0
Ourense,2018,11,2029.0
Ourense,2018,12,3097.0
Ourense,2019,1,1812.0
Ourense,2019,2,1760.0
Ourense,2019,3,2424.0
Ourense,2019,4,3178.0
Ourense,2019,5,4309.0
Ourense,2019,6,4715.0
Ourense,2019,7,3977.0
Ourense,2019,8,5835.0
Ourense,2019,9,5141.0
Ourense,2019,10,3884.0
Ourense,2019,11,2471.0
Ourense,2019,12,2567.0
Ourense,2020,1,2061.0
Ourense,2020,2,2871.0
Ourense,2020,3,1791.0
Ourense,2020,4,0.0
Ourense,2020,5,16.0
Ourense,2020,6,266.0
Ourense,2020,7,1269.0
Ourense,2020,8,2120.0
Ourense,2020,9,1517.0
Ourense,2020,10,894.0
Ourense,2020,11,428.0
Ourense,2020,12,506.0
Ourense,2021,1,465.0
Ourense,2021,2,558.0
Ourense,2021,3,640.0
Ourense,2021,4,1054.0
Ourense,2021,5,1158.0
Ourense,2021,6,2243.0
Ourense,2021,7,2183.0
Ourense,2021,8,3603.0
Ourense,2021,9,2998.0
Ourense,2021,10,3191.0
Ourense,2021,11,1749.0
Ourense,2021,12,1290.0
Ourense,2022,1,959.0
Ourense,2022,2,1733.0
Ourense,2022,3,1427.0
Ourense,2022,4,2827.0
Ourense,2022,5,3530.0
Ourense,2022,6,4128.0
Ourense,2022,7,4180.0
Ourense,2022,8,5437.0
Ourense,2022,9,4515.0
Ourense,2022,10,3452.0
Ourense,2022,11,2254.0
Ourense,2022,12,1914.0
Ourense,2023,1,2320.0
Ourense,2023,2,2971.0
Ourense,2023,3,1622.0
Ourense,2023,4,4030.0
Ourense,2023,5,3541.0
Ourense,2023,6,4064.0
Ourense,2023,7,3554.0
Ourense,2023,8,6165.0
Ourense,2023,9,4993.0
Ourense,2023,10,3584.0
Ourense,2023,11,1857.0
Ourense,2023,12,2131.0
Ourense,2024,1,2476.0
Ourense,2024,2,3126.0
Ourense,2024,3,2770.0
Ourense,2024,4,4684.0
Ourense,2024,5,5621.0
Ourense,2024,6,5234.0
Ourense,2024,7,4810.0
Ourense,2024,8,6456.0
Ourense,2024,9,5256.0
Ourense,2024,10,4235.0
Ourense,2024,11,3327.0
Ourense,2024,12,2791.0
Ourense,2025,1,2548.0
Ourense,2025,2,2397.0
Ourense,2025,3,3135.0
Ourense,2025,4,5704.0
Ourense,2025,5,6318.0
Ourense,2025,6,5852.0
Ourense,2025,7,4120.0
Ourense,2025,8,6311.0
Ourense,2025,9,6057.0
Palencia,1999,1,407.0
Palencia,1999,2,604.0
Palencia,1999,3,848.0
Palencia,1999,4,2404.0
Palencia,1999,5,3799.0
Palencia,1999,6,4373.0
Palencia,1999,7,4985.0
Palencia,1999,8,5792.0
Palencia,1999,9,3554.0
Palencia,1999,10,2442.0
Palencia,1999,11,795.0
Palencia,1999,12,691.0
Palencia,2000,1,761.0
Palencia,2000,2,740.0
Palencia,2000,3,815.0
Palencia,2000,4,1578.0
Palencia,2000,5,7350.0
Palencia,2000,6,2803.0
Palencia,2000,7,4517.0
Palencia,2000,8,8727.0
Palencia,2000,9,5074.0
Palencia,2000,10,3158.0
Palencia,2000,11,1101.0
Palencia,2000,12,1316.0
Palencia,2001,1,1102.0
Palencia,2001,2,711.0
Palencia,2001,3,1063.0
Palencia,2001,4,3788.0
Palencia,2001,5,4569.0
Palencia,2001,6,5500.0
Palencia,2001,7,4662.0
Palencia,2001,8,9062.0
Palencia,2001,9,4995.0
Palencia,2001,10,2849.0
Palencia,2001,11,2137.0
Palencia,2001,12,1338.0
Palencia,2002,1,1112.0
Palencia,2002,2,964.0
Palencia,2002,3,1944.0
Palencia,2002,4,3893.0
Palencia,2002,5,5470.0
Palencia,2002,6,4806.0
Palencia,2002,7,6502.0
Palencia,2002,8,8298.0
Palencia,2002,9,6550.0
Palencia,2002,10,3784.0
Palencia,2002,11,1336.0
Palencia,2002,12,1480.0
Palencia,2003,1,1100.0
Palencia,2003,2,1202.0
Palencia,2003,3,2137.0
Palencia,2003,4,2974.0
Palencia,2003,5,4865.0
Palencia,2003,6,4704.0
Palencia,2003,7,4172.0
Palencia,2003,8,5143.0
Palencia,2003,9,5597.0
Palencia,2003,10,3488.0
Palencia,2003,11,1315.0
Palencia,2003,12,1295.0
Palencia,2004,1,1756.0
Palencia,2004,2,852.0
Palencia,2004,3,1182.0
Palencia,2004,4,3510.0
Palencia,2004,5,6522.0
Palencia,2004,6,5575.0
Palencia,2004,7,4489.0
Palencia,2004,8,4826.0
Palencia,2004,9,5350.0
Palencia,2004,10,4169.0
Palencia,2004,11,1753.0
Palencia,2004,12,1629.0
Palencia,2005,1,1105.0
Palencia,2005,2,1056.0
Palencia,2005,3,1678.0
Palencia,2005,4,2520.0
Palencia,2005,5,6474.0
Palencia,2005,6,4221.0
Palencia,2005,7,5619.0
Palencia,2005,8,5303.0
Palencia,2005,9,4420.0
Palencia,2005,10,4494.0
Palencia,2005,11,1477.0
Palencia,2005,12,2037.0
Palencia,2006,1,1153.0
Palencia,2006,2,977.0
Palencia,2006,3,1391.0
Palencia,2006,4,4369.0
Palencia,2006,5,6273.0
Palencia,2006,6,3645.0
Palencia,2006,7,3906.0
Palencia,2006,8,3953.0
Palencia,2006,9,4399.0
Palencia,2006,10,3643.0
Palencia,2006,11,2284.0
Palencia,2006,12,1378.0
Palencia,2007,1,1470.0
Palencia,2007,2,1702.0
Palencia,2007,3,2251.0
Palencia,2007,4,3925.0
Palencia,2007,5,6515.0
Palencia,2007,6,5694.0
Palencia,2007,7,4542.0
Palencia,2007,8,5506.0
Palencia,2007,9,6961.0
Palencia,2007,10,4737.0
Palencia,2007,11,2289.0
Palencia,2007,12,1381.0
Palencia,2008,1,1927.0
Palencia,2008,2,1868.0
Palencia,2008,3,2270.0
Palencia,2008,4,2647.0
Palencia,2008,5,7324.0
Palencia,2008,6,6265.0
Palencia,2008,7,5666.0
Palencia,2008,8,5149.0
Palencia,2008,9,6058.0
Palencia,2008,10,4412.0
Palencia,2008,11,1689.0
Palencia,2008,12,1253.0
Palencia,2009,1,1637.0
Palencia,2009,2,1108.0
Palencia,2009,3,1832.0
Palencia,2009,4,3087.0
Palencia,2009,5,5593.0
Palencia,2009,6,4662.0
Palencia,2009,7,4662.0
Palencia,2009,8,4947.0
Palencia,2009,9,4727.0
Palencia,2009,10,4050.0
Palencia,2009,11,1458.0
Palencia,2009,12,1116.0
Palencia,2010,1,1746.0
Palencia,2010,2,1238.0
Palencia,2010,3,2103.0
Palencia,2010,4,4097.0
Palencia,2010,5,5475.0
Palencia,2010,6,4524.0
Palencia,2010,7,3961.0
Palencia,2010,8,5169.0
Palencia,2010,9,5160.0
Palencia,2010,10,3112.0
Palencia,2010,11,1470.0
Palencia,2010,12,1133.0
Palencia,2011,1,1056.0
Palencia,2011,2,1189.0
Palencia,2011,3,1943.0
Palencia,2011,4,2910.0
Palencia,2011,5,5536.0
Palencia,2011,6,4840.0
Palencia,2011,7,5296.0
Palencia,2011,8,5384.0
Palencia,2011,9,5486.0
Palencia,2011,10,3106.0
Palencia,2011,11,1276.0
Palencia,2011,12,1059.0
Palencia,2012,1,1266.0
Palencia,2012,2,1203.0
Palencia,2012,3,2741.0
Palencia,2012,4,2677.0
Palencia,2012,5,5404.0
Palencia,2012,6,5608.0
Palencia,2012,7,4501.0
Palencia,2012,8,4526.0
Palencia,2012,9,5549.0
Palencia,2012,10,3458.0
Palencia,2012,11,1421.0
Palencia,2012,12,1193.0
Palencia,2013,1,1219.0
Palencia,2013,2,841.0
Palencia,2013,3,1242.0
Palencia,2013,4,3229.0
Palencia,2013,5,6187.0
Palencia,2013,6,4486.0
Palencia,2013,7,4543.0
Palencia,2013,8,4645.0
Palencia,2013,9,4844.0
Palencia,2013,10,3188.0
Palencia,2013,11,1623.0
Palencia,2013,12,951.0
Palencia,2014,1,905.0
Palencia,2014,2,1018.0
Palencia,2014,3,1300.0
Palencia,2014,4,3300.0
Palencia,2014,5,4816.0
Palencia,2014,6,4336.0
Palencia,2014,7,4128.0
Palencia,2014,8,5137.0
Palencia,2014,9,4990.0
Palencia,2014,10,3382.0
Palencia,2014,11,1897.0
Palencia,2014,12,1182.0
Palencia,2015,1,1244.0
Palencia,2015,2,1181.0
Palencia,2015,3,1912.0
Palencia,2015,4,3792.0
Palencia,2015,5,5306.0
Palencia,2015,6,4978.0
Palencia,2015,7,5308.0
Palencia,2015,8,6763.0
Palencia,2015,9,6216.0
Palencia,2015,10,4912.0
Palencia,2015,11,1572.0
Palencia,2015,12,1225.0
Palencia,2016,1,1423.0
Palencia,2016,2,1261.0
Palencia,2016,3,1739.0
Palencia,2016,4,3476.0
Palencia,2016,5,6690.0
Palencia,2016,6,5440.0
Palencia,2016,7,6140.0
Palencia,2016,8,8145.0
Palencia,2016,9,6854.0
Palencia,2016,10,5950.0
Palencia,2016,11,1960.0
Palencia,2016,12,1447.0
Palencia,2017,1,1145.0
Palencia,2017,2,1065.0
Palencia,2017,3,1536.0
Palencia,2017,4,3567.0
Palencia,2017,5,7595.0
Palencia,2017,6,5783.0
Palencia,2017,7,6860.0
Palencia,2017,8,8699.0
Palencia,2017,9,7542.0
Palencia,2017,10,5530.0
Palencia,2017,11,1705.0
Palencia,2017,12,1876.0
Palencia,2018,1,1654.0
Palencia,2018,2,983.0
Palencia,2018,3,1654.0
Palencia,2018,4,4851.0
Palencia,2018,5,6849.0
Palencia,2018,6,6014.0
Palencia,2018,7,5810.0
Palencia,2018,8,7426.0
Palencia,2018,9,6418.0
Palencia,2018,10,4639.0
Palencia,2018,11,1894.0
Palencia,2018,12,1505.0
Palencia,2019,1,1579.0
Palencia,2019,2,1062.0
Palencia,2019,3,1997.0
Palencia,2019,4,5141.0
Palencia,2019,5,6124.0
Palencia,2019,6,5568.0
Palencia,2019,7,5882.0
Palencia,2019,8,8296.0
Palencia,2019,9,5968.0
Palencia,2019,10,3956.0
Palencia,2019,11,2178.0
Palencia,2019,12,1728.0
Palencia,2020,1,1557.0
Palencia,2020,2,1509.0
Palencia,2020,3,787.0
Palencia,2020,4,0.0
Palencia,2020,7,1814.0
Palencia,2020,8,2141.0
Palencia,2020,9,1026.0
Palencia,2020,10,972.0
Palencia,2020,11,548.0
Palencia,2020,12,594.0
Palencia,2021,1,497.0
Palencia,2021,2,353.0
Palencia,2021,3,316.0
Palencia,2021,4,375.0
Palencia,2021,5,1233.0
Palencia,2021,6,1122.0
Palencia,2021,7,2743.0
Palencia,2021,8,2825.0
Palencia,2021,9,4113.0
Palencia,2021,10,3380.0
Palencia,2021,11,1576.0
Palencia,2021,12,657.0
Palencia,2022,1,894.0
Palencia,2022,2,1076.0
Palencia,2022,3,1470.0
Palencia,2022,4,3106.0
Palencia,2022,5,6288.0
Palencia,2022,6,5648.0
Palencia,2022,7,6024.0
Palencia,2022,8,8413.0
Palencia,2022,9,6908.0
Palencia,2022,10,4875.0
Palencia,2022,11,1263.0
Palencia,2022,12,1293.0
Palencia,2023,1,1354.0
Palencia,2023,2,1540.0
Palencia,2023,3,1649.0
Palencia,2023,4,4174.0
Palencia,2023,5,7451.0
Palencia,2023,6,4382.0
Palencia,2023,7,6414.0
Palencia,2023,8,8914.0
Palencia,2023,9,6648.0
Palencia,2023,10,4340.0
Palencia,2023,11,1682.0
Palencia,2023,12,1270.0
Palencia,2024,1,1317.0
Palencia,2024,2,1253.0
Palencia,2024,3,1766.0
Palencia,2024,4,5170.0
Palencia,2024,5,8143.0
Palencia,2024,6,7523.0
Palencia,2024,7,6841.0
Palencia,2024,8,7437.0
Palencia,2024,9,7652.0
Palencia,2024,10,5331.0
Palencia,2024,11,1564.0
Palencia,2024,12,1634.0
Palencia,2025,1,1637.0
Palencia,2025,2,1544.0
Palencia,2025,3,2095.0
Palencia,2025,4,2381.0
Palencia,2025,5,7132.0
Palencia,2025,6,6782.0
Palencia,2025,7,5891.0
Palencia,2025,8,6770.0
Palencia,2025,9,7766.0
Pontevedra,1999,1,3217.0
Pontevedra,1999,2,5439.0
Pontevedra,1999,3,5696.0
Pontevedra,1999,4,7929.0
Pontevedra,1999,5,9404.0
Pontevedra,1999,6,15983.0
Pontevedra,1999,7,18933.0
Pontevedra,1999,8,20136.0
Pontevedra,1999,9,18793.0
Pontevedra,1999,10,14244.0
Pontevedra,1999,11,7741.0
Pontevedra,1999,12,6664.0
Pontevedra,2000,1,4864.0
Pontevedra,2000,2,5983.0
Pontevedra,2000,3,9725.0
Pontevedra,2000,4,12596.0
Pontevedra,2000,5,9746.0
Pontevedra,2000,6,15934.0
Pontevedra,2000,7,21703.0
Pontevedra,2000,8,23991.0
Pontevedra,2000,9,19896.0
Pontevedra,2000,10,13770.0
Pontevedra,2000,11,7676.0
Pontevedra,2000,12,10566.0
Pontevedra,2001,1,4873.0
Pontevedra,2001,2,8850.0
Pontevedra,2001,3,5936.0
Pontevedra,2001,4,10441.0
Pontevedra,2001,5,14940.0
Pontevedra,2001,6,18676.0
Pontevedra,2001,7,19574.0
Pontevedra,2001,8,24072.0
Pontevedra,2001,9,21238.0
Pontevedra,2001,10,16997.0
Pontevedra,2001,11,8238.0
Pontevedra,2001,12,10665.0
Pontevedra,2002,1,6261.0
Pontevedra,2002,2,8666.0
Pontevedra,2002,3,9988.0
Pontevedra,2002,4,11023.0
Pontevedra,2002,5,14818.0
Pontevedra,2002,6,17295.0
Pontevedra,2002,7,18561.0
Pontevedra,2002,8,23467.0
Pontevedra,2002,9,19170.0
Pontevedra,2002,10,13128.0
Pontevedra,2002,11,7443.0
Pontevedra,2002,12,12056.0
Pontevedra,2003,1,6114.0
Pontevedra,2003,2,6258.0
Pontevedra,2003,3,7957.0
Pontevedra,2003,4,11737.0
Pontevedra,2003,5,13330.0
Pontevedra,2003,6,14733.0
Pontevedra,2003,7,21316.0
Pontevedra,2003,8,28870.0
Pontevedra,2003,9,24930.0
Pontevedra,2003,10,13490.0
Pontevedra,2003,11,10772.0
Pontevedra,2003,12,9674.0
Pontevedra,2004,1,7150.0
Pontevedra,2004,2,12920.0
Pontevedra,2004,3,8062.0
Pontevedra,2004,4,10699.0
Pontevedra,2004,5,14584.0
Pontevedra,2004,6,26545.0
Pontevedra,2004,7,24396.0
Pontevedra,2004,8,28656.0
Pontevedra,2004,9,20717.0
Pontevedra,2004,10,17856.0
Pontevedra,2004,11,8602.0
Pontevedra,2004,12,10203.0
Pontevedra,2005,1,9093.0
Pontevedra,2005,2,8443.0
Pontevedra,2005,3,10250.0
Pontevedra,2005,4,14647.0
Pontevedra,2005,5,17377.0
Pontevedra,2005,6,23181.0
Pontevedra,2005,7,25821.0
Pontevedra,2005,8,30087.0
Pontevedra,2005,9,23447.0
Pontevedra,2005,10,19277.0
Pontevedra,2005,11,15384.0
Pontevedra,2005,12,14105.0
Pontevedra,2006,1,8874.0
Pontevedra,2006,2,10972.0
Pontevedra,2006,3,10644.0
Pontevedra,2006,4,19010.0
Pontevedra,2006,5,18950.0
Pontevedra,2006,6,23051.0
Pontevedra,2006,7,25759.0
Pontevedra,2006,8,31242.0
Pontevedra,2006,9,26143.0
Pontevedra,2006,10,19619.0
Pontevedra,2006,11,10451.0
Pontevedra,2006,12,13066.0
Pontevedra,2007,1,8859.0
Pontevedra,2007,2,11551.0
Pontevedra,2007,3,13120.0
Pontevedra,2007,4,16587.0
Pontevedra,2007,5,17511.0
Pontevedra,2007,6,23215.0
Pontevedra,2007,7,24787.0
Pontevedra,2007,8,28960.0
Pontevedra,2007,9,25998.0
Pontevedra,2007,10,23680.0
Pontevedra,2007,11,11642.0
Pontevedra,2007,12,12615.0
Pontevedra,2008,1,12102.0
Pontevedra,2008,2,10944.0
Pontevedra,2008,3,13105.0
Pontevedra,2008,4,15341.0
Pontevedra,2008,5,19252.0
Pontevedra,2008,6,20303.0
Pontevedra,2008,7,22329.0
Pontevedra,2008,8,29562.0
Pontevedra,2008,9,21029.0
Pontevedra,2008,10,18386.0
Pontevedra,2008,11,10218.0
Pontevedra,2008,12,10047.0
Pontevedra,2009,1,8064.0
Pontevedra,2009,2,8716.0
Pontevedra,2009,3,8814.0
Pontevedra,2009,4,12188.0
Pontevedra,2009,5,15056.0
Pontevedra,2009,6,18157.0
Pontevedra,2009,7,20682.0
Pontevedra,2009,8,27289.0
Pontevedra,2009,9,20215.0
Pontevedra,2009,10,19463.0
Pontevedra,2009,11,8229.0
Pontevedra,2009,12,8780.0
Pontevedra,2010,1,6041.0
Pontevedra,2010,2,7862.0
Pontevedra,2010,3,9057.0
Pontevedra,2010,4,14965.0
Pontevedra,2010,5,18994.0
Pontevedra,2010,6,21429.0
Pontevedra,2010,7,24534.0
Pontevedra,2010,8,32259.0
Pontevedra,2010,9,21472.0
Pontevedra,2010,10,16687.0
Pontevedra,2010,11,7839.0
Pontevedra,2010,12,8109.0
Pontevedra,2011,1,5697.0
Pontevedra,2011,2,6572.0
Pontevedra,2011,3,8965.0
Pontevedra,2011,4,15387.0
Pontevedra,2011,5,19020.0
Pontevedra,2011,6,23435.0
Pontevedra,2011,7,21588.0
Pontevedra,2011,8,29718.0
Pontevedra,2011,9,22933.0
Pontevedra,2011,10,17878.0
Pontevedra,2011,11,7950.0
Pontevedra,2011,12,8261.0
Pontevedra,2012,1,6373.0
Pontevedra,2012,2,6785.0
Pontevedra,2012,3,8909.0
Pontevedra,2012,4,13468.0
Pontevedra,2012,5,14684.0
Pontevedra,2012,6,17807.0
Pontevedra,2012,7,22250.0
Pontevedra,2012,8,32235.0
Pontevedra,2012,9,23193.0
Pontevedra,2012,10,15334.0
Pontevedra,2012,11,7494.0
Pontevedra,2012,12,8567.0
Pontevedra,2013,1,5081.0
Pontevedra,2013,2,6314.0
Pontevedra,2013,3,9736.0
Pontevedra,2013,4,10581.0
Pontevedra,2013,5,16192.0
Pontevedra,2013,6,20553.0
Pontevedra,2013,7,20503.0
Pontevedra,2013,8,29864.0
Pontevedra,2013,9,25634.0
Pontevedra,2013,10,14782.0
Pontevedra,2013,11,6097.0
Pontevedra,2013,12,6240.0
Pontevedra,2014,1,4219.0
Pontevedra,2014,2,4784.0
Pontevedra,2014,3,8396.0
Pontevedra,2014,4,13136.0
Pontevedra,2014,5,18588.0
Pontevedra,2014,6,21071.0
Pontevedra,2014,7,23770.0
Pontevedra,2014,8,35492.0
Pontevedra,2014,9,27426.0
Pontevedra,2014,10,13776.0
Pontevedra,2014,11,7673.0
Pontevedra,2014,12,7872.0
Pontevedra,2015,1,6461.0
Pontevedra,2015,2,7141.0
Pontevedra,2015,3,8133.0
Pontevedra,2015,4,14224.0
Pontevedra,2015,5,20714.0
Pontevedra,2015,6,22792.0
Pontevedra,2015,7,27725.0
Pontevedra,2015,8,31077.0
Pontevedra,2015,9,26966.0
Pontevedra,2015,10,18949.0
Pontevedra,2015,11,7652.0
Pontevedra,2015,12,8717.0
Pontevedra,2016,1,6297.0
Pontevedra,2016,2,7545.0
Pontevedra,2016,3,9205.0
Pontevedra,2016,4,16101.0
Pontevedra,2016,5,20724.0
Pontevedra,2016,6,33879.0
Pontevedra,2016,7,40226.0
Pontevedra,2016,8,44370.0
Pontevedra,2016,9,39496.0
Pontevedra,2016,10,24332.0
Pontevedra,2016,11,9994.0
Pontevedra,2016,12,9295.0
Pontevedra,2017,1,8026.0
Pontevedra,2017,2,9793.0
Pontevedra,2017,3,10204.0
Pontevedra,2017,4,22725.0
Pontevedra,2017,5,30794.0
Pontevedra,2017,6,38511.0
Pontevedra,2017,7,44086.0
Pontevedra,2017,8,49286.0
Pontevedra,2017,9,47645.0
Pontevedra,2017,10,31659.0
Pontevedra,2017,11,10756.0
Pontevedra,2017,12,11156.0
Pontevedra,2018,1,8382.0
Pontevedra,2018,2,10320.0
Pontevedra,2018,3,14032.0
Pontevedra,2018,4,23768.0
Pontevedra,2018,5,34219.0
Pontevedra,2018,6,38171.0
Pontevedra,2018,7,43170.0
Pontevedra,2018,8,49896.0
Pontevedra,2018,9,53661.0
Pontevedra,2018,10,30712.0
Pontevedra,2018,11,11172.0
Pontevedra,2018,12,14362.0
Pontevedra,2019,1,8304.0
Pontevedra,2019,2,8741.0
Pontevedra,2019,3,14926.0
Pontevedra,2019,4,32861.0
Pontevedra,2019,5,45388.0
Pontevedra,2019,6,53235.0
Pontevedra,2019,7,45784.0
Pontevedra,2019,8,55712.0
Pontevedra,2019,9,64635.0
Pontevedra,2019,10,35180.0
Pontevedra,2019,11,13144.0
Pontevedra,2019,12,11671.0
Pontevedra,2020,1,8603.0
Pontevedra,2020,2,10811.0
Pontevedra,2020,3,5364.0
Pontevedra,2020,4,0.0
Pontevedra,2020,5,210.0
Pontevedra,2020,6,924.0
Pontevedra,2020,7,10868.0
Pontevedra,2020,8,15417.0
Pontevedra,2020,9,8236.0
Pontevedra,2020,10,5624.0
Pontevedra,2020,11,1489.0
Pontevedra,2020,12,1424.0
Pontevedra,2021,1,1743.0
Pontevedra,2021,2,1418.0
Pontevedra,2021,3,1845.0
Pontevedra,2021,4,2289.0
Pontevedra,2021,5,5479.0
Pontevedra,2021,6,16961.0
Pontevedra,2021,7,19722.0
Pontevedra,2021,8,30259.0
Pontevedra,2021,9,30996.0
Pontevedra,2021,10,26384.0
Pontevedra,2021,11,8870.0
Pontevedra,2021,12,7194.0
Pontevedra,2022,1,5105.0
Pontevedra,2022,2,8476.0
Pontevedra,2022,3,11223.0
Pontevedra,2022,4,29273.0
Pontevedra,2022,5,44016.0
Pontevedra,2022,6,44002.0
Pontevedra,2022,7,45052.0
Pontevedra,2022,8,54275.0
Pontevedra,2022,9,58969.0
Pontevedra,2022,10,36607.0
Pontevedra,2022,11,11522.0
Pontevedra,2022,12,24449.0
Pontevedra,2023,1,13261.0
Pontevedra,2023,2,10954.0
Pontevedra,2023,3,13612.0
Pontevedra,2023,4,40599.0
Pontevedra,2023,5,51829.0
Pontevedra,2023,6,45859.0
Pontevedra,2023,7,49035.0
Pontevedra,2023,8,67098.0
Pontevedra,2023,9,71633.0
Pontevedra,2023,10,41621.0
Pontevedra,2023,11,15491.0
Pontevedra,2023,12,40139.0
Pontevedra,2024,1,14317.0
Pontevedra,2024,2,12339.0
Pontevedra,2024,3,21111.0
Pontevedra,2024,4,48190.0
Pontevedra,2024,5,71866.0
Pontevedra,2024,6,66275.0
Pontevedra,2024,7,57751.0
Pontevedra,2024,8,77389.0
Pontevedra,2024,9,91298.0
Pontevedra,2024,10,55800.0
Pontevedra,2024,11,23318.0
Pontevedra,2024,12,31649.0
Pontevedra,2025,1,12486.0
Pontevedra,2025,2,10843.0
Pontevedra,2025,3,22442.0
Pontevedra,2025,4,61386.0
Pontevedra,2025,5,87138.0
Pontevedra,2025,6,74206.0
Pontevedra,2025,7,61321.0
Pontevedra,2025,8,74718.0
Pontevedra,2025,9,100378.0
Salamanca,1999,1,4754.0
Salamanca,1999,2,4789.0
Salamanca,1999,3,7985.0
Salamanca,1999,4,12577.0
Salamanca,1999,5,16631.0
Salamanca,1999,6,15512.0
Salamanca,1999,7,15509.0
Salamanca,1999,8,21033.0
Salamanca,1999,9,18354.0
Salamanca,1999,10,17974.0
Salamanca,1999,11,6794.0
Salamanca,1999,12,4932.0
Salamanca,2000,1,5480.0
Salamanca,2000,2,5868.0
Salamanca,2000,3,12905.0
Salamanca,2000,4,14636.0
Salamanca,2000,5,21013.0
Salamanca,2000,6,17327.0
Salamanca,2000,7,18997.0
Salamanca,2000,8,21834.0
Salamanca,2000,9,19745.0
Salamanca,2000,10,17592.0
Salamanca,2000,11,9216.0
Salamanca,2000,12,6782.0
Salamanca,2001,1,5383.0
Salamanca,2001,2,6646.0
Salamanca,2001,3,11123.0
Salamanca,2001,4,13575.0
Salamanca,2001,5,16928.0
Salamanca,2001,6,17090.0
Salamanca,2001,7,16665.0
Salamanca,2001,8,21599.0
Salamanca,2001,9,18761.0
Salamanca,2001,10,12536.0
Salamanca,2001,11,7463.0
Salamanca,2001,12,5605.0
Salamanca,2002,1,5982.0
Salamanca,2002,2,4797.0
Salamanca,2002,3,13512.0
Salamanca,2002,4,14209.0
Salamanca,2002,5,17186.0
Salamanca,2002,6,17984.0
Salamanca,2002,7,17631.0
Salamanca,2002,8,24090.0
Salamanca,2002,9,23095.0
Salamanca,2002,10,14590.0
Salamanca,2002,11,9657.0
Salamanca,2002,12,8157.0
Salamanca,2003,1,6880.0
Salamanca,2003,2,5809.0
Salamanca,2003,3,10597.0
Salamanca,2003,4,14502.0
Salamanca,2003,5,19508.0
Salamanca,2003,6,14481.0
Salamanca,2003,7,18074.0
Salamanca,2003,8,22892.0
Salamanca,2003,9,21621.0
Salamanca,2003,10,15059.0
Salamanca,2003,11,9626.0
Salamanca,2003,12,8630.0
Salamanca,2004,1,5424.0
Salamanca,2004,2,7006.0
Salamanca,2004,3,9854.0
Salamanca,2004,4,17668.0
Salamanca,2004,5,22034.0
Salamanca,2004,6,18106.0
Salamanca,2004,7,18688.0
Salamanca,2004,8,26667.0
Salamanca,2004,9,21531.0
Salamanca,2004,10,17224.0
Salamanca,2004,11,9252.0
Salamanca,2004,12,8967.0
Salamanca,2005,1,6512.0
Salamanca,2005,2,7504.0
Salamanca,2005,3,11444.0
Salamanca,2005,4,15564.0
Salamanca,2005,5,19698.0
Salamanca,2005,6,15698.0
Salamanca,2005,7,20680.0
Salamanca,2005,8,24829.0
Salamanca,2005,9,23257.0
Salamanca,2005,10,16382.0
Salamanca,2005,11,7453.0
Salamanca,2005,12,9570.0
Salamanca,2006,1,6980.0
Salamanca,2006,2,7440.0
Salamanca,2006,3,11625.0
Salamanca,2006,4,17830.0
Salamanca,2006,5,20686.0
Salamanca,2006,6,18270.0
Salamanca,2006,7,19965.0
Salamanca,2006,8,23359.0
Salamanca,2006,9,20536.0
Salamanca,2006,10,21603.0
Salamanca,2006,11,11675.0
Salamanca,2006,12,11827.0
Salamanca,2007,1,7353.0
Salamanca,2007,2,10522.0
Salamanca,2007,3,11248.0
Salamanca,2007,4,17996.0
Salamanca,2007,5,22166.0
Salamanca,2007,6,18451.0
Salamanca,2007,7,20060.0
Salamanca,2007,8,25340.0
Salamanca,2007,9,22501.0
Salamanca,2007,10,19637.0
Salamanca,2007,11,11809.0
Salamanca,2007,12,11142.0
Salamanca,2008,1,7140.0
Salamanca,2008,2,9396.0
Salamanca,2008,3,12680.0
Salamanca,2008,4,17531.0
Salamanca,2008,5,20769.0
Salamanca,2008,6,17396.0
Salamanca,2008,7,20488.0
Salamanca,2008,8,26662.0
Salamanca,2008,9,24228.0
Salamanca,2008,10,18651.0
Salamanca,2008,11,10292.0
Salamanca,2008,12,9982.0
Salamanca,2009,1,8208.0
Salamanca,2009,2,8486.0
Salamanca,2009,3,9939.0
Salamanca,2009,4,18683.0
Salamanca,2009,5,21686.0
Salamanca,2009,6,16971.0
Salamanca,2009,7,18996.0
Salamanca,2009,8,24887.0
Salamanca,2009,9,19800.0
Salamanca,2009,10,18253.0
Salamanca,2009,11,8688.0
Salamanca,2009,12,9632.0
Salamanca,2010,1,6503.0
Salamanca,2010,2,9877.0
Salamanca,2010,3,11095.0
Salamanca,2010,4,18289.0
Salamanca,2010,5,24162.0
Salamanca,2010,6,19591.0
Salamanca,2010,7,21874.0
Salamanca,2010,8,26681.0
Salamanca,2010,9,24713.0
Salamanca,2010,10,22090.0
Salamanca,2010,11,10270.0
Salamanca,2010,12,10559.0
Salamanca,2011,1,6989.0
Salamanca,2011,2,8180.0
Salamanca,2011,3,13161.0
Salamanca,2011,4,20265.0
Salamanca,2011,5,24976.0
Salamanca,2011,6,20841.0
Salamanca,2011,7,24942.0
Salamanca,2011,8,34059.0
Salamanca,2011,9,26371.0
Salamanca,2011,10,21699.0
Salamanca,2011,11,9283.0
Salamanca,2011,12,11095.0
Salamanca,2012,1,7552.0
Salamanca,2012,2,10049.0
Salamanca,2012,3,13098.0
Salamanca,2012,4,19121.0
Salamanca,2012,5,22853.0
Salamanca,2012,6,20978.0
Salamanca,2012,7,23574.0
Salamanca,2012,8,28774.0
Salamanca,2012,9,25693.0
Salamanca,2012,10,21370.0
Salamanca,2012,11,11019.0
Salamanca,2012,12,11742.0
Salamanca,2013,1,6676.0
Salamanca,2013,2,9790.0
Salamanca,2013,3,16504.0
Salamanca,2013,4,19059.0
Salamanca,2013,5,29015.0
Salamanca,2013,6,23403.0
Salamanca,2013,7,27175.0
Salamanca,2013,8,34863.0
Salamanca,2013,9,29227.0
Salamanca,2013,10,22472.0
Salamanca,2013,11,13101.0
Salamanca,2013,12,10226.0
Salamanca,2014,1,8652.0
Salamanca,2014,2,9913.0
Salamanca,2014,3,12919.0
Salamanca,2014,4,20008.0
Salamanca,2014,5,29324.0
Salamanca,2014,6,23322.0
Salamanca,2014,7,26507.0
Salamanca,2014,8,35151.0
Salamanca,2014,9,29569.0
Salamanca,2014,10,25481.0
Salamanca,2014,11,12294.0
Salamanca,2014,12,12398.0
Salamanca,2015,1,9385.0
Salamanca,2015,2,11354.0
Salamanca,2015,3,16742.0
Salamanca,2015,4,20684.0
Salamanca,2015,5,28181.0
Salamanca,2015,6,24195.0
Salamanca,2015,7,30703.0
Salamanca,2015,8,40640.0
Salamanca,2015,9,33664.0
Salamanca,2015,10,28617.0
Salamanca,2015,11,15283.0
Salamanca,2015,12,12370.0
Salamanca,2016,1,10248.0
Salamanca,2016,2,12641.0
Salamanca,2016,3,15241.0
Salamanca,2016,4,22777.0
Salamanca,2016,5,29121.0
Salamanca,2016,6,25999.0
Salamanca,2016,7,33140.0
Salamanca,2016,8,39026.0
Salamanca,2016,9,33510.0
Salamanca,2016,10,25796.0
Salamanca,2016,11,13153.0
Salamanca,2016,12,14000.0
Salamanca,2017,1,10162.0
Salamanca,2017,2,13862.0
Salamanca,2017,3,14911.0
Salamanca,2017,4,24645.0
Salamanca,2017,5,34883.0
Salamanca,2017,6,32131.0
Salamanca,2017,7,37373.0
Salamanca,2017,8,40681.0
Salamanca,2017,9,36641.0
Salamanca,2017,10,33494.0
Salamanca,2017,11,14026.0
Salamanca,2017,12,16020.0
Salamanca,2018,1,13075.0
Salamanca,2018,2,14693.0
Salamanca,2018,3,18514.0
Salamanca,2018,4,26312.0
Salamanca,2018,5,32960.0
Salamanca,2018,6,29482.0
Salamanca,2018,7,35973.0
Salamanca,2018,8,40344.0
Salamanca,2018,9,34515.0
Salamanca,2018,10,29880.0
Salamanca,2018,11,18651.0
Salamanca,2018,12,15021.0
Salamanca,2019,1,13699.0
Salamanca,2019,2,13851.0
Salamanca,2019,3,20277.0
Salamanca,2019,4,29586.0
Salamanca,2019,5,35900.0
Salamanca,2019,6,30679.0
Salamanca,2019,7,33660.0
Salamanca,2019,8,41479.0
Salamanca,2019,9,34303.0
Salamanca,2019,10,31494.0
Salamanca,2019,11,19663.0
Salamanca,2019,12,18059.0
Salamanca,2020,1,16679.0
Salamanca,2020,2,17608.0
Salamanca,2020,3,6731.0
Salamanca,2020,4,0.0
Salamanca,2020,5,29.0
Salamanca,2020,6,843.0
Salamanca,2020,7,8096.0
Salamanca,2020,8,9076.0
Salamanca,2020,9,6408.0
Salamanca,2020,10,4175.0
Salamanca,2020,11,1075.0
Salamanca,2020,12,1202.0
Salamanca,2021,1,1114.0
Salamanca,2021,2,824.0
Salamanca,2021,3,1332.0
Salamanca,2021,4,1282.0
Salamanca,2021,5,4231.0
Salamanca,2021,6,7592.0
Salamanca,2021,7,13584.0
Salamanca,2021,8,19962.0
Salamanca,2021,9,15894.0
Salamanca,2021,10,20395.0
Salamanca,2021,11,11236.0
Salamanca,2021,12,9107.0
Salamanca,2022,1,8358.0
Salamanca,2022,2,9207.0
Salamanca,2022,3,12551.0
Salamanca,2022,4,20818.0
Salamanca,2022,5,24569.0
Salamanca,2022,6,23976.0
Salamanca,2022,7,34909.0
Salamanca,2022,8,39268.0
Salamanca,2022,9,28791.0
Salamanca,2022,10,27964.0
Salamanca,2022,11,15859.0
Salamanca,2022,12,16688.0
Salamanca,2023,1,12115.0
Salamanca,2023,2,15734.0
Salamanca,2023,3,16530.0
Salamanca,2023,4,26354.0
Salamanca,2023,5,29736.0
Salamanca,2023,6,26766.0
Salamanca,2023,7,37465.0
Salamanca,2023,8,47450.0
Salamanca,2023,9,32832.0
Salamanca,2023,10,33088.0
Salamanca,2023,11,20533.0
Salamanca,2023,12,18099.0
Salamanca,2024,1,13948.0
Salamanca,2024,2,18476.0
Salamanca,2024,3,21805.0
Salamanca,2024,4,31458.0
Salamanca,2024,5,34686.0
Salamanca,2024,6,28955.0
Salamanca,2024,7,37532.0
Salamanca,2024,8,45951.0
Salamanca,2024,9,35519.0
Salamanca,2024,10,34583.0
Salamanca,2024,11,20338.0
Salamanca,2024,12,18919.0
Salamanca,2025,1,17455.0
Salamanca,2025,2,16292.0
Salamanca,2025,3,22564.0
Salamanca,2025,4,35277.0
Salamanca,2025,5,39503.0
Salamanca,2025,6,34072.0
Salamanca,2025,7,42564.0
Salamanca,2025,8,50471.0
Salamanca,2025,9,39195.0
Santa Cruz de Tenerife,1999,1,149725.0
Santa Cruz de Tenerife,1999,2,136686.0
Santa Cruz de Tenerife,1999,3,149931.0
Santa Cruz de Tenerife,1999,4,135143.0
Santa Cruz de Tenerife,1999,5,122175.0
Santa Cruz de Tenerife,1999,6,106790.0
Santa Cruz de Tenerife,1999,7,129876.0
Santa Cruz de Tenerife,1999,8,144870.0
Santa Cruz de Tenerife,1999,9,119673.0
Santa Cruz de Tenerife,1999,10,138304.0
Santa Cruz de Tenerife,1999,11,158535.0
Santa Cruz de Tenerife,1999,12,117158.0
Santa Cruz de Tenerife,2000,1,128604.0
Santa Cruz de Tenerife,2000,2,142206.0
Santa Cruz de Tenerife,2000,3,149984.0
Santa Cruz de Tenerife,2000,4,138315.0
Santa Cruz de Tenerife,2000,5,112464.0
Santa Cruz de Tenerife,2000,6,104756.0
Santa Cruz de Tenerife,2000,7,109286.0
Santa Cruz de Tenerife,2000,8,119378.0
Santa Cruz de Tenerife,2000,9,106222.0
Santa Cruz de Tenerife,2000,10,135429.0
Santa Cruz de Tenerife,2000,11,142069.0
Santa Cruz de Tenerife,2000,12,126289.0
Santa Cruz de Tenerife,2001,1,140964.0
Santa Cruz de Tenerife,2001,2,144705.0
Santa Cruz de Tenerife,2001,3,174540.0
Santa Cruz de Tenerife,2001,4,139018.0
Santa Cruz de Tenerife,2001,5,123699.0
Santa Cruz de Tenerife,2001,6,112664.0
Santa Cruz de Tenerife,2001,7,122151.0
Santa Cruz de Tenerife,2001,8,136456.0
Santa Cruz de Tenerife,2001,9,120103.0
Santa Cruz de Tenerife,2001,10,145943.0
Santa Cruz de Tenerife,2001,11,140201.0
Santa Cruz de Tenerife,2001,12,130534.0
Santa Cruz de Tenerife,2002,1,156435.0
Santa Cruz de Tenerife,2002,2,149567.0
Santa Cruz de Tenerife,2002,3,173679.0
Santa Cruz de Tenerife,2002,4,133111.0
Santa Cruz de Tenerife,2002,5,102442.0
Santa Cruz de Tenerife,2002,6,97266.0
Santa Cruz de Tenerife,2002,7,109123.0
Santa Cruz de Tenerife,2002,8,117415.0
Santa Cruz de Tenerife,2002,9,114012.0
Santa Cruz de Tenerife,2002,10,134923.0
Santa Cruz de Tenerife,2002,11,139779.0
Santa Cruz de Tenerife,2002,12,139086.0
Santa Cruz de Tenerife,2003,1,140646.0
Santa Cruz de Tenerife,2003,2,148994.0
Santa Cruz de Tenerife,2003,3,158528.0
Santa Cruz de Tenerife,2003,4,153049.0
Santa Cruz de Tenerife,2003,5,122072.0
Santa Cruz de Tenerife,2003,6,110251.0
Santa Cruz de Tenerife,2003,7,120386.0
Santa Cruz de Tenerife,2003,8,131871.0
Santa Cruz de Tenerife,2003,9,113071.0
Santa Cruz de Tenerife,2003,10,149142.0
Santa Cruz de Tenerife,2003,11,139950.0
Santa Cruz de Tenerife,2003,12,134402.0
Santa Cruz de Tenerife,2004,1,143261.0
Santa Cruz de Tenerife,2004,2,153283.0
Santa Cruz de Tenerife,2004,3,161638.0
Santa Cruz de Tenerife,2004,4,140875.0
Santa Cruz de Tenerife,2004,5,105788.0
Santa Cruz de Tenerife,2004,6,102442.0
Santa Cruz de Tenerife,2004,7,110338.0
Santa Cruz de Tenerife,2004,8,120051.0
Santa Cruz de Tenerife,2004,9,113695.0
Santa Cruz de Tenerife,2004,10,150263.0
Santa Cruz de Tenerife,2004,11,145030.0
Santa Cruz de Tenerife,2004,12,138015.0
Santa Cruz de Tenerife,2005,1,161171.0
Santa Cruz de Tenerife,2005,2,145600.0
Santa Cruz de Tenerife,2005,3,154893.0
Santa Cruz de Tenerife,2005,4,129379.0
Santa Cruz de Tenerife,2005,5,106736.0
Santa Cruz de Tenerife,2005,6,107944.0
Santa Cruz de Tenerife,2005,7,113735.0
Santa Cruz de Tenerife,2005,8,123085.0
Santa Cruz de Tenerife,2005,9,121188.0
Santa Cruz de Tenerife,2005,10,159744.0
Santa Cruz de Tenerife,2005,11,158511.0
Santa Cruz de Tenerife,2005,12,149319.0
Santa Cruz de Tenerife,2006,1,169380.0
Santa Cruz de Tenerife,2006,2,163973.0
Santa Cruz de Tenerife,2006,3,178801.0
Santa Cruz de Tenerife,2006,4,166977.0
Santa Cruz de Tenerife,2006,5,126414.0
Santa Cruz de Tenerife,2006,6,130642.0
Santa Cruz de Tenerife,2006,7,131162.0
Santa Cruz de Tenerife,2006,8,141915.0
Santa Cruz de Tenerife,2006,9,144277.0
Santa Cruz de Tenerife,2006,10,175966.0
Santa Cruz de Tenerife,2006,11,175739.0
Santa Cruz de Tenerife,2006,12,166607.0
Santa Cruz de Tenerife,2007,1,177643.0
Santa Cruz de Tenerife,2007,2,170282.0
Santa Cruz de Tenerife,2007,3,209842.0
Santa Cruz de Tenerife,2007,4,178802.0
Santa Cruz de Tenerife,2007,5,122875.0
Santa Cruz de Tenerife,2007,6,139799.0
Santa Cruz de Tenerife,2007,7,138069.0
Santa Cruz de Tenerife,2007,8,153689.0
Santa Cruz de Tenerife,2007,9,140719.0
Santa Cruz de Tenerife,2007,10,191178.0
Santa Cruz de Tenerife,2007,11,207700.0
Santa Cruz de Tenerife,2007,12,198622.0
Santa Cruz de Tenerife,2008,1,206891.0
Santa Cruz de Tenerife,2008,2,216218.0
Santa Cruz de Tenerife,2008,3,212121.0
Santa Cruz de Tenerife,2008,4,195675.0
Santa Cruz de Tenerife,2008,5,138168.0
Santa Cruz de Tenerife,2008,6,137578.0
Santa Cruz de Tenerife,2008,7,154365.0
Santa Cruz de Tenerife,2008,8,155102.0
Santa Cruz de Tenerife,2008,9,145560.0
Santa Cruz de Tenerife,2008,10,187682.0
Santa Cruz de Tenerife,2008,11,189555.0
Santa Cruz de Tenerife,2008,12,178650.0
Santa Cruz de Tenerife,2009,1,175595.0
Santa Cruz de Tenerife,2009,2,170267.0
Santa Cruz de Tenerife,2009,3,180458.0
Santa Cruz de Tenerife,2009,4,154784.0
Santa Cruz de Tenerife,2009,5,124345.0
Santa Cruz de Tenerife,2009,6,116752.0
Santa Cruz de Tenerife,2009,7,128036.0
Santa Cruz de Tenerife,2009,8,122765.0
Santa Cruz de Tenerife,2009,9,116165.0
Santa Cruz de Tenerife,2009,10,152360.0
Santa Cruz de Tenerife,2009,11,169895.0
Santa Cruz de Tenerife,2009,12,148971.0
Santa Cruz de Tenerife,2010,1,168804.0
Santa Cruz de Tenerife,2010,2,169340.0
Santa Cruz de Tenerife,2010,3,168162.0
Santa Cruz de Tenerife,2010,4,166776.0
Santa Cruz de Tenerife,2010,5,127374.0
Santa Cruz de Tenerife,2010,6,123205.0
Santa Cruz de Tenerife,2010,7,151915.0
Santa Cruz de Tenerife,2010,8,153000.0
Santa Cruz de Tenerife,2010,9,140569.0
Santa Cruz de Tenerife,2010,10,190519.0
Santa Cruz de Tenerife,2010,11,183970.0
Santa Cruz de Tenerife,2010,12,181026.0
Santa Cruz de Tenerife,2011,1,194621.0
Santa Cruz de Tenerife,2011,2,206495.0
Santa Cruz de Tenerife,2011,3,215880.0
Santa Cruz de Tenerife,2011,4,206871.0
Santa Cruz de Tenerife,2011,5,142846.0
Santa Cruz de Tenerife,2011,6,149463.0
Santa Cruz de Tenerife,2011,7,181059.0
Santa Cruz de Tenerife,2011,8,178465.0
Santa Cruz de Tenerife,2011,9,167837.0
Santa Cruz de Tenerife,2011,10,212725.0
Santa Cruz de Tenerife,2011,11,207846.0
Santa Cruz de Tenerife,2011,12,192501.0
Santa Cruz de Tenerife,2012,1,210114.0
Santa Cruz de Tenerife,2012,2,208831.0
Santa Cruz de Tenerife,2012,3,216616.0
Santa Cruz de Tenerife,2012,4,190574.0
Santa Cruz de Tenerife,2012,5,158089.0
Santa Cruz de Tenerife,2012,6,168696.0
Santa Cruz de Tenerife,2012,7,185151.0
Santa Cruz de Tenerife,2012,8,181266.0
Santa Cruz de Tenerife,2012,9,187203.0
Santa Cruz de Tenerife,2012,10,217940.0
Santa Cruz de Tenerife,2012,11,215991.0
Santa Cruz de Tenerife,2012,12,204356.0
Santa Cruz de Tenerife,2013,1,211209.0
Santa Cruz de Tenerife,2013,2,207749.0
Santa Cruz de Tenerife,2013,3,233631.0
Santa Cruz de Tenerife,2013,4,197683.0
Santa Cruz de Tenerife,2013,5,180865.0
Santa Cruz de Tenerife,2013,6,168220.0
Santa Cruz de Tenerife,2013,7,193223.0
Santa Cruz de Tenerife,2013,8,205696.0
Santa Cruz de Tenerife,2013,9,188817.0
Santa Cruz de Tenerife,2013,10,232662.0
Santa Cruz de Tenerife,2013,11,244383.0
Santa Cruz de Tenerife,2013,12,232497.0
Santa Cruz de Tenerife,2014,1,233976.0
Santa Cruz de Tenerife,2014,2,233638.0
Santa Cruz de Tenerife,2014,3,269604.0
Santa Cruz de Tenerife,2014,4,225931.0
Santa Cruz de Tenerife,2014,5,193157.0
Santa Cruz de Tenerife,2014,6,183107.0
Santa Cruz de Tenerife,2014,7,207062.0
Santa Cruz de Tenerife,2014,8,219916.0
Santa Cruz de Tenerife,2014,9,201278.0
Santa Cruz de Tenerife,2014,10,251155.0
Santa Cruz de Tenerife,2014,11,239636.0
Santa Cruz de Tenerife,2014,12,225145.0
Santa Cruz de Tenerife,2015,1,229991.0
Santa Cruz de Tenerife,2015,2,226770.0
Santa Cruz de Tenerife,2015,3,240233.0
Santa Cruz de Tenerife,2015,4,210494.0
Santa Cruz de Tenerife,2015,5,192628.0
Santa Cruz de Tenerife,2015,6,175433.0
Santa Cruz de Tenerife,2015,7,205588.0
Santa Cruz de Tenerife,2015,8,217894.0
Santa Cruz de Tenerife,2015,9,201929.0
Santa Cruz de Tenerife,2015,10,253798.0
Santa Cruz de Tenerife,2015,11,247623.0
Santa Cruz de Tenerife,2015,12,233423.0
Santa Cruz de Tenerife,2016,1,241512.0
Santa Cruz de Tenerife,2016,2,248720.0
Santa Cruz de Tenerife,2016,3,268550.0
Santa Cruz de Tenerife,2016,4,239441.0
Santa Cruz de Tenerife,2016,5,213974.0
Santa Cruz de Tenerife,2016,6,206635.0
Santa Cruz de Tenerife,2016,7,246944.0
Santa Cruz de Tenerife,2016,8,243418.0
Santa Cruz de Tenerife,2016,9,226776.0
Santa Cruz de Tenerife,2016,10,272200.0
Santa Cruz de Tenerife,2016,11,247214.0
Santa Cruz de Tenerife,2016,12,250036.0
Santa Cruz de Tenerife,2017,1,251577.0
Santa Cruz de Tenerife,2017,2,252553.0
Santa Cruz de Tenerife,2017,3,261574.0
Santa Cruz de Tenerife,2017,4,257218.0
Santa Cruz de Tenerife,2017,5,214160.0
Santa Cruz de Tenerife,2017,6,226958.0
Santa Cruz de Tenerife,2017,7,253003.0
Santa Cruz de Tenerife,2017,8,236949.0
Santa Cruz de Tenerife,2017,9,233098.0
Santa Cruz de Tenerife,2017,10,270405.0
Santa Cruz de Tenerife,2017,11,252311.0
Santa Cruz de Tenerife,2017,12,238229.0
Santa Cruz de Tenerife,2018,1,242063.0
Santa Cruz de Tenerife,2018,2,246496.0
Santa Cruz de Tenerife,2018,3,277176.0
Santa Cruz de Tenerife,2018,4,245271.0
Santa Cruz de Tenerife,2018,5,219770.0
Santa Cruz de Tenerife,2018,6,217667.0
Santa Cruz de Tenerife,2018,7,242147.0
Santa Cruz de Tenerife,2018,8,238779.0
Santa Cruz de Tenerife,2018,9,230907.0
Santa Cruz de Tenerife,2018,10,274695.0
Santa Cruz de Tenerife,2018,11,257873.0
Santa Cruz de Tenerife,2018,12,258705.0
Santa Cruz de Tenerife,2019,1,259236.0
Santa Cruz de Tenerife,2019,2,254837.0
Santa Cruz de Tenerife,2019,3,281977.0
Santa Cruz de Tenerife,2019,4,249957.0
Santa Cruz de Tenerife,2019,5,232547.0
Santa Cruz de Tenerife,2019,6,225949.0
Santa Cruz de Tenerife,2019,7,243367.0
Santa Cruz de Tenerife,2019,8,240470.0
Santa Cruz de Tenerife,2019,9,229217.0
Santa Cruz de Tenerife,2019,10,270551.0
Santa Cruz de Tenerife,2019,11,261921.0
Santa Cruz de Tenerife,2019,12,255914.0
Santa Cruz de Tenerife,2020,1,258293.0
Santa Cruz de Tenerife,2020,2,268200.0
Santa Cruz de Tenerife,2020,3,110788.0
Santa Cruz de Tenerife,2020,4,0.0
Santa Cruz de Tenerife,2020,5,60.0
Santa Cruz de Tenerife,2020,6,511.0
Santa Cruz de Tenerife,2020,7,29921.0
Santa Cruz de Tenerife,2020,8,43294.0
Santa Cruz de Tenerife,2020,9,25474.0
Santa Cruz de Tenerife,2020,10,26099.0
Santa Cruz de Tenerife,2020,11,32811.0
Santa Cruz de Tenerife,2020,12,39801.0
Santa Cruz de Tenerife,2021,1,18085.0
Santa Cruz de Tenerife,2021,2,19558.0
Santa Cruz de Tenerife,2021,3,25536.0
Santa Cruz de Tenerife,2021,4,32306.0
Santa Cruz de Tenerife,2021,5,37490.0
Santa Cruz de Tenerife,2021,6,46418.0
Santa Cruz de Tenerife,2021,7,87580.0
Santa Cruz de Tenerife,2021,8,135843.0
Santa Cruz de Tenerife,2021,9,153639.0
Santa Cruz de Tenerife,2021,10,231814.0
Santa Cruz de Tenerife,2021,11,227561.0
Santa Cruz de Tenerife,2021,12,199285.0
Santa Cruz de Tenerife,2022,1,184433.0
Santa Cruz de Tenerife,2022,2,236632.0
Santa Cruz de Tenerife,2022,3,262334.0
Santa Cruz de Tenerife,2022,4,260334.0
Santa Cruz de Tenerife,2022,5,224717.0
Santa Cruz de Tenerife,2022,6,228907.0
Santa Cruz de Tenerife,2022,7,249417.0
Santa Cruz de Tenerife,2022,8,253837.0
Santa Cruz de Tenerife,2022,9,231534.0
Santa Cruz de Tenerife,2022,10,279713.0
Santa Cruz de Tenerife,2022,11,268582.0
Santa Cruz de Tenerife,2022,12,296760.0
Santa Cruz de Tenerife,2023,1,272802.0
Santa Cruz de Tenerife,2023,2,274513.0
Santa Cruz de Tenerife,2023,3,291743.0
Santa Cruz de Tenerife,2023,4,270408.0
Santa Cruz de Tenerife,2023,5,248268.0
Santa Cruz de Tenerife,2023,6,246835.0
Santa Cruz de Tenerife,2023,7,269257.0
Santa Cruz de Tenerife,2023,8,261064.0
Santa Cruz de Tenerife,2023,9,253086.0
Santa Cruz de Tenerife,2023,10,301272.0
Santa Cruz de Tenerife,2023,11,292090.0
Santa Cruz de Tenerife,2023,12,289396.0
Santa Cruz de Tenerife,2024,1,302217.0
Santa Cruz de Tenerife,2024,2,298664.0
Santa Cruz de Tenerife,2024,3,325100.0
Santa Cruz de Tenerife,2024,4,282276.0
Santa Cruz de Tenerife,2024,5,263845.0
Santa Cruz de Tenerife,2024,6,258292.0
Santa Cruz de Tenerife,2024,7,276360.0
Santa Cruz de Tenerife,2024,8,281821.0
Santa Cruz de Tenerife,2024,9,266524.0
Santa Cruz de Tenerife,2024,10,307335.0
Santa Cruz de Tenerife,2024,11,309146.0
Santa Cruz de Tenerife,2024,12,300710.0
Santa Cruz de Tenerife,2025,1,314277.0
Santa Cruz de Tenerife,2025,2,315817.0
Santa Cruz de Tenerife,2025,3,316643.0
Santa Cruz de Tenerife,2025,4,291958.0
Santa Cruz de Tenerife,2025,5,268080.0
Santa Cruz de Tenerife,2025,6,265574.0
Santa Cruz de Tenerife,2025,7,279988.0
Santa Cruz de Tenerife,2025,8,285632.0
Santa Cruz de Tenerife,2025,9,257341.0
Segovia,1999,1,1920.0
Segovia,1999,2,2711.0
Segovia,1999,3,5946.0
Segovia,1999,4,7358.0
Segovia,1999,5,8327.0
Segovia,1999,6,5555.0
Segovia,1999,7,7343.0
Segovia,1999,8,7616.0
Segovia,1999,9,7690.0
Segovia,1999,10,5585.0
Segovia,1999,11,2741.0
Segovia,1999,12,2541.0
Segovia,2000,1,1651.0
Segovia,2000,2,2363.0
Segovia,2000,3,4821.0
Segovia,2000,4,7362.0
Segovia,2000,5,9391.0
Segovia,2000,6,7833.0
Segovia,2000,7,8938.0
Segovia,2000,8,9105.0
Segovia,2000,9,8298.0
Segovia,2000,10,7756.0
Segovia,2000,11,3575.0
Segovia,2000,12,2848.0
Segovia,2001,1,2534.0
Segovia,2001,2,1973.0
Segovia,2001,3,4355.0
Segovia,2001,4,6770.0
Segovia,2001,5,7178.0
Segovia,2001,6,7584.0
Segovia,2001,7,7727.0
Segovia,2001,8,9324.0
Segovia,2001,9,6772.0
Segovia,2001,10,7298.0
Segovia,2001,11,2742.0
Segovia,2001,12,2298.0
Segovia,2002,1,2331.0
Segovia,2002,2,4389.0
Segovia,2002,3,4561.0
Segovia,2002,4,6177.0
Segovia,2002,5,8640.0
Segovia,2002,6,6557.0
Segovia,2002,7,8840.0
Segovia,2002,8,8702.0
Segovia,2002,9,7184.0
Segovia,2002,10,7837.0
Segovia,2002,11,2039.0
Segovia,2002,12,2047.0
Segovia,2003,1,2320.0
Segovia,2003,2,1999.0
Segovia,2003,3,3662.0
Segovia,2003,4,6567.0
Segovia,2003,5,6014.0
Segovia,2003,6,4578.0
Segovia,2003,7,5544.0
Segovia,2003,8,7435.0
Segovia,2003,9,6172.0
Segovia,2003,10,5724.0
Segovia,2003,11,2198.0
Segovia,2003,12,2070.0
Segovia,2004,1,1781.0
Segovia,2004,2,1554.0
Segovia,2004,3,2349.0
Segovia,2004,4,5220.0
Segovia,2004,5,6374.0
Segovia,2004,6,5082.0
Segovia,2004,7,5446.0
Segovia,2004,8,7033.0
Segovia,2004,9,5596.0
Segovia,2004,10,4718.0
Segovia,2004,11,2053.0
Segovia,2004,12,1796.0
Segovia,2005,1,1595.0
Segovia,2005,2,1503.0
Segovia,2005,3,2944.0
Segovia,2005,4,3810.0
Segovia,2005,5,4802.0
Segovia,2005,6,3804.0
Segovia,2005,7,5490.0
Segovia,2005,8,5381.0
Segovia,2005,9,4803.0
Segovia,2005,10,4049.0
Segovia,2005,11,1518.0
Segovia,2005,12,1785.0
Segovia,2006,1,1417.0
Segovia,2006,2,1439.0
Segovia,2006,3,2918.0
Segovia,2006,4,4957.0
Segovia,2006,5,5130.0
Segovia,2006,6,4484.0
Segovia,2006,7,6448.0
Segovia,2006,8,6626.0
Segovia,2006,9,5961.0
Segovia,2006,10,5538.0
Segovia,2006,11,2887.0
Segovia,2006,12,2914.0
Segovia,2007,1,2837.0
Segovia,2007,2,2939.0
Segovia,2007,3,3227.0
Segovia,2007,4,5433.0
Segovia,2007,5,6924.0
Segovia,2007,6,7190.0
Segovia,2007,7,6718.0
Segovia,2007,8,7005.0
Segovia,2007,9,7677.0
Segovia,2007,10,6432.0
Segovia,2007,11,2370.0
Segovia,2007,12,2281.0
Segovia,2008,1,1691.0
Segovia,2008,2,2261.0
Segovia,2008,3,2954.0
Segovia,2008,4,4887.0
Segovia,2008,5,7000.0
Segovia,2008,6,5952.0
Segovia,2008,7,7069.0
Segovia,2008,8,6964.0
Segovia,2008,9,6572.0
Segovia,2008,10,6072.0
Segovia,2008,11,2627.0
Segovia,2008,12,1837.0
Segovia,2009,1,1670.0
Segovia,2009,2,1625.0
Segovia,2009,3,2146.0
Segovia,2009,4,5392.0
Segovia,2009,5,6790.0
Segovia,2009,6,4497.0
Segovia,2009,7,6547.0
Segovia,2009,8,6262.0
Segovia,2009,9,6683.0
Segovia,2009,10,5496.0
Segovia,2009,11,2413.0
Segovia,2009,12,2502.0
Segovia,2010,1,2612.0
Segovia,2010,2,2339.0
Segovia,2010,3,3276.0
Segovia,2010,4,4415.0
Segovia,2010,5,6560.0
Segovia,2010,6,7093.0
Segovia,2010,7,6754.0
Segovia,2010,8,6281.0
Segovia,2010,9,8188.0
Segovia,2010,10,6803.0
Segovia,2010,11,3180.0
Segovia,2010,12,2621.0
Segovia,2011,1,1737.0
Segovia,2011,2,1950.0
Segovia,2011,3,3441.0
Segovia,2011,4,6390.0
Segovia,2011,5,8321.0
Segovia,2011,6,7714.0
Segovia,2011,7,6005.0
Segovia,2011,8,10768.0
Segovia,2011,9,8229.0
Segovia,2011,10,7046.0
Segovia,2011,11,2394.0
Segovia,2011,12,2318.0
Segovia,2012,1,1929.0
Segovia,2012,2,2163.0
Segovia,2012,3,3310.0
Segovia,2012,4,5620.0
Segovia,2012,5,7146.0
Segovia,2012,6,7138.0
Segovia,2012,7,7478.0
Segovia,2012,8,6889.0
Segovia,2012,9,7940.0
Segovia,2012,10,6351.0
Segovia,2012,11,2504.0
Segovia,2012,12,2232.0
Segovia,2013,1,1741.0
Segovia,2013,2,2160.0
Segovia,2013,3,3577.0
Segovia,2013,4,5617.0
Segovia,2013,5,8306.0
Segovia,2013,6,6089.0
Segovia,2013,7,7634.0
Segovia,2013,8,8310.0
Segovia,2013,9,6993.0
Segovia,2013,10,7129.0
Segovia,2013,11,2827.0
Segovia,2013,12,2936.0
Segovia,2014,1,1731.0
Segovia,2014,2,2413.0
Segovia,2014,3,2932.0
Segovia,2014,4,7694.0
Segovia,2014,5,9775.0
Segovia,2014,6,8005.0
Segovia,2014,7,9040.0
Segovia,2014,8,7965.0
Segovia,2014,9,9065.0
Segovia,2014,10,6949.0
Segovia,2014,11,2655.0
Segovia,2014,12,2977.0
Segovia,2015,1,1942.0
Segovia,2015,2,2616.0
Segovia,2015,3,4459.0
Segovia,2015,4,7011.0
Segovia,2015,5,8786.0
Segovia,2015,6,7510.0
Segovia,2015,7,7860.0
Segovia,2015,8,9616.0
Segovia,2015,9,10699.0
Segovia,2015,10,8770.0
Segovia,2015,11,4176.0
Segovia,2015,12,3160.0
Segovia,2016,1,2987.0
Segovia,2016,2,2899.0
Segovia,2016,3,4956.0
Segovia,2016,4,7417.0
Segovia,2016,5,9799.0
Segovia,2016,6,8929.0
Segovia,2016,7,9277.0
Segovia,2016,8,8276.0
Segovia,2016,9,10730.0
Segovia,2016,10,10304.0
Segovia,2016,11,3649.0
Segovia,2016,12,3334.0
Segovia,2017,1,3408.0
Segovia,2017,2,3374.0
Segovia,2017,3,4727.0
Segovia,2017,4,9632.0
Segovia,2017,5,11874.0
Segovia,2017,6,10957.0
Segovia,2017,7,10289.0
Segovia,2017,8,9351.0
Segovia,2017,9,11587.0
Segovia,2017,10,9698.0
Segovia,2017,11,3845.0
Segovia,2017,12,3074.0
Segovia,2018,1,4261.0
Segovia,2018,2,3956.0
Segovia,2018,3,4461.0
Segovia,2018,4,7260.0
Segovia,2018,5,10199.0
Segovia,2018,6,9475.0
Segovia,2018,7,9634.0
Segovia,2018,8,9818.0
Segovia,2018,9,10251.0
Segovia,2018,10,11073.0
Segovia,2018,11,5330.0
Segovia,2018,12,3655.0
Segovia,2019,1,4367.0
Segovia,2019,2,3981.0
Segovia,2019,3,5426.0
Segovia,2019,4,9074.0
Segovia,2019,5,13099.0
Segovia,2019,6,12467.0
Segovia,2019,7,10657.0
Segovia,2019,8,9458.0
Segovia,2019,9,12735.0
Segovia,2019,10,11217.0
Segovia,2019,11,5531.0
Segovia,2019,12,4681.0
Segovia,2020,1,5215.0
Segovia,2020,2,3785.0
Segovia,2020,3,1753.0
Segovia,2020,4,0.0
Segovia,2020,7,2266.0
Segovia,2020,8,2803.0
Segovia,2020,9,1502.0
Segovia,2020,10,1164.0
Segovia,2020,11,348.0
Segovia,2020,12,308.0
Segovia,2021,1,181.0
Segovia,2021,2,353.0
Segovia,2021,3,473.0
Segovia,2021,4,419.0
Segovia,2021,5,1368.0
Segovia,2021,6,2189.0
Segovia,2021,7,4647.0
Segovia,2021,8,6047.0
Segovia,2021,9,6762.0
Segovia,2021,10,5820.0
Segovia,2021,11,3992.0
Segovia,2021,12,2751.0
Segovia,2022,1,2331.0
Segovia,2022,2,2604.0
Segovia,2022,3,3388.0
Segovia,2022,4,6680.0
Segovia,2022,5,7892.0
Segovia,2022,6,7821.0
Segovia,2022,7,10371.0
Segovia,2022,8,8205.0
Segovia,2022,9,10228.0
Segovia,2022,10,7653.0
Segovia,2022,11,4090.0
Segovia,2022,12,3197.0
Segovia,2023,1,3709.0
Segovia,2023,2,3848.0
Segovia,2023,3,5262.0
Segovia,2023,4,8225.0
Segovia,2023,5,9547.0
Segovia,2023,6,9032.0
Segovia,2023,7,10930.0
Segovia,2023,8,10005.0
Segovia,2023,9,12337.0
Segovia,2023,10,10855.0
Segovia,2023,11,5534.0
Segovia,2023,12,4821.0
Segovia,2024,1,5281.0
Segovia,2024,2,4715.0
Segovia,2024,3,7206.0
Segovia,2024,4,10153.0
Segovia,2024,5,11837.0
Segovia,2024,6,14979.0
Segovia,2024,7,12786.0
Segovia,2024,8,10589.0
Segovia,2024,9,15290.0
Segovia,2024,10,13056.0
Segovia,2024,11,7433.0
Segovia,2024,12,6399.0
Segovia,2025,1,6311.0
Segovia,2025,2,5134.0
Segovia,2025,3,7719.0
Segovia,2025,4,12503.0
Segovia,2025,5,13621.0
Segovia,2025,6,12387.0
Segovia,2025,7,12310.0
Segovia,2025,8,13523.0
Segovia,2025,9,15537.0
Sevilla,1999,1,44659.0
Sevilla,1999,2,47575.0
Sevilla,1999,3,74670.0
Sevilla,1999,4,99851.0
Sevilla,1999,5,104905.0
Sevilla,1999,6,85212.0
Sevilla,1999,7,74189.0
Sevilla,1999,8,82441.0
Sevilla,1999,9,108944.0
Sevilla,1999,10,99321.0
Sevilla,1999,11,64913.0
Sevilla,1999,12,50394.0
Sevilla,2000,1,46318.0
Sevilla,2000,2,58113.0
Sevilla,2000,3,89006.0
Sevilla,2000,4,123166.0
Sevilla,2000,5,111736.0
Sevilla,2000,6,91862.0
Sevilla,2000,7,75487.0
Sevilla,2000,8,90593.0
Sevilla,2000,9,110116.0
Sevilla,2000,10,107598.0
Sevilla,2000,11,64425.0
Sevilla,2000,12,51344.0
Sevilla,2001,1,48645.0
Sevilla,2001,2,52495.0
Sevilla,2001,3,85826.0
Sevilla,2001,4,106138.0
Sevilla,2001,5,116485.0
Sevilla,2001,6,93987.0
Sevilla,2001,7,76897.0
Sevilla,2001,8,90749.0
Sevilla,2001,9,98811.0
Sevilla,2001,10,83514.0
Sevilla,2001,11,49766.0
Sevilla,2001,12,39079.0
Sevilla,2002,1,35803.0
Sevilla,2002,2,46882.0
Sevilla,2002,3,81560.0
Sevilla,2002,4,98940.0
Sevilla,2002,5,113023.0
Sevilla,2002,6,88816.0
Sevilla,2002,7,72814.0
Sevilla,2002,8,93375.0
Sevilla,2002,9,104160.0
Sevilla,2002,10,94651.0
Sevilla,2002,11,56007.0
Sevilla,2002,12,48856.0
Sevilla,2003,1,33673.0
Sevilla,2003,2,46331.0
Sevilla,2003,3,74830.0
Sevilla,2003,4,93036.0
Sevilla,2003,5,103876.0
Sevilla,2003,6,72185.0
Sevilla,2003,7,66296.0
Sevilla,2003,8,76726.0
Sevilla,2003,9,89580.0
Sevilla,2003,10,97380.0
Sevilla,2003,11,55866.0
Sevilla,2003,12,52725.0
Sevilla,2004,1,40486.0
Sevilla,2004,2,50937.0
Sevilla,2004,3,75745.0
Sevilla,2004,4,97397.0
Sevilla,2004,5,96043.0
Sevilla,2004,6,72829.0
Sevilla,2004,7,59015.0
Sevilla,2004,8,74654.0
Sevilla,2004,9,85067.0
Sevilla,2004,10,81788.0
Sevilla,2004,11,49976.0
Sevilla,2004,12,46994.0
Sevilla,2005,1,38983.0
Sevilla,2005,2,50336.0
Sevilla,2005,3,72006.0
Sevilla,2005,4,92832.0
Sevilla,2005,5,105365.0
Sevilla,2005,6,77696.0
Sevilla,2005,7,67465.0
Sevilla,2005,8,77089.0
Sevilla,2005,9,95851.0
Sevilla,2005,10,94772.0
Sevilla,2005,11,65131.0
Sevilla,2005,12,59925.0
Sevilla,2006,1,52880.0
Sevilla,2006,2,61379.0
Sevilla,2006,3,89777.0
Sevilla,2006,4,117667.0
Sevilla,2006,5,123381.0
Sevilla,2006,6,91285.0
Sevilla,2006,7,74691.0
Sevilla,2006,8,89423.0
Sevilla,2006,9,109049.0
Sevilla,2006,10,108514.0
Sevilla,2006,11,64583.0
Sevilla,2006,12,54241.0
Sevilla,2007,1,54307.0
Sevilla,2007,2,61757.0
Sevilla,2007,3,92691.0
Sevilla,2007,4,112571.0
Sevilla,2007,5,117343.0
Sevilla,2007,6,91888.0
Sevilla,2007,7,81052.0
Sevilla,2007,8,96957.0
Sevilla,2007,9,115138.0
Sevilla,2007,10,107462.0
Sevilla,2007,11,71903.0
Sevilla,2007,12,56064.0
Sevilla,2008,1,51583.0
Sevilla,2008,2,57188.0
Sevilla,2008,3,90313.0
Sevilla,2008,4,104486.0
Sevilla,2008,5,117633.0
Sevilla,2008,6,88588.0
Sevilla,2008,7,76225.0
Sevilla,2008,8,94812.0
Sevilla,2008,9,108860.0
Sevilla,2008,10,96270.0
Sevilla,2008,11,58992.0
Sevilla,2008,12,49870.0
Sevilla,2009,1,41271.0
Sevilla,2009,2,42819.0
Sevilla,2009,3,65925.0
Sevilla,2009,4,105226.0
Sevilla,2009,5,107671.0
Sevilla,2009,6,85436.0
Sevilla,2009,7,71458.0
Sevilla,2009,8,83102.0
Sevilla,2009,9,100851.0
Sevilla,2009,10,97430.0
Sevilla,2009,11,53613.0
Sevilla,2009,12,54219.0
Sevilla,2010,1,46199.0
Sevilla,2010,2,48065.0
Sevilla,2010,3,82086.0
Sevilla,2010,4,113090.0
Sevilla,2010,5,116113.0
Sevilla,2010,6,95409.0
Sevilla,2010,7,84021.0
Sevilla,2010,8,105901.0
Sevilla,2010,9,123578.0
Sevilla,2010,10,115540.0
Sevilla,2010,11,78167.0
Sevilla,2010,12,64113.0
Sevilla,2011,1,55318.0
Sevilla,2011,2,61837.0
Sevilla,2011,3,92287.0
Sevilla,2011,4,123593.0
Sevilla,2011,5,135946.0
Sevilla,2011,6,111309.0
Sevilla,2011,7,100241.0
Sevilla,2011,8,120419.0
Sevilla,2011,9,128116.0
Sevilla,2011,10,134190.0
Sevilla,2011,11,72477.0
Sevilla,2011,12,59515.0
Sevilla,2012,1,62261.0
Sevilla,2012,2,61636.0
Sevilla,2012,3,90950.0
Sevilla,2012,4,143838.0
Sevilla,2012,5,142786.0
Sevilla,2012,6,113607.0
Sevilla,2012,7,95397.0
Sevilla,2012,8,115297.0
Sevilla,2012,9,136136.0
Sevilla,2012,10,125662.0
Sevilla,2012,11,71198.0
Sevilla,2012,12,61174.0
Sevilla,2013,1,59817.0
Sevilla,2013,2,59098.0
Sevilla,2013,3,97500.0
Sevilla,2013,4,123863.0
Sevilla,2013,5,136850.0
Sevilla,2013,6,113577.0
Sevilla,2013,7,96841.0
Sevilla,2013,8,107723.0
Sevilla,2013,9,138658.0
Sevilla,2013,10,122657.0
Sevilla,2013,11,71093.0
Sevilla,2013,12,64656.0
Sevilla,2014,1,57400.0
Sevilla,2014,2,62979.0
Sevilla,2014,3,92074.0
Sevilla,2014,4,142663.0
Sevilla,2014,5,159540.0
Sevilla,2014,6,121433.0
Sevilla,2014,7,96904.0
Sevilla,2014,8,126254.0
Sevilla,2014,9,151923.0
Sevilla,2014,10,138716.0
Sevilla,2014,11,75946.0
Sevilla,2014,12,71516.0
Sevilla,2015,1,72019.0
Sevilla,2015,2,82706.0
Sevilla,2015,3,100742.0
Sevilla,2015,4,151236.0
Sevilla,2015,5,166323.0
Sevilla,2015,6,139067.0
Sevilla,2015,7,119979.0
Sevilla,2015,8,147474.0
Sevilla,2015,9,160573.0
Sevilla,2015,10,164835.0
Sevilla,2015,11,99641.0
Sevilla,2015,12,85810.0
Sevilla,2016,1,88188.0
Sevilla,2016,2,95688.0
Sevilla,2016,3,126417.0
Sevilla,2016,4,165619.0
Sevilla,2016,5,179334.0
Sevilla,2016,6,150730.0
Sevilla,2016,7,132513.0
Sevilla,2016,8,159011.0
Sevilla,2016,9,174405.0
Sevilla,2016,10,176037.0
Sevilla,2016,11,115978.0
Sevilla,2016,12,103034.0
Sevilla,2017,1,109702.0
Sevilla,2017,2,109007.0
Sevilla,2017,3,137871.0
Sevilla,2017,4,179871.0
Sevilla,2017,5,196524.0
Sevilla,2017,6,181806.0
Sevilla,2017,7,154858.0
Sevilla,2017,8,185908.0
Sevilla,2017,9,188525.0
Sevilla,2017,10,197772.0
Sevilla,2017,11,129417.0
Sevilla,2017,12,102290.0
Sevilla,2018,1,111525.0
Sevilla,2018,2,119538.0
Sevilla,2018,3,140326.0
Sevilla,2018,4,180120.0
Sevilla,2018,5,192498.0
Sevilla,2018,6,183022.0
Sevilla,2018,7,164041.0
Sevilla,2018,8,184707.0
Sevilla,2018,9,194511.0
Sevilla,2018,10,196196.0
Sevilla,2018,11,139011.0
Sevilla,2018,12,123590.0
Sevilla,2019,1,116517.0
Sevilla,2019,2,123429.0
Sevilla,2019,3,159762.0
Sevilla,2019,4,190989.0
Sevilla,2019,5,202251.0
Sevilla,2019,6,180603.0
Sevilla,2019,7,162935.0
Sevilla,2019,8,192100.0
Sevilla,2019,9,205586.0
Sevilla,2019,10,220761.0
Sevilla,2019,11,148955.0
Sevilla,2019,12,125338.0
Sevilla,2020,1,127669.0
Sevilla,2020,2,120401.0
Sevilla,2020,3,54140.0
Sevilla,2020,4,0.0
Sevilla,2020,5,269.0
Sevilla,2020,6,2680.0
Sevilla,2020,7,18440.0
Sevilla,2020,8,24072.0
Sevilla,2020,9,15728.0
Sevilla,2020,10,17132.0
Sevilla,2020,11,5185.0
Sevilla,2020,12,7583.0
Sevilla,2021,1,5175.0
Sevilla,2021,2,3666.0
Sevilla,2021,3,5788.0
Sevilla,2021,4,10092.0
Sevilla,2021,5,24057.0
Sevilla,2021,6,41587.0
Sevilla,2021,7,55186.0
Sevilla,2021,8,74687.0
Sevilla,2021,9,81845.0
Sevilla,2021,10,107062.0
Sevilla,2021,11,86826.0
Sevilla,2021,12,67503.0
Sevilla,2022,1,57187.0
Sevilla,2022,2,75734.0
Sevilla,2022,3,107515.0
Sevilla,2022,4,132923.0
Sevilla,2022,5,162280.0
Sevilla,2022,6,138129.0
Sevilla,2022,7,123990.0
Sevilla,2022,8,161425.0
Sevilla,2022,9,160402.0
Sevilla,2022,10,166288.0
Sevilla,2022,11,112726.0
Sevilla,2022,12,100802.0
Sevilla,2023,1,109127.0
Sevilla,2023,2,113220.0
Sevilla,2023,3,147858.0
Sevilla,2023,4,182473.0
Sevilla,2023,5,184996.0
Sevilla,2023,6,162667.0
Sevilla,2023,7,153546.0
Sevilla,2023,8,184065.0
Sevilla,2023,9,184693.0
Sevilla,2023,10,203897.0
Sevilla,2023,11,144897.0
Sevilla,2023,12,135754.0
Sevilla,2024,1,133008.0
Sevilla,2024,2,149405.0
Sevilla,2024,3,183089.0
Sevilla,2024,4,214661.0
Sevilla,2024,5,226530.0
Sevilla,2024,6,178192.0
Sevilla,2024,7,170175.0
Sevilla,2024,8,201569.0
Sevilla,2024,9,203128.0
Sevilla,2024,10,231784.0
Sevilla,2024,11,159749.0
Sevilla,2024,12,136937.0
Sevilla,2025,1,128272.0
Sevilla,2025,2,140532.0
Sevilla,2025,3,171271.0
Sevilla,2025,4,217153.0
Sevilla,2025,5,227411.0
Sevilla,2025,6,187853.0
Sevilla,2025,7,167215.0
Sevilla,2025,8,190198.0
Sevilla,2025,9,209400.0
Soria,1999,1,243.0
Soria,1999,2,906.0
Soria,1999,3,590.0
Soria,1999,4,1108.0
Soria,1999,5,1581.0
Soria,1999,6,1395.0
Soria,1999,7,1837.0
Soria,1999,8,1965.0
Soria,1999,9,1904.0
Soria,1999,10,1322.0
Soria,1999,11,818.0
Soria,1999,12,470.0
Soria,2000,1,689.0
Soria,2000,2,533.0
Soria,2000,3,976.0
Soria,2000,4,988.0
Soria,2000,5,1171.0
Soria,2000,6,1470.0
Soria,2000,7,2057.0
Soria,2000,8,2215.0
Soria,2000,9,1564.0
Soria,2000,10,1478.0
Soria,2000,11,620.0
Soria,2000,12,551.0
Soria,2001,1,1278.0
Soria,2001,2,838.0
Soria,2001,3,1014.0
Soria,2001,4,1605.0
Soria,2001,5,1418.0
Soria,2001,6,1392.0
Soria,2001,7,1808.0
Soria,2001,8,1751.0
Soria,2001,9,1673.0
Soria,2001,10,1288.0
Soria,2001,11,890.0
Soria,2001,12,614.0
Soria,2002,1,554.0
Soria,2002,2,869.0
Soria,2002,3,1093.0
Soria,2002,4,1259.0
Soria,2002,5,1683.0
Soria,2002,6,1542.0
Soria,2002,7,1893.0
Soria,2002,8,2379.0
Soria,2002,9,1865.0
Soria,2002,10,1487.0
Soria,2002,11,810.0
Soria,2002,12,575.0
Soria,2003,1,367.0
Soria,2003,2,787.0
Soria,2003,3,791.0
Soria,2003,4,1180.0
Soria,2003,5,1329.0
Soria,2003,6,1060.0
Soria,2003,7,1412.0
Soria,2003,8,1892.0
Soria,2003,9,1223.0
Soria,2003,10,976.0
Soria,2003,11,837.0
Soria,2003,12,584.0
Soria,2004,1,397.0
Soria,2004,2,522.0
Soria,2004,3,485.0
Soria,2004,4,969.0
Soria,2004,5,1988.0
Soria,2004,6,896.0
Soria,2004,7,1278.0
Soria,2004,8,1428.0
Soria,2004,9,1688.0
Soria,2004,10,1082.0
Soria,2004,11,739.0
Soria,2004,12,310.0
Soria,2005,1,530.0
Soria,2005,2,794.0
Soria,2005,3,935.0
Soria,2005,4,772.0
Soria,2005,5,1130.0
Soria,2005,6,1139.0
Soria,2005,7,1183.0
Soria,2005,8,1540.0
Soria,2005,9,1948.0
Soria,2005,10,959.0
Soria,2005,11,525.0
Soria,2005,12,421.0
Soria,2006,1,351.0
Soria,2006,2,541.0
Soria,2006,3,767.0
Soria,2006,4,1364.0
Soria,2006,5,1846.0
Soria,2006,6,1465.0
Soria,2006,7,1408.0
Soria,2006,8,2337.0
Soria,2006,9,2212.0
Soria,2006,10,1137.0
Soria,2006,11,890.0
Soria,2006,12,772.0
Soria,2007,1,639.0
Soria,2007,2,377.0
Soria,2007,3,883.0
Soria,2007,4,1023.0
Soria,2007,5,1684.0
Soria,2007,6,1464.0
Soria,2007,7,1752.0
Soria,2007,8,1854.0
Soria,2007,9,1804.0
Soria,2007,10,1433.0
Soria,2007,11,843.0
Soria,2007,12,428.0
Soria,2008,1,607.0
Soria,2008,2,550.0
Soria,2008,3,1108.0
Soria,2008,4,1127.0
Soria,2008,5,1686.0
Soria,2008,6,1543.0
Soria,2008,7,2055.0
Soria,2008,8,2047.0
Soria,2008,9,2247.0
Soria,2008,10,1797.0
Soria,2008,11,1188.0
Soria,2008,12,582.0
Soria,2009,1,632.0
Soria,2009,2,669.0
Soria,2009,3,765.0
Soria,2009,4,1006.0
Soria,2009,5,1256.0
Soria,2009,6,1314.0
Soria,2009,7,1590.0
Soria,2009,8,1336.0
Soria,2009,9,1202.0
Soria,2009,10,1281.0
Soria,2009,11,819.0
Soria,2009,12,366.0
Soria,2010,1,386.0
Soria,2010,2,556.0
Soria,2010,3,926.0
Soria,2010,4,951.0
Soria,2010,5,1574.0
Soria,2010,6,1329.0
Soria,2010,7,1656.0
Soria,2010,8,1572.0
Soria,2010,9,1381.0
Soria,2010,10,1514.0
Soria,2010,11,786.0
Soria,2010,12,523.0
Soria,2011,1,266.0
Soria,2011,2,415.0
Soria,2011,3,972.0
Soria,2011,4,991.0
Soria,2011,5,1818.0
Soria,2011,6,1319.0
Soria,2011,7,1735.0
Soria,2011,8,1997.0
Soria,2011,9,1517.0
Soria,2011,10,1478.0
Soria,2011,11,811.0
Soria,2011,12,447.0
Soria,2012,1,249.0
Soria,2012,2,480.0
Soria,2012,3,564.0
Soria,2012,4,1016.0
Soria,2012,5,1302.0
Soria,2012,6,1542.0
Soria,2012,7,1623.0
Soria,2012,8,1466.0
Soria,2012,9,1538.0
Soria,2012,10,1327.0
Soria,2012,11,867.0
Soria,2012,12,353.0
Soria,2013,1,272.0
Soria,2013,2,456.0
Soria,2013,3,1115.0
Soria,2013,4,823.0
Soria,2013,5,1733.0
Soria,2013,6,1497.0
Soria,2013,7,1437.0
Soria,2013,8,1734.0
Soria,2013,9,2037.0
Soria,2013,10,1096.0
Soria,2013,11,851.0
Soria,2013,12,452.0
Soria,2014,1,380.0
Soria,2014,2,522.0
Soria,2014,3,545.0
Soria,2014,4,1413.0
Soria,2014,5,1694.0
Soria,2014,6,1494.0
Soria,2014,7,1552.0
Soria,2014,8,1934.0
Soria,2014,9,1587.0
Soria,2014,10,1459.0
Soria,2014,11,714.0
Soria,2014,12,509.0
Soria,2015,1,479.0
Soria,2015,2,757.0
Soria,2015,3,711.0
Soria,2015,4,861.0
Soria,2015,5,1864.0
Soria,2015,6,1935.0
Soria,2015,7,2302.0
Soria,2015,8,2205.0
Soria,2015,9,1942.0
Soria,2015,10,1519.0
Soria,2015,11,870.0
Soria,2015,12,844.0
Soria,2016,1,1164.0
Soria,2016,2,729.0
Soria,2016,3,690.0
Soria,2016,4,1023.0
Soria,2016,5,1566.0
Soria,2016,6,1943.0
Soria,2016,7,2084.0
Soria,2016,8,2107.0
Soria,2016,9,2751.0
Soria,2016,10,1654.0
Soria,2016,11,1011.0
Soria,2016,12,855.0
Soria,2017,1,759.0
Soria,2017,2,711.0
Soria,2017,3,911.0
Soria,2017,4,1892.0
Soria,2017,5,2373.0
Soria,2017,6,1929.0
Soria,2017,7,2221.0
Soria,2017,8,1948.0
Soria,2017,9,2724.0
Soria,2017,10,1722.0
Soria,2017,11,1047.0
Soria,2017,12,783.0
Soria,2018,1,656.0
Soria,2018,2,738.0
Soria,2018,3,1008.0
Soria,2018,4,1381.0
Soria,2018,5,1570.0
Soria,2018,6,2319.0
Soria,2018,7,2066.0
Soria,2018,8,2350.0
Soria,2018,9,2487.0
Soria,2018,10,1488.0
Soria,2018,11,1062.0
Soria,2018,12,751.0
Soria,2019,1,560.0
Soria,2019,2,698.0
Soria,2019,3,842.0
Soria,2019,4,1598.0
Soria,2019,5,1858.0
Soria,2019,6,1880.0
Soria,2019,7,1815.0
Soria,2019,8,1665.0
Soria,2019,9,2314.0
Soria,2019,10,1801.0
Soria,2019,11,887.0
Soria,2019,12,809.0
Soria,2020,1,749.0
Soria,2020,2,858.0
Soria,2020,3,175.0
Soria,2020,4,0.0
Soria,2020,5,2.0
Soria,2020,6,171.0
Soria,2020,7,703.0
Soria,2020,8,873.0
Soria,2020,9,657.0
Soria,2020,10,953.0
Soria,2020,11,149.0
Soria,2020,12,190.0
Soria,2021,1,222.0
Soria,2021,2,210.0
Soria,2021,3,253.0
Soria,2021,4,153.0
Soria,2021,5,518.0
Soria,2021,6,785.0
Soria,2021,7,1143.0
Soria,2021,8,1407.0
Soria,2021,9,1716.0
Soria,2021,10,1637.0
Soria,2021,11,1611.0
Soria,2021,12,951.0
Soria,2022,1,701.0
Soria,2022,2,656.0
Soria,2022,3,726.0
Soria,2022,4,1239.0
Soria,2022,5,1979.0
Soria,2022,6,1766.0
Soria,2022,7,2614.0
Soria,2022,8,1999.0
Soria,2022,9,1899.0
Soria,2022,10,1834.0
Soria,2022,11,1007.0
Soria,2022,12,601.0
Soria,2023,1,532.0
Soria,2023,2,823.0
Soria,2023,3,946.0
Soria,2023,4,1639.0
Soria,2023,5,2042.0
Soria,2023,6,1811.0
Soria,2023,7,2170.0
Soria,2023,8,2142.0
Soria,2023,9,2683.0
Soria,2023,10,2236.0
Soria,2023,11,977.0
Soria,2023,12,846.0
Soria,2024,1,715.0
Soria,2024,2,1247.0
Soria,2024,3,1596.0
Soria,2024,4,1993.0
Soria,2024,5,2901.0
Soria,2024,6,2115.0
Soria,2024,7,1839.0
Soria,2024,8,1897.0
Soria,2024,9,2687.0
Soria,2024,10,1988.0
Soria,2024,11,1201.0
Soria,2024,12,708.0
Soria,2025,1,844.0
Soria,2025,2,951.0
Soria,2025,3,1212.0
Soria,2025,4,1598.0
Soria,2025,5,2919.0
Soria,2025,6,2387.0
Soria,2025,7,2371.0
Soria,2025,8,2265.0
Soria,2025,9,2839.0
Tarragona,1999,1,3855.0
Tarragona,1999,2,5009.0
Tarragona,1999,3,8407.0
Tarragona,1999,4,35619.0
Tarragona,1999,5,88239.0
Tarragona,1999,6,87392.0
Tarragona,1999,7,97104.0
Tarragona,1999,8,91079.0
Tarragona,1999,9,78942.0
Tarragona,1999,10,55471.0
Tarragona,1999,11,6105.0
Tarragona,1999,12,5340.0
Tarragona,2000,1,4457.0
Tarragona,2000,2,5375.0
Tarragona,2000,3,10810.0
Tarragona,2000,4,46289.0
Tarragona,2000,5,87492.0
Tarragona,2000,6,84265.0
Tarragona,2000,7,98541.0
Tarragona,2000,8,84396.0
Tarragona,2000,9,81016.0
Tarragona,2000,10,55883.0
Tarragona,2000,11,5414.0
Tarragona,2000,12,3667.0
Tarragona,2001,1,5484.0
Tarragona,2001,2,8279.0
Tarragona,2001,3,11611.0
Tarragona,2001,4,55918.0
Tarragona,2001,5,103902.0
Tarragona,2001,6,92453.0
Tarragona,2001,7,107319.0
Tarragona,2001,8,100222.0
Tarragona,2001,9,93073.0
Tarragona,2001,10,56931.0
Tarragona,2001,11,11290.0
Tarragona,2001,12,7222.0
Tarragona,2002,1,5101.0
Tarragona,2002,2,7003.0
Tarragona,2002,3,12562.0
Tarragona,2002,4,45451.0
Tarragona,2002,5,95232.0
Tarragona,2002,6,90462.0
Tarragona,2002,7,108626.0
Tarragona,2002,8,108911.0
Tarragona,2002,9,95077.0
Tarragona,2002,10,73117.0
Tarragona,2002,11,11340.0
Tarragona,2002,12,12335.0
Tarragona,2003,1,7297.0
Tarragona,2003,2,5385.0
Tarragona,2003,3,11359.0
Tarragona,2003,4,51620.0
Tarragona,2003,5,103898.0
Tarragona,2003,6,110283.0
Tarragona,2003,7,118852.0
Tarragona,2003,8,120098.0
Tarragona,2003,9,92254.0
Tarragona,2003,10,74909.0
Tarragona,2003,11,15508.0
Tarragona,2003,12,9110.0
Tarragona,2004,1,8224.0
Tarragona,2004,2,7592.0
Tarragona,2004,3,13512.0
Tarragona,2004,4,57130.0
Tarragona,2004,5,108392.0
Tarragona,2004,6,99634.0
Tarragona,2004,7,121676.0
Tarragona,2004,8,123092.0
Tarragona,2004,9,119151.0
Tarragona,2004,10,74072.0
Tarragona,2004,11,14351.0
Tarragona,2004,12,12739.0
Tarragona,2005,1,11392.0
Tarragona,2005,2,10977.0
Tarragona,2005,3,17703.0
Tarragona,2005,4,49249.0
Tarragona,2005,5,111017.0
Tarragona,2005,6,122125.0
Tarragona,2005,7,135215.0
Tarragona,2005,8,138620.0
Tarragona,2005,9,122605.0
Tarragona,2005,10,82313.0
Tarragona,2005,11,22483.0
Tarragona,2005,12,11520.0
Tarragona,2006,1,7822.0
Tarragona,2006,2,10360.0
Tarragona,2006,3,12203.0
Tarragona,2006,4,58244.0
Tarragona,2006,5,140190.0
Tarragona,2006,6,168706.0
Tarragona,2006,7,186135.0
Tarragona,2006,8,191006.0
Tarragona,2006,9,156343.0
Tarragona,2006,10,105517.0
Tarragona,2006,11,16160.0
Tarragona,2006,12,10645.0
Tarragona,2007,1,11029.0
Tarragona,2007,2,11035.0
Tarragona,2007,3,17153.0
Tarragona,2007,4,60630.0
Tarragona,2007,5,118990.0
Tarragona,2007,6,140143.0
Tarragona,2007,7,157931.0
Tarragona,2007,8,178499.0
Tarragona,2007,9,146435.0
Tarragona,2007,10,84889.0
Tarragona,2007,11,17327.0
Tarragona,2007,12,17232.0
Tarragona,2008,1,8834.0
Tarragona,2008,2,11125.0
Tarragona,2008,3,20813.0
Tarragona,2008,4,64594.0
Tarragona,2008,5,126028.0
Tarragona,2008,6,144607.0
Tarragona,2008,7,170902.0
Tarragona,2008,8,184512.0
Tarragona,2008,9,138980.0
Tarragona,2008,10,88163.0
Tarragona,2008,11,15250.0
Tarragona,2008,12,16188.0
Tarragona,2009,1,7787.0
Tarragona,2009,2,7563.0
Tarragona,2009,3,17052.0
Tarragona,2009,4,59935.0
Tarragona,2009,5,123469.0
Tarragona,2009,6,105165.0
Tarragona,2009,7,133972.0
Tarragona,2009,8,152211.0
Tarragona,2009,9,103402.0
Tarragona,2009,10,72209.0
Tarragona,2009,11,13087.0
Tarragona,2009,12,14201.0
Tarragona,2010,1,6030.0
Tarragona,2010,2,10493.0
Tarragona,2010,3,12497.0
Tarragona,2010,4,73187.0
Tarragona,2010,5,119660.0
Tarragona,2010,6,116480.0
Tarragona,2010,7,159414.0
Tarragona,2010,8,178096.0
Tarragona,2010,9,127839.0
Tarragona,2010,10,71499.0
Tarragona,2010,11,13691.0
Tarragona,2010,12,14872.0
Tarragona,2011,1,6685.0
Tarragona,2011,2,9627.0
Tarragona,2011,3,14275.0
Tarragona,2011,4,75956.0
Tarragona,2011,5,123117.0
Tarragona,2011,6,167022.0
Tarragona,2011,7,193734.0
Tarragona,2011,8,188362.0
Tarragona,2011,9,144421.0
Tarragona,2011,10,64621.0
Tarragona,2011,11,12666.0
Tarragona,2011,12,12455.0
Tarragona,2012,1,6723.0
Tarragona,2012,2,8869.0
Tarragona,2012,3,16518.0
Tarragona,2012,4,79145.0
Tarragona,2012,5,130203.0
Tarragona,2012,6,161020.0
Tarragona,2012,7,202527.0
Tarragona,2012,8,209635.0
Tarragona,2012,9,154815.0
Tarragona,2012,10,66927.0
Tarragona,2012,11,23156.0
Tarragona,2012,12,14867.0
Tarragona,2013,1,7453.0
Tarragona,2013,2,9607.0
Tarragona,2013,3,27847.0
Tarragona,2013,4,79186.0
Tarragona,2013,5,152934.0
Tarragona,2013,6,157716.0
Tarragona,2013,7,199876.0
Tarragona,2013,8,216377.0
Tarragona,2013,9,164112.0
Tarragona,2013,10,74159.0
Tarragona,2013,11,15338.0
Tarragona,2013,12,12800.0
Tarragona,2014,1,7903.0
Tarragona,2014,2,9865.0
Tarragona,2014,3,14629.0
Tarragona,2014,4,78447.0
Tarragona,2014,5,149717.0
Tarragona,2014,6,153655.0
Tarragona,2014,7,197842.0
Tarragona,2014,8,221552.0
Tarragona,2014,9,148988.0
Tarragona,2014,10,72910.0
Tarragona,2014,11,13917.0
Tarragona,2014,12,12795.0
Tarragona,2015,1,8909.0
Tarragona,2015,2,9585.0
Tarragona,2015,3,17685.0
Tarragona,2015,4,88895.0
Tarragona,2015,5,146145.0
Tarragona,2015,6,131085.0
Tarragona,2015,7,194595.0
Tarragona,2015,8,210014.0
Tarragona,2015,9,133889.0
Tarragona,2015,10,96742.0
Tarragona,2015,11,14117.0
Tarragona,2015,12,15604.0
Tarragona,2016,1,9526.0
Tarragona,2016,2,13825.0
Tarragona,2016,3,26217.0
Tarragona,2016,4,90162.0
Tarragona,2016,5,143495.0
Tarragona,2016,6,148936.0
Tarragona,2016,7,227165.0
Tarragona,2016,8,229889.0
Tarragona,2016,9,159498.0
Tarragona,2016,10,99282.0
Tarragona,2016,11,17645.0
Tarragona,2016,12,15930.0
Tarragona,2017,1,9675.0
Tarragona,2017,2,15460.0
Tarragona,2017,3,23338.0
Tarragona,2017,4,105532.0
Tarragona,2017,5,162719.0
Tarragona,2017,6,193765.0
Tarragona,2017,7,265450.0
Tarragona,2017,8,263759.0
Tarragona,2017,9,186499.0
Tarragona,2017,10,110726.0
Tarragona,2017,11,20062.0
Tarragona,2017,12,14508.0
Tarragona,2018,1,10372.0
Tarragona,2018,2,12075.0
Tarragona,2018,3,19643.0
Tarragona,2018,4,90251.0
Tarragona,2018,5,163405.0
Tarragona,2018,6,182439.0
Tarragona,2018,7,234064.0
Tarragona,2018,8,245641.0
Tarragona,2018,9,176690.0
Tarragona,2018,10,118872.0
Tarragona,2018,11,19578.0
Tarragona,2018,12,16611.0
Tarragona,2019,1,9237.0
Tarragona,2019,2,10236.0
Tarragona,2019,3,19245.0
Tarragona,2019,4,88187.0
Tarragona,2019,5,156319.0
Tarragona,2019,6,194937.0
Tarragona,2019,7,234361.0
Tarragona,2019,8,254469.0
Tarragona,2019,9,184364.0
Tarragona,2019,10,117268.0
Tarragona,2019,11,20608.0
Tarragona,2019,12,18035.0
Tarragona,2020,1,12939.0
Tarragona,2020,2,11252.0
Tarragona,2020,3,4998.0
Tarragona,2020,4,0.0
Tarragona,2020,5,421.0
Tarragona,2020,6,3252.0
Tarragona,2020,7,37705.0
Tarragona,2020,8,50176.0
Tarragona,2020,9,18283.0
Tarragona,2020,10,9858.0
Tarragona,2020,11,2235.0
Tarragona,2020,12,2854.0
Tarragona,2021,1,2095.0
Tarragona,2021,2,1660.0
Tarragona,2021,3,3045.0
Tarragona,2021,4,4139.0
Tarragona,2021,5,11122.0
Tarragona,2021,6,27916.0
Tarragona,2021,7,73108.0
Tarragona,2021,8,109468.0
Tarragona,2021,9,63595.0
Tarragona,2021,10,71383.0
Tarragona,2021,11,19985.0
Tarragona,2021,12,16169.0
Tarragona,2022,1,10416.0
Tarragona,2022,2,9522.0
Tarragona,2022,3,13987.0
Tarragona,2022,4,72714.0
Tarragona,2022,5,139713.0
Tarragona,2022,6,137196.0
Tarragona,2022,7,212123.0
Tarragona,2022,8,230290.0
Tarragona,2022,9,158793.0
Tarragona,2022,10,106469.0
Tarragona,2022,11,25306.0
Tarragona,2022,12,21041.0
Tarragona,2023,1,12891.0
Tarragona,2023,2,11967.0
Tarragona,2023,3,16143.0
Tarragona,2023,4,99767.0
Tarragona,2023,5,167047.0
Tarragona,2023,6,148207.0
Tarragona,2023,7,226071.0
Tarragona,2023,8,237217.0
Tarragona,2023,9,180900.0
Tarragona,2023,10,125224.0
Tarragona,2023,11,24753.0
Tarragona,2023,12,21955.0
Tarragona,2024,1,14651.0
Tarragona,2024,2,13555.0
Tarragona,2024,3,34786.0
Tarragona,2024,4,102473.0
Tarragona,2024,5,192065.0
Tarragona,2024,6,175066.0
Tarragona,2024,7,227735.0
Tarragona,2024,8,243534.0
Tarragona,2024,9,181165.0
Tarragona,2024,10,139981.0
Tarragona,2024,11,24809.0
Tarragona,2024,12,18044.0
Tarragona,2025,1,9158.0
Tarragona,2025,2,11324.0
Tarragona,2025,3,18193.0
Tarragona,2025,4,129611.0
Tarragona,2025,5,194748.0
Tarragona,2025,6,195537.0
Tarragona,2025,7,234276.0
Tarragona,2025,8,240455.0
Tarragona,2025,9,186286.0
Teruel,1999,1,492.0
Teruel,1999,2,684.0
Teruel,1999,3,1228.0
Teruel,1999,4,1840.0
Teruel,1999,5,1913.0
Teruel,1999,6,2016.0
Teruel,1999,7,1830.0
Teruel,1999,8,2340.0
Teruel,1999,9,2334.0
Teruel,1999,10,1723.0
Teruel,1999,11,891.0
Teruel,1999,12,380.0
Teruel,2000,1,390.0
Teruel,2000,2,863.0
Teruel,2000,3,1374.0
Teruel,2000,4,2415.0
Teruel,2000,5,2495.0
Teruel,2000,6,2044.0
Teruel,2000,7,2551.0
Teruel,2000,8,3253.0
Teruel,2000,9,2916.0
Teruel,2000,10,2057.0
Teruel,2000,11,1528.0
Teruel,2000,12,464.0
Teruel,2001,1,539.0
Teruel,2001,2,715.0
Teruel,2001,3,934.0
Teruel,2001,4,2312.0
Teruel,2001,5,2407.0
Teruel,2001,6,2143.0
Teruel,2001,7,1988.0
Teruel,2001,8,1662.0
Teruel,2001,9,2784.0
Teruel,2001,10,1674.0
Teruel,2001,11,431.0
Teruel,2001,12,535.0
Teruel,2002,1,555.0
Teruel,2002,2,584.0
Teruel,2002,3,969.0
Teruel,2002,4,2521.0
Teruel,2002,5,3246.0
Teruel,2002,6,2812.0
Teruel,2002,7,2776.0
Teruel,2002,8,3628.0
Teruel,2002,9,3010.0
Teruel,2002,10,2417.0
Teruel,2002,11,1246.0
Teruel,2002,12,683.0
Teruel,2003,1,523.0
Teruel,2003,2,850.0
Teruel,2003,3,1745.0
Teruel,2003,4,2227.0
Teruel,2003,5,3515.0
Teruel,2003,6,2583.0
Teruel,2003,7,3001.0
Teruel,2003,8,2641.0
Teruel,2003,9,3255.0
Teruel,2003,10,2069.0
Teruel,2003,11,893.0
Teruel,2003,12,756.0
Teruel,2004,1,617.0
Teruel,2004,2,575.0
Teruel,2004,3,1255.0
Teruel,2004,4,2726.0
Teruel,2004,5,2726.0
Teruel,2004,6,2309.0
Teruel,2004,7,2191.0
Teruel,2004,8,2477.0
Teruel,2004,9,2893.0
Teruel,2004,10,1883.0
Teruel,2004,11,811.0
Teruel,2004,12,853.0
Teruel,2005,1,487.0
Teruel,2005,2,676.0
Teruel,2005,3,1028.0
Teruel,2005,4,2035.0
Teruel,2005,5,2616.0
Teruel,2005,6,1555.0
Teruel,2005,7,1802.0
Teruel,2005,8,1966.0
Teruel,2005,9,2260.0
Teruel,2005,10,2111.0
Teruel,2005,11,828.0
Teruel,2005,12,703.0
Teruel,2006,1,589.0
Teruel,2006,2,619.0
Teruel,2006,3,1180.0
Teruel,2006,4,2484.0
Teruel,2006,5,2417.0
Teruel,2006,6,2007.0
Teruel,2006,7,1863.0
Teruel,2006,8,2216.0
Teruel,2006,9,2091.0
Teruel,2006,10,1924.0
Teruel,2006,11,1184.0
Teruel,2006,12,839.0
Teruel,2007,1,899.0
Teruel,2007,2,1501.0
Teruel,2007,3,1879.0
Teruel,2007,4,2440.0
Teruel,2007,5,2209.0
Teruel,2007,6,2599.0
Teruel,2007,7,2759.0
Teruel,2007,8,3161.0
Teruel,2007,9,3521.0
Teruel,2007,10,2717.0
Teruel,2007,11,1808.0
Teruel,2007,12,892.0
Teruel,2008,1,1054.0
Teruel,2008,2,1417.0
Teruel,2008,3,1880.0
Teruel,2008,4,2007.0
Teruel,2008,5,2643.0
Teruel,2008,6,2690.0
Teruel,2008,7,2617.0
Teruel,2008,8,3202.0
Teruel,2008,9,3512.0
Teruel,2008,10,2722.0
Teruel,2008,11,1280.0
Teruel,2008,12,509.0
Teruel,2009,1,740.0
Teruel,2009,2,826.0
Teruel,2009,3,1377.0
Teruel,2009,4,2418.0
Teruel,2009,5,1903.0
Teruel,2009,6,2256.0
Teruel,2009,7,2624.0
Teruel,2009,8,2703.0
Teruel,2009,9,2870.0
Teruel,2009,10,2968.0
Teruel,2009,11,1015.0
Teruel,2009,12,963.0
Teruel,2010,1,929.0
Teruel,2010,2,1135.0
Teruel,2010,3,1440.0
Teruel,2010,4,1907.0
Teruel,2010,5,3511.0
Teruel,2010,6,2090.0
Teruel,2010,7,2995.0
Teruel,2010,8,3819.0
Teruel,2010,9,3737.0
Teruel,2010,10,3374.0
Teruel,2010,11,1692.0
Teruel,2010,12,924.0
Teruel,2011,1,1178.0
Teruel,2011,2,1116.0
Teruel,2011,3,2308.0
Teruel,2011,4,2559.0
Teruel,2011,5,2988.0
Teruel,2011,6,3248.0
Teruel,2011,7,3145.0
Teruel,2011,8,3238.0
Teruel,2011,9,4023.0
Teruel,2011,10,3455.0
Teruel,2011,11,1672.0
Teruel,2011,12,852.0
Teruel,2012,1,842.0
Teruel,2012,2,1068.0
Teruel,2012,3,1914.0
Teruel,2012,4,3274.0
Teruel,2012,5,4037.0
Teruel,2012,6,4016.0
Teruel,2012,7,3484.0
Teruel,2012,8,3462.0
Teruel,2012,9,4252.0
Teruel,2012,10,2814.0
Teruel,2012,11,2324.0
Teruel,2012,12,919.0
Teruel,2013,1,1049.0
Teruel,2013,2,1207.0
Teruel,2013,3,3256.0
Teruel,2013,4,3137.0
Teruel,2013,5,4135.0
Teruel,2013,6,4060.0
Teruel,2013,7,3523.0
Teruel,2013,8,4717.0
Teruel,2013,9,4929.0
Teruel,2013,10,3294.0
Teruel,2013,11,2324.0
Teruel,2013,12,1232.0
Teruel,2014,1,696.0
Teruel,2014,2,1562.0
Teruel,2014,3,2336.0
Teruel,2014,4,4097.0
Teruel,2014,5,4584.0
Teruel,2014,6,3340.0
Teruel,2014,7,4460.0
Teruel,2014,8,4273.0
Teruel,2014,9,4867.0
Teruel,2014,10,3961.0
Teruel,2014,11,2169.0
Teruel,2014,12,1403.0
Teruel,2015,1,1190.0
Teruel,2015,2,1641.0
Teruel,2015,3,2644.0
Teruel,2015,4,4857.0
Teruel,2015,5,5315.0
Teruel,2015,6,4705.0
Teruel,2015,7,4542.0
Teruel,2015,8,4266.0
Teruel,2015,9,6282.0
Teruel,2015,10,4811.0
Teruel,2015,11,2066.0
Teruel,2015,12,1895.0
Teruel,2016,1,1950.0
Teruel,2016,2,2150.0
Teruel,2016,3,3676.0
Teruel,2016,4,3976.0
Teruel,2016,5,5651.0
Teruel,2016,6,3543.0
Teruel,2016,7,5173.0
Teruel,2016,8,5381.0
Teruel,2016,9,5743.0
Teruel,2016,10,4467.0
Teruel,2016,11,1986.0
Teruel,2016,12,2066.0
Teruel,2017,1,2008.0
Teruel,2017,2,2103.0
Teruel,2017,3,4354.0
Teruel,2017,4,4554.0
Teruel,2017,5,5195.0
Teruel,2017,6,4626.0
Teruel,2017,7,5009.0
Teruel,2017,8,5146.0
Teruel,2017,9,6530.0
Teruel,2017,10,5073.0
Teruel,2017,11,3329.0
Teruel,2017,12,1918.0
Teruel,2018,1,2526.0
Teruel,2018,2,1997.0
Teruel,2018,3,4283.0
Teruel,2018,4,5167.0
Teruel,2018,5,6356.0
Teruel,2018,6,5163.0
Teruel,2018,7,5077.0
Teruel,2018,8,5673.0
Teruel,2018,9,7554.0
Teruel,2018,10,6473.0
Teruel,2018,11,3468.0
Teruel,2018,12,2416.0
Teruel,2019,1,3050.0
Teruel,2019,2,2586.0
Teruel,2019,3,3489.0
Teruel,2019,4,6075.0
Teruel,2019,5,6244.0
Teruel,2019,6,4945.0
Teruel,2019,7,5275.0
Teruel,2019,8,5719.0
Teruel,2019,9,7329.0
Teruel,2019,10,6791.0
Teruel,2019,11,2680.0
Teruel,2019,12,3099.0
Teruel,2020,1,3635.0
Teruel,2020,2,3263.0
Teruel,2020,3,2299.0
Teruel,2020,4,0.0
Teruel,2020,5,164.0
Teruel,2020,6,325.0
Teruel,2020,7,2066.0
Teruel,2020,8,2688.0
Teruel,2020,9,1991.0
Teruel,2020,10,2356.0
Teruel,2020,11,898.0
Teruel,2020,12,617.0
Teruel,2021,1,421.0
Teruel,2021,2,374.0
Teruel,2021,3,776.0
Teruel,2021,4,850.0
Teruel,2021,5,1954.0
Teruel,2021,6,2429.0
Teruel,2021,7,4071.0
Teruel,2021,8,3355.0
Teruel,2021,9,5458.0
Teruel,2021,10,4603.0
Teruel,2021,11,2667.0
Teruel,2021,12,1903.0
Teruel,2022,1,1898.0
Teruel,2022,2,1887.0
Teruel,2022,3,3057.0
Teruel,2022,4,4512.0
Teruel,2022,5,5111.0
Teruel,2022,6,4643.0
Teruel,2022,7,4757.0
Teruel,2022,8,5577.0
Teruel,2022,9,6552.0
Teruel,2022,10,5327.0
Teruel,2022,11,3394.0
Teruel,2022,12,1909.0
Teruel,2023,1,1937.0
Teruel,2023,2,2601.0
Teruel,2023,3,3322.0
Teruel,2023,4,4551.0
Teruel,2023,5,6490.0
Teruel,2023,6,4861.0
Teruel,2023,7,4881.0
Teruel,2023,8,6135.0
Teruel,2023,9,6182.0
Teruel,2023,10,5562.0
Teruel,2023,11,3685.0
Teruel,2023,12,2526.0
Teruel,2024,1,2392.0
Teruel,2024,2,2952.0
Teruel,2024,3,4402.0
Teruel,2024,4,4902.0
Teruel,2024,5,7344.0
Teruel,2024,6,4429.0
Teruel,2024,7,5277.0
Teruel,2024,8,6054.0
Teruel,2024,9,7233.0
Teruel,2024,10,7083.0
Teruel,2024,11,3642.0
Teruel,2024,12,2916.0
Teruel,2025,1,2681.0
Teruel,2025,2,2855.0
Teruel,2025,3,4152.0
Teruel,2025,4,5215.0
Teruel,2025,5,7151.0
Teruel,2025,6,6325.0
Teruel,2025,7,5413.0
Teruel,2025,8,5361.0
Teruel,2025,9,7615.0
Toledo,1999,1,7360.0
Toledo,1999,2,7870.0
Toledo,1999,3,12585.0
Toledo,1999,4,20423.0
Toledo,1999,5,19625.0
Toledo,1999,6,15121.0
Toledo,1999,7,16733.0
Toledo,1999,8,21610.0
Toledo,1999,9,22754.0
Toledo,1999,10,20876.0
Toledo,1999,11,11458.0
Toledo,1999,12,7043.0
Toledo,2000,1,5676.0
Toledo,2000,2,7198.0
Toledo,2000,3,15189.0
Toledo,2000,4,19833.0
Toledo,2000,5,20522.0
Toledo,2000,6,17732.0
Toledo,2000,7,21351.0
Toledo,2000,8,22006.0
Toledo,2000,9,22689.0
Toledo,2000,10,23447.0
Toledo,2000,11,11983.0
Toledo,2000,12,10118.0
Toledo,2001,1,6930.0
Toledo,2001,2,9004.0
Toledo,2001,3,13909.0
Toledo,2001,4,21899.0
Toledo,2001,5,21614.0
Toledo,2001,6,19548.0
Toledo,2001,7,21370.0
Toledo,2001,8,20776.0
Toledo,2001,9,19381.0
Toledo,2001,10,17054.0
Toledo,2001,11,9045.0
Toledo,2001,12,7945.0
Toledo,2002,1,6420.0
Toledo,2002,2,7619.0
Toledo,2002,3,14195.0
Toledo,2002,4,21078.0
Toledo,2002,5,22180.0
Toledo,2002,6,16965.0
Toledo,2002,7,21302.0
Toledo,2002,8,22239.0
Toledo,2002,9,22945.0
Toledo,2002,10,18503.0
Toledo,2002,11,10642.0
Toledo,2002,12,8034.0
Toledo,2003,1,7581.0
Toledo,2003,2,7683.0
Toledo,2003,3,11732.0
Toledo,2003,4,18616.0
Toledo,2003,5,19538.0
Toledo,2003,6,16005.0
Toledo,2003,7,18876.0
Toledo,2003,8,20322.0
Toledo,2003,9,19751.0
Toledo,2003,10,18270.0
Toledo,2003,11,9467.0
Toledo,2003,12,8372.0
Toledo,2004,1,6456.0
Toledo,2004,2,7475.0
Toledo,2004,3,11141.0
Toledo,2004,4,19245.0
Toledo,2004,5,19368.0
Toledo,2004,6,15448.0
Toledo,2004,7,15795.0
Toledo,2004,8,18252.0
Toledo,2004,9,18345.0
Toledo,2004,10,16311.0
Toledo,2004,11,8279.0
Toledo,2004,12,7438.0
Toledo,2005,1,6081.0
Toledo,2005,2,6239.0
Toledo,2005,3,11107.0
Toledo,2005,4,13853.0
Toledo,2005,5,17803.0
Toledo,2005,6,15332.0
Toledo,2005,7,14311.0
Toledo,2005,8,14917.0
Toledo,2005,9,17690.0
Toledo,2005,10,14491.0
Toledo,2005,11,10222.0
Toledo,2005,12,6605.0
Toledo,2006,1,7704.0
Toledo,2006,2,7200.0
Toledo,2006,3,11312.0
Toledo,2006,4,19943.0
Toledo,2006,5,17508.0
Toledo,2006,6,15870.0
Toledo,2006,7,14980.0
Toledo,2006,8,17240.0
Toledo,2006,9,17277.0
Toledo,2006,10,14196.0
Toledo,2006,11,10703.0
Toledo,2006,12,7595.0
Toledo,2007,1,7388.0
Toledo,2007,2,9270.0
Toledo,2007,3,12622.0
Toledo,2007,4,17781.0
Toledo,2007,5,20189.0
Toledo,2007,6,16533.0
Toledo,2007,7,14772.0
Toledo,2007,8,16604.0
Toledo,2007,9,17520.0
Toledo,2007,10,16246.0
Toledo,2007,11,9393.0
Toledo,2007,12,6983.0
Toledo,2008,1,10610.0
Toledo,2008,2,7999.0
Toledo,2008,3,11945.0
Toledo,2008,4,15872.0
Toledo,2008,5,20599.0
Toledo,2008,6,15716.0
Toledo,2008,7,15881.0
Toledo,2008,8,19006.0
Toledo,2008,9,18374.0
Toledo,2008,10,16756.0
Toledo,2008,11,8051.0
Toledo,2008,12,8056.0
Toledo,2009,1,10014.0
Toledo,2009,2,6593.0
Toledo,2009,3,9304.0
Toledo,2009,4,18317.0
Toledo,2009,5,19272.0
Toledo,2009,6,12580.0
Toledo,2009,7,15658.0
Toledo,2009,8,17786.0
Toledo,2009,9,17611.0
Toledo,2009,10,16364.0
Toledo,2009,11,8290.0
Toledo,2009,12,7798.0
Toledo,2010,1,6395.0
Toledo,2010,2,7435.0
Toledo,2010,3,11882.0
Toledo,2010,4,17049.0
Toledo,2010,5,20755.0
Toledo,2010,6,16129.0
Toledo,2010,7,20187.0
Toledo,2010,8,19033.0
Toledo,2010,9,18589.0
Toledo,2010,10,18222.0
Toledo,2010,11,11324.0
Toledo,2010,12,7558.0
Toledo,2011,1,8618.0
Toledo,2011,2,8260.0
Toledo,2011,3,13389.0
Toledo,2011,4,21718.0
Toledo,2011,5,21622.0
Toledo,2011,6,18547.0
Toledo,2011,7,20576.0
Toledo,2011,8,19535.0
Toledo,2011,9,19783.0
Toledo,2011,10,18415.0
Toledo,2011,11,10843.0
Toledo,2011,12,8844.0
Toledo,2012,1,10887.0
Toledo,2012,2,7716.0
Toledo,2012,3,13329.0
Toledo,2012,4,17920.0
Toledo,2012,5,21014.0
Toledo,2012,6,20075.0
Toledo,2012,7,18530.0
Toledo,2012,8,18301.0
Toledo,2012,9,22532.0
Toledo,2012,10,17160.0
Toledo,2012,11,10346.0
Toledo,2012,12,9036.0
Toledo,2013,1,9212.0
Toledo,2013,2,9550.0
Toledo,2013,3,13799.0
Toledo,2013,4,15367.0
Toledo,2013,5,20802.0
Toledo,2013,6,17733.0
Toledo,2013,7,17435.0
Toledo,2013,8,19832.0
Toledo,2013,9,20497.0
Toledo,2013,10,19541.0
Toledo,2013,11,11852.0
Toledo,2013,12,8183.0
Toledo,2014,1,9962.0
Toledo,2014,2,8487.0
Toledo,2014,3,13769.0
Toledo,2014,4,20056.0
Toledo,2014,5,26036.0
Toledo,2014,6,19701.0
Toledo,2014,7,22089.0
Toledo,2014,8,23564.0
Toledo,2014,9,26121.0
Toledo,2014,10,22893.0
Toledo,2014,11,11361.0
Toledo,2014,12,10540.0
Toledo,2015,1,10105.0
Toledo,2015,2,10170.0
Toledo,2015,3,13127.0
Toledo,2015,4,17066.0
Toledo,2015,5,23633.0
Toledo,2015,6,19880.0
Toledo,2015,7,22225.0
Toledo,2015,8,20830.0
Toledo,2015,9,24796.0
Toledo,2015,10,24218.0
Toledo,2015,11,12311.0
Toledo,2015,12,10260.0
Toledo,2016,1,9831.0
Toledo,2016,2,10862.0
Toledo,2016,3,13835.0
Toledo,2016,4,20640.0
Toledo,2016,5,28245.0
Toledo,2016,6,21724.0
Toledo,2016,7,20855.0
Toledo,2016,8,22852.0
Toledo,2016,9,24397.0
Toledo,2016,10,22594.0
Toledo,2016,11,15229.0
Toledo,2016,12,11716.0
Toledo,2017,1,14162.0
Toledo,2017,2,11819.0
Toledo,2017,3,15570.0
Toledo,2017,4,22630.0
Toledo,2017,5,27862.0
Toledo,2017,6,24941.0
Toledo,2017,7,24463.0
Toledo,2017,8,23904.0
Toledo,2017,9,26895.0
Toledo,2017,10,26651.0
Toledo,2017,11,16151.0
Toledo,2017,12,12382.0
Toledo,2018,1,12139.0
Toledo,2018,2,13507.0
Toledo,2018,3,17068.0
Toledo,2018,4,22490.0
Toledo,2018,5,27025.0
Toledo,2018,6,23844.0
Toledo,2018,7,23264.0
Toledo,2018,8,25169.0
Toledo,2018,9,27653.0
Toledo,2018,10,28201.0
Toledo,2018,11,18249.0
Toledo,2018,12,14251.0
Toledo,2019,1,13691.0
Toledo,2019,2,13884.0
Toledo,2019,3,17885.0
Toledo,2019,4,24117.0
Toledo,2019,5,29841.0
Toledo,2019,6,26520.0
Toledo,2019,7,24818.0
Toledo,2019,8,26444.0
Toledo,2019,9,28655.0
Toledo,2019,10,29541.0
Toledo,2019,11,18773.0
Toledo,2019,12,11739.0
Toledo,2020,1,17249.0
Toledo,2020,2,12964.0
Toledo,2020,3,4147.0
Toledo,2020,4,0.0
Toledo,2020,5,37.0
Toledo,2020,6,605.0
Toledo,2020,7,4246.0
Toledo,2020,8,4712.0
Toledo,2020,9,2776.0
Toledo,2020,10,2437.0
Toledo,2020,11,825.0
Toledo,2020,12,867.0
Toledo,2021,1,935.0
Toledo,2021,2,1026.0
Toledo,2021,3,1272.0
Toledo,2021,4,1547.0
Toledo,2021,5,3345.0
Toledo,2021,6,5528.0
Toledo,2021,7,9149.0
Toledo,2021,8,11271.0
Toledo,2021,9,10665.0
Toledo,2021,10,11100.0
Toledo,2021,11,8436.0
Toledo,2021,12,7797.0
Toledo,2022,1,6088.0
Toledo,2022,2,7452.0
Toledo,2022,3,11126.0
Toledo,2022,4,14508.0
Toledo,2022,5,16296.0
Toledo,2022,6,15968.0
Toledo,2022,7,17222.0
Toledo,2022,8,20135.0
Toledo,2022,9,18323.0
Toledo,2022,10,19040.0
Toledo,2022,11,12790.0
Toledo,2022,12,12283.0
Toledo,2023,1,11333.0
Toledo,2023,2,11153.0
Toledo,2023,3,13368.0
Toledo,2023,4,17292.0
Toledo,2023,5,22931.0
Toledo,2023,6,18620.0
Toledo,2023,7,20635.0
Toledo,2023,8,21599.0
Toledo,2023,9,21805.0
Toledo,2023,10,22629.0
Toledo,2023,11,15549.0
Toledo,2023,12,11895.0
Toledo,2024,1,12454.0
Toledo,2024,2,12783.0
Toledo,2024,3,17987.0
Toledo,2024,4,19632.0
Toledo,2024,5,24183.0
Toledo,2024,6,19661.0
Toledo,2024,7,19122.0
Toledo,2024,8,20949.0
Toledo,2024,9,22057.0
Toledo,2024,10,24085.0
Toledo,2024,11,17509.0
Toledo,2024,12,11945.0
Toledo,2025,1,11805.0
Toledo,2025,2,11971.0
Toledo,2025,3,14749.0
Toledo,2025,4,21661.0
Toledo,2025,5,22068.0
Toledo,2025,6,19664.0
Toledo,2025,7,20375.0
Toledo,2025,8,20242.0
Toledo,2025,9,20791.0
Valencia/València,1999,1,18322.0
Valencia/València,1999,2,19891.0
Valencia/València,1999,3,31183.0
Valencia/València,1999,4,25808.0
Valencia/València,1999,5,28720.0
Valencia/València,1999,6,25757.0
Valencia/València,1999,7,29649.0
Valencia/València,1999,8,37222.0
Valencia/València,1999,9,34606.0
Valencia/València,1999,10,30067.0
Valencia/València,1999,11,25629.0
Valencia/València,1999,12,15826.0
Valencia/València,2000,1,20319.0
Valencia/València,2000,2,20765.0
Valencia/València,2000,3,34960.0
Valencia/València,2000,4,35535.0
Valencia/València,2000,5,32132.0
Valencia/València,2000,6,33473.0
Valencia/València,2000,7,36630.0
Valencia/València,2000,8,47471.0
Valencia/València,2000,9,38515.0
Valencia/València,2000,10,34350.0
Valencia/València,2000,11,26352.0
Valencia/València,2000,12,20898.0
Valencia/València,2001,1,21190.0
Valencia/València,2001,2,28095.0
Valencia/València,2001,3,32932.0
Valencia/València,2001,4,34570.0
Valencia/València,2001,5,34054.0
Valencia/València,2001,6,34804.0
Valencia/València,2001,7,38330.0
Valencia/València,2001,8,44663.0
Valencia/València,2001,9,40317.0
Valencia/València,2001,10,31708.0
Valencia/València,2001,11,25861.0
Valencia/València,2001,12,18721.0
Valencia/València,2002,1,20581.0
Valencia/València,2002,2,35704.0
Valencia/València,2002,3,35117.0
Valencia/València,2002,4,36110.0
Valencia/València,2002,5,32953.0
Valencia/València,2002,6,36118.0
Valencia/València,2002,7,37668.0
Valencia/València,2002,8,45840.0
Valencia/València,2002,9,41478.0
Valencia/València,2002,10,43702.0
Valencia/València,2002,11,33064.0
Valencia/València,2002,12,25928.0
Valencia/València,2003,1,23913.0
Valencia/València,2003,2,31403.0
Valencia/València,2003,3,43180.0
Valencia/València,2003,4,34205.0
Valencia/València,2003,5,32743.0
Valencia/València,2003,6,35136.0
Valencia/València,2003,7,41849.0
Valencia/València,2003,8,48343.0
Valencia/València,2003,9,44795.0
Valencia/València,2003,10,43549.0
Valencia/València,2003,11,35492.0
Valencia/València,2003,12,29079.0
Valencia/València,2004,1,26355.0
Valencia/València,2004,2,30070.0
Valencia/València,2004,3,44584.0
Valencia/València,2004,4,37912.0
Valencia/València,2004,5,36488.0
Valencia/València,2004,6,33700.0
Valencia/València,2004,7,40266.0
Valencia/València,2004,8,46359.0
Valencia/València,2004,9,46192.0
Valencia/València,2004,10,46170.0
Valencia/València,2004,11,33762.0
Valencia/València,2004,12,27940.0
Valencia/València,2005,1,27998.0
Valencia/València,2005,2,39009.0
Valencia/València,2005,3,46521.0
Valencia/València,2005,4,51355.0
Valencia/València,2005,5,50587.0
Valencia/València,2005,6,49401.0
Valencia/València,2005,7,52655.0
Valencia/València,2005,8,62967.0
Valencia/València,2005,9,55623.0
Valencia/València,2005,10,53952.0
Valencia/València,2005,11,46655.0
Valencia/València,2005,12,33856.0
Valencia/València,2006,1,40865.0
Valencia/València,2006,2,53576.0
Valencia/València,2006,3,70360.0
Valencia/València,2006,4,72639.0
Valencia/València,2006,5,74445.0
Valencia/València,2006,6,67396.0
Valencia/València,2006,7,69545.0
Valencia/València,2006,8,81911.0
Valencia/València,2006,9,70788.0
Valencia/València,2006,10,70006.0
Valencia/València,2006,11,56684.0
Valencia/València,2006,12,41707.0
Valencia/València,2007,1,48637.0
Valencia/València,2007,2,67975.0
Valencia/València,2007,3,77431.0
Valencia/València,2007,4,81616.0
Valencia/València,2007,5,80177.0
Valencia/València,2007,6,82821.0
Valencia/València,2007,7,76332.0
Valencia/València,2007,8,97706.0
Valencia/València,2007,9,80692.0
Valencia/València,2007,10,70030.0
Valencia/València,2007,11,68720.0
Valencia/València,2007,12,51183.0
Valencia/València,2008,1,50172.0
Valencia/València,2008,2,73337.0
Valencia/València,2008,3,76926.0
Valencia/València,2008,4,83193.0
Valencia/València,2008,5,84339.0
Valencia/València,2008,6,80808.0
Valencia/València,2008,7,96703.0
Valencia/València,2008,8,117082.0
Valencia/València,2008,9,98170.0
Valencia/València,2008,10,88282.0
Valencia/València,2008,11,57028.0
Valencia/València,2008,12,38514.0
Valencia/València,2009,1,37214.0
Valencia/València,2009,2,53004.0
Valencia/València,2009,3,57491.0
Valencia/València,2009,4,66081.0
Valencia/València,2009,5,71087.0
Valencia/València,2009,6,68307.0
Valencia/València,2009,7,74815.0
Valencia/València,2009,8,91710.0
Valencia/València,2009,9,80272.0
Valencia/València,2009,10,68740.0
Valencia/València,2009,11,56598.0
Valencia/València,2009,12,40682.0
Valencia/València,2010,1,34779.0
Valencia/València,2010,2,51091.0
Valencia/València,2010,3,62876.0
Valencia/València,2010,4,71567.0
Valencia/València,2010,5,74624.0
Valencia/València,2010,6,77955.0
Valencia/València,2010,7,82410.0
Valencia/València,2010,8,98161.0
Valencia/València,2010,9,95966.0
Valencia/València,2010,10,78263.0
Valencia/València,2010,11,63719.0
Valencia/València,2010,12,39683.0
Valencia/València,2011,1,38789.0
Valencia/València,2011,2,48592.0
Valencia/València,2011,3,64280.0
Valencia/València,2011,4,73653.0
Valencia/València,2011,5,72177.0
Valencia/València,2011,6,82704.0
Valencia/València,2011,7,98624.0
Valencia/València,2011,8,98829.0
Valencia/València,2011,9,86853.0
Valencia/València,2011,10,76316.0
Valencia/València,2011,11,53018.0
Valencia/València,2011,12,40088.0
Valencia/València,2012,1,43967.0
Valencia/València,2012,2,54402.0
Valencia/València,2012,3,75002.0
Valencia/València,2012,4,87718.0
Valencia/València,2012,5,81649.0
Valencia/València,2012,6,94052.0
Valencia/València,2012,7,100338.0
Valencia/València,2012,8,120286.0
Valencia/València,2012,9,97783.0
Valencia/València,2012,10,84166.0
Valencia/València,2012,11,64591.0
Valencia/València,2012,12,45969.0
Valencia/València,2013,1,50713.0
Valencia/València,2013,2,62031.0
Valencia/València,2013,3,86770.0
Valencia/València,2013,4,90348.0
Valencia/València,2013,5,98254.0
Valencia/València,2013,6,95587.0
Valencia/València,2013,7,106402.0
Valencia/València,2013,8,134876.0
Valencia/València,2013,9,102111.0
Valencia/València,2013,10,102071.0
Valencia/València,2013,11,73704.0
Valencia/València,2013,12,53195.0
Valencia/València,2014,1,50563.0
Valencia/València,2014,2,58423.0
Valencia/València,2014,3,81099.0
Valencia/València,2014,4,90939.0
Valencia/València,2014,5,97986.0
Valencia/València,2014,6,94751.0
Valencia/València,2014,7,106354.0
Valencia/València,2014,8,129330.0
Valencia/València,2014,9,100784.0
Valencia/València,2014,10,100723.0
Valencia/València,2014,11,75572.0
Valencia/València,2014,12,51886.0
Valencia/València,2015,1,57352.0
Valencia/València,2015,2,68920.0
Valencia/València,2015,3,79365.0
Valencia/València,2015,4,94599.0
Valencia/València,2015,5,105678.0
Valencia/València,2015,6,106426.0
Valencia/València,2015,7,122115.0
Valencia/València,2015,8,142379.0
Valencia/València,2015,9,116009.0
Valencia/València,2015,10,101981.0
Valencia/València,2015,11,85162.0
Valencia/València,2015,12,65874.0
Valencia/València,2016,1,66413.0
Valencia/València,2016,2,79843.0
Valencia/València,2016,3,88710.0
Valencia/València,2016,4,108145.0
Valencia/València,2016,5,119292.0
Valencia/València,2016,6,110535.0
Valencia/València,2016,7,129869.0
Valencia/València,2016,8,140772.0
Valencia/València,2016,9,133320.0
Valencia/València,2016,10,124618.0
Valencia/València,2016,11,92155.0
Valencia/València,2016,12,72181.0
Valencia/València,2017,1,63065.0
Valencia/València,2017,2,77007.0
Valencia/València,2017,3,90197.0
Valencia/València,2017,4,108105.0
Valencia/València,2017,5,122851.0
Valencia/València,2017,6,121676.0
Valencia/València,2017,7,137592.0
Valencia/València,2017,8,147898.0
Valencia/València,2017,9,132918.0
Valencia/València,2017,10,127920.0
Valencia/València,2017,11,96245.0
Valencia/València,2017,12,71273.0
Valencia/València,2018,1,83811.0
Valencia/València,2018,2,92817.0
Valencia/València,2018,3,111151.0
Valencia/València,2018,4,129502.0
Valencia/València,2018,5,136143.0
Valencia/València,2018,6,134516.0
Valencia/València,2018,7,146709.0
Valencia/València,2018,8,157440.0
Valencia/València,2018,9,140627.0
Valencia/València,2018,10,138280.0
Valencia/València,2018,11,113458.0
Valencia/València,2018,12,87052.0
Valencia/València,2019,1,91809.0
Valencia/València,2019,2,96118.0
Valencia/València,2019,3,117357.0
Valencia/València,2019,4,143282.0
Valencia/València,2019,5,149454.0
Valencia/València,2019,6,146670.0
Valencia/València,2019,7,157018.0
Valencia/València,2019,8,167257.0
Valencia/València,2019,9,149584.0
Valencia/València,2019,10,144989.0
Valencia/València,2019,11,119067.0
Valencia/València,2019,12,89551.0
Valencia/València,2020,1,99192.0
Valencia/València,2020,2,100291.0
Valencia/València,2020,3,29262.0
Valencia/València,2020,4,0.0
Valencia/València,2020,5,650.0
Valencia/València,2020,6,5552.0
Valencia/València,2020,7,39567.0
Valencia/València,2020,8,44211.0
Valencia/València,2020,9,22395.0
Valencia/València,2020,10,20095.0
Valencia/València,2020,11,12827.0
Valencia/València,2020,12,10886.0
Valencia/València,2021,1,9394.0
Valencia/València,2021,2,8136.0
Valencia/València,2021,3,12506.0
Valencia/València,2021,4,14785.0
Valencia/València,2021,5,26848.0
Valencia/València,2021,6,43793.0
Valencia/València,2021,7,87770.0
Valencia/València,2021,8,110061.0
Valencia/València,2021,9,94206.0
Valencia/València,2021,10,100288.0
Valencia/València,2021,11,80484.0
Valencia/València,2021,12,62649.0
Valencia/València,2022,1,49897.0
Valencia/València,2022,2,67378.0
Valencia/València,2022,3,88282.0
Valencia/València,2022,4,117070.0
Valencia/València,2022,5,135221.0
Valencia/València,2022,6,126241.0
Valencia/València,2022,7,155496.0
Valencia/València,2022,8,167917.0
Valencia/València,2022,9,137372.0
Valencia/València,2022,10,139364.0
Valencia/València,2022,11,100210.0
Valencia/València,2022,12,84102.0
Valencia/València,2023,1,86743.0
Valencia/València,2023,2,89102.0
Valencia/València,2023,3,115034.0
Valencia/València,2023,4,138949.0
Valencia/València,2023,5,147446.0
Valencia/València,2023,6,140700.0
Valencia/València,2023,7,153777.0
Valencia/València,2023,8,170230.0
Valencia/València,2023,9,151029.0
Valencia/València,2023,10,150264.0
Valencia/València,2023,11,115319.0
Valencia/València,2023,12,100896.0
Valencia/València,2024,1,97240.0
Valencia/València,2024,2,109399.0
Valencia/València,2024,3,137742.0
Valencia/València,2024,4,154823.0
Valencia/València,2024,5,162926.0
Valencia/València,2024,6,149576.0
Valencia/València,2024,7,167045.0
Valencia/València,2024,8,187910.0
Valencia/València,2024,9,159789.0
Valencia/València,2024,10,165090.0
Valencia/València,2024,11,79921.0
Valencia/València,2024,12,83613.0
Valencia/València,2025,1,90702.0
Valencia/València,2025,2,105641.0
Valencia/València,2025,3,125753.0
Valencia/València,2025,4,154233.0
Valencia/València,2025,5,155929.0
Valencia/València,2025,6,151296.0
Valencia/València,2025,7,166066.0
Valencia/València,2025,8,183784.0
Valencia/València,2025,9,162360.0
Valladolid,1999,1,3439.0
Valladolid,1999,2,3230.0
Valladolid,1999,3,3894.0
Valladolid,1999,4,6489.0
Valladolid,1999,5,5827.0
Valladolid,1999,6,7390.0
Valladolid,1999,7,8015.0
Valladolid,1999,8,10232.0
Valladolid,1999,9,7745.0
Valladolid,1999,10,5433.0
Valladolid,1999,11,4211.0
Valladolid,1999,12,2204.0
Valladolid,2000,1,2909.0
Valladolid,2000,2,2563.0
Valladolid,2000,3,4281.0
Valladolid,2000,4,6508.0
Valladolid,2000,5,7563.0
Valladolid,2000,6,5444.0
Valladolid,2000,7,7424.0
Valladolid,2000,8,11294.0
Valladolid,2000,9,7422.0
Valladolid,2000,10,5976.0
Valladolid,2000,11,3860.0
Valladolid,2000,12,3119.0
Valladolid,2001,1,3800.0
Valladolid,2001,2,5269.0
Valladolid,2001,3,3825.0
Valladolid,2001,4,5074.0
Valladolid,2001,5,6040.0
Valladolid,2001,6,5877.0
Valladolid,2001,7,8299.0
Valladolid,2001,8,10609.0
Valladolid,2001,9,6543.0
Valladolid,2001,10,5623.0
Valladolid,2001,11,3899.0
Valladolid,2001,12,3316.0
Valladolid,2002,1,3753.0
Valladolid,2002,2,3573.0
Valladolid,2002,3,4834.0
Valladolid,2002,4,5451.0
Valladolid,2002,5,6595.0
Valladolid,2002,6,6562.0
Valladolid,2002,7,8150.0
Valladolid,2002,8,9975.0
Valladolid,2002,9,6452.0
Valladolid,2002,10,6148.0
Valladolid,2002,11,3768.0
Valladolid,2002,12,3748.0
Valladolid,2003,1,3917.0
Valladolid,2003,2,3308.0
Valladolid,2003,3,4375.0
Valladolid,2003,4,5346.0
Valladolid,2003,5,7097.0
Valladolid,2003,6,5949.0
Valladolid,2003,7,7070.0
Valladolid,2003,8,7830.0
Valladolid,2003,9,7971.0
Valladolid,2003,10,5279.0
Valladolid,2003,11,4291.0
Valladolid,2003,12,3581.0
Valladolid,2004,1,4384.0
Valladolid,2004,2,4755.0
Valladolid,2004,3,5721.0
Valladolid,2004,4,6556.0
Valladolid,2004,5,7597.0
Valladolid,2004,6,8049.0
Valladolid,2004,7,8378.0
Valladolid,2004,8,8316.0
Valladolid,2004,9,8828.0
Valladolid,2004,10,6295.0
Valladolid,2004,11,4792.0
Valladolid,2004,12,3235.0
Valladolid,2005,1,4154.0
Valladolid,2005,2,5023.0
Valladolid,2005,3,5113.0
Valladolid,2005,4,6959.0
Valladolid,2005,5,7092.0
Valladolid,2005,6,6812.0
Valladolid,2005,7,8222.0
Valladolid,2005,8,9118.0
Valladolid,2005,9,7947.0
Valladolid,2005,10,6037.0
Valladolid,2005,11,4856.0
Valladolid,2005,12,3262.0
Valladolid,2006,1,3651.0
Valladolid,2006,2,4762.0
Valladolid,2006,3,5283.0
Valladolid,2006,4,6750.0
Valladolid,2006,5,7946.0
Valladolid,2006,6,6887.0
Valladolid,2006,7,7926.0
Valladolid,2006,8,9832.0
Valladolid,2006,9,7207.0
Valladolid,2006,10,7441.0
Valladolid,2006,11,5632.0
Valladolid,2006,12,4031.0
Valladolid,2007,1,5099.0
Valladolid,2007,2,5014.0
Valladolid,2007,3,7959.0
Valladolid,2007,4,9695.0
Valladolid,2007,5,10164.0
Valladolid,2007,6,7692.0
Valladolid,2007,7,9833.0
Valladolid,2007,8,11249.0
Valladolid,2007,9,8527.0
Valladolid,2007,10,8424.0
Valladolid,2007,11,6232.0
Valladolid,2007,12,4424.0
Valladolid,2008,1,5615.0
Valladolid,2008,2,6350.0
Valladolid,2008,3,6277.0
Valladolid,2008,4,6964.0
Valladolid,2008,5,10054.0
Valladolid,2008,6,8321.0
Valladolid,2008,7,10936.0
Valladolid,2008,8,13748.0
Valladolid,2008,9,10020.0
Valladolid,2008,10,8603.0
Valladolid,2008,11,5893.0
Valladolid,2008,12,4301.0
Valladolid,2009,1,3956.0
Valladolid,2009,2,3853.0
Valladolid,2009,3,4844.0
Valladolid,2009,4,6490.0
Valladolid,2009,5,8404.0
Valladolid,2009,6,7601.0
Valladolid,2009,7,11382.0
Valladolid,2009,8,12198.0
Valladolid,2009,9,7907.0
Valladolid,2009,10,7593.0
Valladolid,2009,11,4763.0
Valladolid,2009,12,4286.0
Valladolid,2010,1,3272.0
Valladolid,2010,2,4248.0
Valladolid,2010,3,5104.0
Valladolid,2010,4,7101.0
Valladolid,2010,5,10437.0
Valladolid,2010,6,8281.0
Valladolid,2010,7,11491.0
Valladolid,2010,8,11555.0
Valladolid,2010,9,7880.0
Valladolid,2010,10,8207.0
Valladolid,2010,11,5130.0
Valladolid,2010,12,3698.0
Valladolid,2011,1,4198.0
Valladolid,2011,2,4070.0
Valladolid,2011,3,6089.0
Valladolid,2011,4,7498.0
Valladolid,2011,5,9953.0
Valladolid,2011,6,8085.0
Valladolid,2011,7,10726.0
Valladolid,2011,8,12080.0
Valladolid,2011,9,9297.0
Valladolid,2011,10,8437.0
Valladolid,2011,11,6698.0
Valladolid,2011,12,3908.0
Valladolid,2012,1,3568.0
Valladolid,2012,2,4320.0
Valladolid,2012,3,5969.0
Valladolid,2012,4,6311.0
Valladolid,2012,5,7075.0
Valladolid,2012,6,8948.0
Valladolid,2012,7,10706.0
Valladolid,2012,8,12252.0
Valladolid,2012,9,8392.0
Valladolid,2012,10,6800.0
Valladolid,2012,11,5219.0
Valladolid,2012,12,4133.0
Valladolid,2013,1,3301.0
Valladolid,2013,2,3752.0
Valladolid,2013,3,4908.0
Valladolid,2013,4,6041.0
Valladolid,2013,5,7551.0
Valladolid,2013,6,8161.0
Valladolid,2013,7,10274.0
Valladolid,2013,8,14641.0
Valladolid,2013,9,8999.0
Valladolid,2013,10,7605.0
Valladolid,2013,11,4546.0
Valladolid,2013,12,4111.0
Valladolid,2014,1,3882.0
Valladolid,2014,2,3558.0
Valladolid,2014,3,4812.0
Valladolid,2014,4,7029.0
Valladolid,2014,5,9756.0
Valladolid,2014,6,7931.0
Valladolid,2014,7,11656.0
Valladolid,2014,8,18692.0
Valladolid,2014,9,10114.0
Valladolid,2014,10,8581.0
Valladolid,2014,11,4886.0
Valladolid,2014,12,4370.0
Valladolid,2015,1,4945.0
Valladolid,2015,2,3932.0
Valladolid,2015,3,5140.0
Valladolid,2015,4,7818.0
Valladolid,2015,5,9056.0
Valladolid,2015,6,9243.0
Valladolid,2015,7,13967.0
Valladolid,2015,8,21599.0
Valladolid,2015,9,12189.0
Valladolid,2015,10,9255.0
Valladolid,2015,11,7722.0
Valladolid,2015,12,5650.0
Valladolid,2016,1,5115.0
Valladolid,2016,2,5096.0
Valladolid,2016,3,7644.0
Valladolid,2016,4,9597.0
Valladolid,2016,5,10928.0
Valladolid,2016,6,11116.0
Valladolid,2016,7,17027.0
Valladolid,2016,8,24747.0
Valladolid,2016,9,11581.0
Valladolid,2016,10,11443.0
Valladolid,2016,11,5954.0
Valladolid,2016,12,5179.0
Valladolid,2017,1,5079.0
Valladolid,2017,2,5150.0
Valladolid,2017,3,7138.0
Valladolid,2017,4,10580.0
Valladolid,2017,5,11037.0
Valladolid,2017,6,11642.0
Valladolid,2017,7,21319.0
Valladolid,2017,8,26186.0
Valladolid,2017,9,14339.0
Valladolid,2017,10,11420.0
Valladolid,2017,11,7485.0
Valladolid,2017,12,6132.0
Valladolid,2018,1,6000.0
Valladolid,2018,2,6236.0
Valladolid,2018,3,8602.0
Valladolid,2018,4,10270.0
Valladolid,2018,5,13292.0
Valladolid,2018,6,10712.0
Valladolid,2018,7,16976.0
Valladolid,2018,8,26468.0
Valladolid,2018,9,13347.0
Valladolid,2018,10,11128.0
Valladolid,2018,11,8696.0
Valladolid,2018,12,6776.0
Valladolid,2019,1,5842.0
Valladolid,2019,2,5477.0
Valladolid,2019,3,7556.0
Valladolid,2019,4,10035.0
Valladolid,2019,5,12603.0
Valladolid,2019,6,12636.0
Valladolid,2019,7,15978.0
Valladolid,2019,8,25053.0
Valladolid,2019,9,13992.0
Valladolid,2019,10,11569.0
Valladolid,2019,11,8386.0
Valladolid,2019,12,5982.0
Valladolid,2020,1,6018.0
Valladolid,2020,2,6516.0
Valladolid,2020,3,2372.0
Valladolid,2020,4,0.0
Valladolid,2020,5,52.0
Valladolid,2020,6,924.0
Valladolid,2020,7,4986.0
Valladolid,2020,8,6319.0
Valladolid,2020,9,3329.0
Valladolid,2020,10,2588.0
Valladolid,2020,11,1630.0
Valladolid,2020,12,1901.0
Valladolid,2021,1,1208.0
Valladolid,2021,2,963.0
Valladolid,2021,3,1392.0
Valladolid,2021,4,1375.0
Valladolid,2021,5,2750.0
Valladolid,2021,6,4774.0
Valladolid,2021,7,7776.0
Valladolid,2021,8,13476.0
Valladolid,2021,9,9669.0
Valladolid,2021,10,10485.0
Valladolid,2021,11,7056.0
Valladolid,2021,12,5003.0
Valladolid,2022,1,4299.0
Valladolid,2022,2,4501.0
Valladolid,2022,3,6735.0
Valladolid,2022,4,8736.0
Valladolid,2022,5,10184.0
Valladolid,2022,6,11502.0
Valladolid,2022,7,19806.0
Valladolid,2022,8,25507.0
Valladolid,2022,9,14757.0
Valladolid,2022,10,10878.0
Valladolid,2022,11,7150.0
Valladolid,2022,12,6380.0
Valladolid,2023,1,5683.0
Valladolid,2023,2,5179.0
Valladolid,2023,3,7090.0
Valladolid,2023,4,11122.0
Valladolid,2023,5,12803.0
Valladolid,2023,6,11876.0
Valladolid,2023,7,18480.0
Valladolid,2023,8,23365.0
Valladolid,2023,9,14451.0
Valladolid,2023,10,12015.0
Valladolid,2023,11,8276.0
Valladolid,2023,12,7044.0
Valladolid,2024,1,6043.0
Valladolid,2024,2,5073.0
Valladolid,2024,3,8234.0
Valladolid,2024,4,10617.0
Valladolid,2024,5,12114.0
Valladolid,2024,6,12617.0
Valladolid,2024,7,18170.0
Valladolid,2024,8,22032.0
Valladolid,2024,9,13768.0
Valladolid,2024,10,11445.0
Valladolid,2024,11,8023.0
Valladolid,2024,12,6939.0
Valladolid,2025,1,6097.0
Valladolid,2025,2,5901.0
Valladolid,2025,3,8789.0
Valladolid,2025,4,11604.0
Valladolid,2025,5,12942.0
Valladolid,2025,6,12114.0
Valladolid,2025,7,19965.0
Valladolid,2025,8,23564.0
Valladolid,2025,9,15505.0
Zamora,1999,1,638.0
Zamora,1999,2,806.0
Zamora,1999,3,992.0
Zamora,1999,4,1639.0
Zamora,1999,5,1631.0
Zamora,1999,6,2177.0
Zamora,1999,7,2173.0
Zamora,1999,8,3603.0
Zamora,1999,9,2362.0
Zamora,1999,10,1924.0
Zamora,1999,11,581.0
Zamora,1999,12,939.0
Zamora,2000,1,441.0
Zamora,2000,2,787.0
Zamora,2000,3,1199.0
Zamora,2000,4,1823.0
Zamora,2000,5,2138.0
Zamora,2000,6,2429.0
Zamora,2000,7,2683.0
Zamora,2000,8,3203.0
Zamora,2000,9,2767.0
Zamora,2000,10,1752.0
Zamora,2000,11,1227.0
Zamora,2000,12,1076.0
Zamora,2001,1,558.0
Zamora,2001,2,1072.0
Zamora,2001,3,828.0
Zamora,2001,4,1980.0
Zamora,2001,5,1662.0
Zamora,2001,6,2810.0
Zamora,2001,7,2773.0
Zamora,2001,8,3243.0
Zamora,2001,9,2406.0
Zamora,2001,10,1529.0
Zamora,2001,11,754.0
Zamora,2001,12,1146.0
Zamora,2002,1,668.0
Zamora,2002,2,1146.0
Zamora,2002,3,1562.0
Zamora,2002,4,1816.0
Zamora,2002,5,2646.0
Zamora,2002,6,2642.0
Zamora,2002,7,3872.0
Zamora,2002,8,3878.0
Zamora,2002,9,3279.0
Zamora,2002,10,2000.0
Zamora,2002,11,827.0
Zamora,2002,12,738.0
Zamora,2003,1,1052.0
Zamora,2003,2,816.0
Zamora,2003,3,1693.0
Zamora,2003,4,2078.0
Zamora,2003,5,2438.0
Zamora,2003,6,2247.0
Zamora,2003,7,2349.0
Zamora,2003,8,2692.0
Zamora,2003,9,2800.0
Zamora,2003,10,1941.0
Zamora,2003,11,1196.0
Zamora,2003,12,832.0
Zamora,2004,1,1077.0
Zamora,2004,2,1208.0
Zamora,2004,3,1254.0
Zamora,2004,4,2483.0
Zamora,2004,5,2727.0
Zamora,2004,6,3129.0
Zamora,2004,7,2854.0
Zamora,2004,8,3596.0
Zamora,2004,9,3113.0
Zamora,2004,10,2188.0
Zamora,2004,11,1008.0
Zamora,2004,12,912.0
Zamora,2005,1,630.0
Zamora,2005,2,777.0
Zamora,2005,3,1231.0
Zamora,2005,4,2051.0
Zamora,2005,5,3116.0
Zamora,2005,6,2557.0
Zamora,2005,7,1997.0
Zamora,2005,8,2910.0
Zamora,2005,9,2623.0
Zamora,2005,10,2254.0
Zamora,2005,11,859.0
Zamora,2005,12,893.0
Zamora,2006,1,780.0
Zamora,2006,2,849.0
Zamora,2006,3,1332.0
Zamora,2006,4,2347.0
Zamora,2006,5,2851.0
Zamora,2006,6,2215.0
Zamora,2006,7,3047.0
Zamora,2006,8,3647.0
Zamora,2006,9,2169.0
Zamora,2006,10,2021.0
Zamora,2006,11,1426.0
Zamora,2006,12,874.0
Zamora,2007,1,907.0
Zamora,2007,2,1655.0
Zamora,2007,3,1782.0
Zamora,2007,4,2109.0
Zamora,2007,5,2862.0
Zamora,2007,6,3275.0
Zamora,2007,7,2762.0
Zamora,2007,8,3289.0
Zamora,2007,9,3256.0
Zamora,2007,10,2878.0
Zamora,2007,11,1928.0
Zamora,2007,12,1683.0
Zamora,2008,1,1260.0
Zamora,2008,2,1666.0
Zamora,2008,3,2040.0
Zamora,2008,4,2221.0
Zamora,2008,5,3163.0
Zamora,2008,6,2620.0
Zamora,2008,7,2285.0
Zamora,2008,8,2808.0
Zamora,2008,9,2615.0
Zamora,2008,10,1950.0
Zamora,2008,11,936.0
Zamora,2008,12,1019.0
Zamora,2009,1,1025.0
Zamora,2009,2,1133.0
Zamora,2009,3,1489.0
Zamora,2009,4,2598.0
Zamora,2009,5,3510.0
Zamora,2009,6,2657.0
Zamora,2009,7,2341.0
Zamora,2009,8,3131.0
Zamora,2009,9,3219.0
Zamora,2009,10,2142.0
Zamora,2009,11,1177.0
Zamora,2009,12,1109.0
Zamora,2010,1,658.0
Zamora,2010,2,1240.0
Zamora,2010,3,1325.0
Zamora,2010,4,2350.0
Zamora,2010,5,3711.0
Zamora,2010,6,3071.0
Zamora,2010,7,3672.0
Zamora,2010,8,3267.0
Zamora,2010,9,3547.0
Zamora,2010,10,2095.0
Zamora,2010,11,1067.0
Zamora,2010,12,758.0
Zamora,2011,1,840.0
Zamora,2011,2,1381.0
Zamora,2011,3,1393.0
Zamora,2011,4,2318.0
Zamora,2011,5,2547.0
Zamora,2011,6,3519.0
Zamora,2011,7,4129.0
Zamora,2011,8,3320.0
Zamora,2011,9,3379.0
Zamora,2011,10,2866.0
Zamora,2011,11,1150.0
Zamora,2011,12,931.0
Zamora,2012,1,913.0
Zamora,2012,2,843.0
Zamora,2012,3,1398.0
Zamora,2012,4,2451.0
Zamora,2012,5,2834.0
Zamora,2012,6,2345.0
Zamora,2012,7,2322.0
Zamora,2012,8,2933.0
Zamora,2012,9,3226.0
Zamora,2012,10,1669.0
Zamora,2012,11,786.0
Zamora,2012,12,914.0
Zamora,2013,1,834.0
Zamora,2013,2,1177.0
Zamora,2013,3,1357.0
Zamora,2013,4,2232.0
Zamora,2013,5,2967.0
Zamora,2013,6,2873.0
Zamora,2013,7,2318.0
Zamora,2013,8,3010.0
Zamora,2013,9,2708.0
Zamora,2013,10,1957.0
Zamora,2013,11,955.0
Zamora,2013,12,1034.0
Zamora,2014,1,508.0
Zamora,2014,2,1304.0
Zamora,2014,3,1622.0
Zamora,2014,4,2525.0
Zamora,2014,5,3444.0
Zamora,2014,6,2374.0
Zamora,2014,7,2973.0
Zamora,2014,8,3181.0
Zamora,2014,9,3636.0
Zamora,2014,10,1852.0
Zamora,2014,11,1053.0
Zamora,2014,12,803.0
Zamora,2015,1,897.0
Zamora,2015,2,764.0
Zamora,2015,3,1669.0
Zamora,2015,4,1900.0
Zamora,2015,5,2433.0
Zamora,2015,6,2657.0
Zamora,2015,7,3595.0
Zamora,2015,8,3539.0
Zamora,2015,9,3750.0
Zamora,2015,10,2254.0
Zamora,2015,11,990.0
Zamora,2015,12,997.0
Zamora,2016,1,790.0
Zamora,2016,2,746.0
Zamora,2016,3,1653.0
Zamora,2016,4,2164.0
Zamora,2016,5,2396.0
Zamora,2016,6,2601.0
Zamora,2016,7,2883.0
Zamora,2016,8,3433.0
Zamora,2016,9,3114.0
Zamora,2016,10,2666.0
Zamora,2016,11,1264.0
Zamora,2016,12,1098.0
Zamora,2017,1,865.0
Zamora,2017,2,999.0
Zamora,2017,3,1344.0
Zamora,2017,4,2500.0
Zamora,2017,5,3493.0
Zamora,2017,6,3351.0
Zamora,2017,7,2939.0
Zamora,2017,8,3596.0
Zamora,2017,9,3403.0
Zamora,2017,10,2483.0
Zamora,2017,11,1296.0
Zamora,2017,12,1019.0
Zamora,2018,1,1020.0
Zamora,2018,2,941.0
Zamora,2018,3,1715.0
Zamora,2018,4,2138.0
Zamora,2018,5,4429.0
Zamora,2018,6,3294.0
Zamora,2018,7,2901.0
Zamora,2018,8,4127.0
Zamora,2018,9,4080.0
Zamora,2018,10,3128.0
Zamora,2018,11,1255.0
Zamora,2018,12,1179.0
Zamora,2019,1,975.0
Zamora,2019,2,1061.0
Zamora,2019,3,1621.0
Zamora,2019,4,3108.0
Zamora,2019,5,4348.0
Zamora,2019,6,3912.0
Zamora,2019,7,3548.0
Zamora,2019,8,3744.0
Zamora,2019,9,3894.0
Zamora,2019,10,3079.0
Zamora,2019,11,1300.0
Zamora,2019,12,1235.0
Zamora,2020,1,1100.0
Zamora,2020,2,1456.0
Zamora,2020,3,408.0
Zamora,2020,4,0.0
Zamora,2020,7,962.0
Zamora,2020,8,1457.0
Zamora,2020,9,904.0
Zamora,2020,10,955.0
Zamora,2020,11,221.0
Zamora,2020,12,307.0
Zamora,2021,1,201.0
Zamora,2021,2,261.0
Zamora,2021,3,323.0
Zamora,2021,4,374.0
Zamora,2021,5,737.0
Zamora,2021,6,1260.0
Zamora,2021,7,2002.0
Zamora,2021,8,2278.0
Zamora,2021,9,2939.0
Zamora,2021,10,2063.0
Zamora,2021,11,1029.0
Zamora,2021,12,672.0
Zamora,2022,1,710.0
Zamora,2022,2,709.0
Zamora,2022,3,1027.0
Zamora,2022,4,2099.0
Zamora,2022,5,3963.0
Zamora,2022,6,3009.0
Zamora,2022,7,3170.0
Zamora,2022,8,3689.0
Zamora,2022,9,3391.0
Zamora,2022,10,2809.0
Zamora,2022,11,1396.0
Zamora,2022,12,986.0
Zamora,2023,1,996.0
Zamora,2023,2,1153.0
Zamora,2023,3,1288.0
Zamora,2023,4,2606.0
Zamora,2023,5,3421.0
Zamora,2023,6,3091.0
Zamora,2023,7,3017.0
Zamora,2023,8,3853.0
Zamora,2023,9,3914.0
Zamora,2023,10,3587.0
Zamora,2023,11,1302.0
Zamora,2023,12,1033.0
Zamora,2024,1,1156.0
Zamora,2024,2,1123.0
Zamora,2024,3,1549.0
Zamora,2024,4,3091.0
Zamora,2024,5,4583.0
Zamora,2024,6,3200.0
Zamora,2024,7,2710.0
Zamora,2024,8,3593.0
Zamora,2024,9,3656.0
Zamora,2024,10,2589.0
Zamora,2024,11,1644.0
Zamora,2024,12,1084.0
Zamora,2025,1,636.0
Zamora,2025,2,921.0
Zamora,2025,3,1826.0
Zamora,2025,4,3026.0
Zamora,2025,5,3697.0
Zamora,2025,6,2913.0
Zamora,2025,7,2519.0
Zamora,2025,8,3217.0
Zamora,2025,9,3285.0
Zaragoza,1999,1,4595.0
Zaragoza,1999,2,5474.0
Zaragoza,1999,3,7505.0
Zaragoza,1999,4,10785.0
Zaragoza,1999,5,14802.0
Zaragoza,1999,6,13660.0
Zaragoza,1999,7,17166.0
Zaragoza,1999,8,20887.0
Zaragoza,1999,9,17644.0
Zaragoza,1999,10,14065.0
Zaragoza,1999,11,8357.0
Zaragoza,1999,12,5693.0
Zaragoza,2000,1,6552.0
Zaragoza,2000,2,7007.0
Zaragoza,2000,3,11114.0
Zaragoza,2000,4,14357.0
Zaragoza,2000,5,15524.0
Zaragoza,2000,6,13497.0
Zaragoza,2000,7,17315.0
Zaragoza,2000,8,23870.0
Zaragoza,2000,9,18283.0
Zaragoza,2000,10,14667.0
Zaragoza,2000,11,7715.0
Zaragoza,2000,12,6478.0
Zaragoza,2001,1,5826.0
Zaragoza,2001,2,7664.0
Zaragoza,2001,3,10852.0
Zaragoza,2001,4,13862.0
Zaragoza,2001,5,13727.0
Zaragoza,2001,6,12403.0
Zaragoza,2001,7,17812.0
Zaragoza,2001,8,20482.0
Zaragoza,2001,9,15398.0
Zaragoza,2001,10,12295.0
Zaragoza,2001,11,8160.0
Zaragoza,2001,12,5806.0
Zaragoza,2002,1,6657.0
Zaragoza,2002,2,7716.0
Zaragoza,2002,3,10541.0
Zaragoza,2002,4,13266.0
Zaragoza,2002,5,13552.0
Zaragoza,2002,6,12756.0
Zaragoza,2002,7,17178.0
Zaragoza,2002,8,23739.0
Zaragoza,2002,9,19721.0
Zaragoza,2002,10,15403.0
Zaragoza,2002,11,9416.0
Zaragoza,2002,12,7240.0
Zaragoza,2003,1,7738.0
Zaragoza,2003,2,6730.0
Zaragoza,2003,3,11048.0
Zaragoza,2003,4,11598.0
Zaragoza,2003,5,14337.0
Zaragoza,2003,6,14649.0
Zaragoza,2003,7,17337.0
Zaragoza,2003,8,21676.0
Zaragoza,2003,9,17176.0
Zaragoza,2003,10,12901.0
Zaragoza,2003,11,10191.0
Zaragoza,2003,12,9122.0
Zaragoza,2004,1,7687.0
Zaragoza,2004,2,10147.0
Zaragoza,2004,3,10538.0
Zaragoza,2004,4,13471.0
Zaragoza,2004,5,15431.0
Zaragoza,2004,6,14608.0
Zaragoza,2004,7,19135.0
Zaragoza,2004,8,21728.0
Zaragoza,2004,9,14553.0
Zaragoza,2004,10,14571.0
Zaragoza,2004,11,9233.0
Zaragoza,2004,12,9963.0
Zaragoza,2005,1,6822.0
Zaragoza,2005,2,10572.0
Zaragoza,2005,3,15821.0
Zaragoza,2005,4,14995.0
Zaragoza,2005,5,17071.0
Zaragoza,2005,6,16544.0
Zaragoza,2005,7,17529.0
Zaragoza,2005,8,23377.0
Zaragoza,2005,9,18933.0
Zaragoza,2005,10,15781.0
Zaragoza,2005,11,10438.0
Zaragoza,2005,12,9110.0
Zaragoza,2006,1,10727.0
Zaragoza,2006,2,13317.0
Zaragoza,2006,3,14093.0
Zaragoza,2006,4,17156.0
Zaragoza,2006,5,20105.0
Zaragoza,2006,6,18847.0
Zaragoza,2006,7,20291.0
Zaragoza,2006,8,24382.0
Zaragoza,2006,9,18490.0
Zaragoza,2006,10,18275.0
Zaragoza,2006,11,15749.0
Zaragoza,2006,12,10530.0
Zaragoza,2007,1,11059.0
Zaragoza,2007,2,15825.0
Zaragoza,2007,3,17482.0
Zaragoza,2007,4,17889.0
Zaragoza,2007,5,19385.0
Zaragoza,2007,6,16620.0
Zaragoza,2007,7,20662.0
Zaragoza,2007,8,25578.0
Zaragoza,2007,9,22434.0
Zaragoza,2007,10,21168.0
Zaragoza,2007,11,14782.0
Zaragoza,2007,12,11876.0
Zaragoza,2008,1,12644.0
Zaragoza,2008,2,16011.0
Zaragoza,2008,3,19450.0
Zaragoza,2008,4,19739.0
Zaragoza,2008,5,21056.0
Zaragoza,2008,6,26712.0
Zaragoza,2008,7,30007.0
Zaragoza,2008,8,33545.0
Zaragoza,2008,9,26289.0
Zaragoza,2008,10,20732.0
Zaragoza,2008,11,11939.0
Zaragoza,2008,12,9893.0
Zaragoza,2009,1,9274.0
Zaragoza,2009,2,11630.0
Zaragoza,2009,3,13688.0
Zaragoza,2009,4,14914.0
Zaragoza,2009,5,17457.0
Zaragoza,2009,6,17059.0
Zaragoza,2009,7,21372.0
Zaragoza,2009,8,22690.0
Zaragoza,2009,9,20552.0
Zaragoza,2009,10,18999.0
Zaragoza,2009,11,12297.0
Zaragoza,2009,12,10902.0
Zaragoza,2010,1,11591.0
Zaragoza,2010,2,13900.0
Zaragoza,2010,3,16362.0
Zaragoza,2010,4,21324.0
Zaragoza,2010,5,22344.0
Zaragoza,2010,6,19842.0
Zaragoza,2010,7,24063.0
Zaragoza,2010,8,26015.0
Zaragoza,2010,9,25712.0
Zaragoza,2010,10,22027.0
Zaragoza,2010,11,13246.0
Zaragoza,2010,12,11613.0
Zaragoza,2011,1,10648.0
Zaragoza,2011,2,12344.0
Zaragoza,2011,3,18546.0
Zaragoza,2011,4,18917.0
Zaragoza,2011,5,20836.0
Zaragoza,2011,6,21353.0
Zaragoza,2011,7,26503.0
Zaragoza,2011,8,34373.0
Zaragoza,2011,9,25983.0
Zaragoza,2011,10,20878.0
Zaragoza,2011,11,13300.0
Zaragoza,2011,12,10732.0
Zaragoza,2012,1,12175.0
Zaragoza,2012,2,14234.0
Zaragoza,2012,3,17083.0
Zaragoza,2012,4,17101.0
Zaragoza,2012,5,20933.0
Zaragoza,2012,6,19193.0
Zaragoza,2012,7,25915.0
Zaragoza,2012,8,25838.0
Zaragoza,2012,9,25028.0
Zaragoza,2012,10,32454.0
Zaragoza,2012,11,23709.0
Zaragoza,2012,12,10742.0
Zaragoza,2013,1,12318.0
Zaragoza,2013,2,12825.0
Zaragoza,2013,3,20801.0
Zaragoza,2013,4,18245.0
Zaragoza,2013,5,24860.0
Zaragoza,2013,6,22747.0
Zaragoza,2013,7,27146.0
Zaragoza,2013,8,33593.0
Zaragoza,2013,9,28839.0
Zaragoza,2013,10,22995.0
Zaragoza,2013,11,14221.0
Zaragoza,2013,12,12613.0
Zaragoza,2014,1,14682.0
Zaragoza,2014,2,16174.0
Zaragoza,2014,3,16660.0
Zaragoza,2014,4,19924.0
Zaragoza,2014,5,28621.0
Zaragoza,2014,6,26832.0
Zaragoza,2014,7,30709.0
Zaragoza,2014,8,38163.0
Zaragoza,2014,9,30676.0
Zaragoza,2014,10,24535.0
Zaragoza,2014,11,17871.0
Zaragoza,2014,12,13963.0
Zaragoza,2015,1,12641.0
Zaragoza,2015,2,16327.0
Zaragoza,2015,3,21414.0
Zaragoza,2015,4,23651.0
Zaragoza,2015,5,29155.0
Zaragoza,2015,6,30741.0
Zaragoza,2015,7,30431.0
Zaragoza,2015,8,40097.0
Zaragoza,2015,9,31741.0
Zaragoza,2015,10,30810.0
Zaragoza,2015,11,18670.0
Zaragoza,2015,12,16133.0
Zaragoza,2016,1,16889.0
Zaragoza,2016,2,20585.0
Zaragoza,2016,3,22695.0
Zaragoza,2016,4,28784.0
Zaragoza,2016,5,35760.0
Zaragoza,2016,6,35856.0
Zaragoza,2016,7,36788.0
Zaragoza,2016,8,43783.0
Zaragoza,2016,9,36159.0
Zaragoza,2016,10,32542.0
Zaragoza,2016,11,25286.0
Zaragoza,2016,12,18439.0
Zaragoza,2017,1,18872.0
Zaragoza,2017,2,22909.0
Zaragoza,2017,3,30395.0
Zaragoza,2017,4,38963.0
Zaragoza,2017,5,38505.0
Zaragoza,2017,6,37481.0
Zaragoza,2017,7,42234.0
Zaragoza,2017,8,51356.0
Zaragoza,2017,9,41343.0
Zaragoza,2017,10,37616.0
Zaragoza,2017,11,22441.0
Zaragoza,2017,12,19092.0
Zaragoza,2018,1,20858.0
Zaragoza,2018,2,22258.0
Zaragoza,2018,3,27750.0
Zaragoza,2018,4,35980.0
Zaragoza,2018,5,45490.0
Zaragoza,2018,6,41887.0
Zaragoza,2018,7,45692.0
Zaragoza,2018,8,51384.0
Zaragoza,2018,9,43021.0
Zaragoza,2018,10,38226.0
Zaragoza,2018,11,30386.0
Zaragoza,2018,12,23486.0
Zaragoza,2019,1,21623.0
Zaragoza,2019,2,24932.0
Zaragoza,2019,3,32447.0
Zaragoza,2019,4,36186.0
Zaragoza,2019,5,47922.0
Zaragoza,2019,6,41866.0
Zaragoza,2019,7,45244.0
Zaragoza,2019,8,52307.0
Zaragoza,2019,9,46703.0
Zaragoza,2019,10,45342.0
Zaragoza,2019,11,34060.0
Zaragoza,2019,12,26269.0
Zaragoza,2020,1,28227.0
Zaragoza,2020,2,24440.0
Zaragoza,2020,3,9193.0
Zaragoza,2020,4,0.0
Zaragoza,2020,5,569.0
Zaragoza,2020,6,2892.0
Zaragoza,2020,7,11948.0
Zaragoza,2020,8,9378.0
Zaragoza,2020,9,7285.0
Zaragoza,2020,10,7468.0
Zaragoza,2020,11,3401.0
Zaragoza,2020,12,3221.0
Zaragoza,2021,1,3726.0
Zaragoza,2021,2,3329.0
Zaragoza,2021,3,4268.0
Zaragoza,2021,4,3838.0
Zaragoza,2021,5,7835.0
Zaragoza,2021,6,10597.0
Zaragoza,2021,7,21004.0
Zaragoza,2021,8,28159.0
Zaragoza,2021,9,24074.0
Zaragoza,2021,10,23056.0
Zaragoza,2021,11,19563.0
Zaragoza,2021,12,14620.0
Zaragoza,2022,1,11680.0
Zaragoza,2022,2,15637.0
Zaragoza,2022,3,19844.0
Zaragoza,2022,4,27162.0
Zaragoza,2022,5,28941.0
Zaragoza,2022,6,29565.0
Zaragoza,2022,7,38013.0
Zaragoza,2022,8,50810.0
Zaragoza,2022,9,37120.0
Zaragoza,2022,10,32221.0
Zaragoza,2022,11,21133.0
Zaragoza,2022,12,20346.0
Zaragoza,2023,1,18157.0
Zaragoza,2023,2,20229.0
Zaragoza,2023,3,25211.0
Zaragoza,2023,4,31500.0
Zaragoza,2023,5,38169.0
Zaragoza,2023,6,32999.0
Zaragoza,2023,7,44118.0
Zaragoza,2023,8,52777.0
Zaragoza,2023,9,40177.0
Zaragoza,2023,10,37963.0
Zaragoza,2023,11,26864.0
Zaragoza,2023,12,27264.0
Zaragoza,2024,1,23986.0
Zaragoza,2024,2,27408.0
Zaragoza,2024,3,28566.0
Zaragoza,2024,4,39472.0
Zaragoza,2024,5,44826.0
Zaragoza,2024,6,38178.0
Zaragoza,2024,7,42475.0
Zaragoza,2024,8,50730.0
Zaragoza,2024,9,44991.0
Zaragoza,2024,10,46486.0
Zaragoza,2024,11,35096.0
Zaragoza,2024,12,26781.0
Zaragoza,2025,1,23527.0
Zaragoza,2025,2,23153.0
Zaragoza,2025,3,28215.0
Zaragoza,2025,4,34145.0
Zaragoza,2025,5,41080.0
Zaragoza,2025,6,35732.0
Zaragoza,2025,7,41182.0
Zaragoza,2025,8,51527.0
Zaragoza,2025,9,40445.0
Ávila,1999,1,1147.0
Ávila,1999,2,663.0
Ávila,1999,3,2137.0
Ávila,1999,4,3743.0
Ávila,1999,5,4546.0
Ávila,1999,6,4442.0
Ávila,1999,7,3078.0
Ávila,1999,8,4709.0
Ávila,1999,9,3923.0
Ávila,1999,10,4680.0
Ávila,1999,11,2132.0
Ávila,1999,12,1027.0
Ávila,2000,1,797.0
Ávila,2000,2,1098.0
Ávila,2000,3,2018.0
Ávila,2000,4,3649.0
Ávila,2000,5,5512.0
Ávila,2000,6,4044.0
Ávila,2000,7,3946.0
Ávila,2000,8,3930.0
Ávila,2000,9,5442.0
Ávila,2000,10,5235.0
Ávila,2000,11,2047.0
Ávila,2000,12,1690.0
Ávila,2001,1,717.0
Ávila,2001,2,921.0
Ávila,2001,3,2025.0
Ávila,2001,4,4426.0
Ávila,2001,5,5379.0
Ávila,2001,6,4267.0
Ávila,2001,7,3753.0
Ávila,2001,8,3560.0
Ávila,2001,9,5775.0
Ávila,2001,10,4084.0
Ávila,2001,11,2015.0
Ávila,2001,12,1004.0
Ávila,2002,1,983.0
Ávila,2002,2,1272.0
Ávila,2002,3,3071.0
Ávila,2002,4,3420.0
Ávila,2002,5,6160.0
Ávila,2002,6,4617.0
Ávila,2002,7,4265.0
Ávila,2002,8,3811.0
Ávila,2002,9,5515.0
Ávila,2002,10,4393.0
Ávila,2002,11,1530.0
Ávila,2002,12,1415.0
Ávila,2003,1,1172.0
Ávila,2003,2,1315.0
Ávila,2003,3,2273.0
Ávila,2003,4,3921.0
Ávila,2003,5,4863.0
Ávila,2003,6,4190.0
Ávila,2003,7,3104.0
Ávila,2003,8,3863.0
Ávila,2003,9,3937.0
Ávila,2003,10,3882.0
Ávila,2003,11,1382.0
Ávila,2003,12,1664.0
Ávila,2004,1,1742.0
Ávila,2004,2,1316.0
Ávila,2004,3,2047.0
Ávila,2004,4,3717.0
Ávila,2004,5,4656.0
Ávila,2004,6,3261.0
Ávila,2004,7,2880.0
Ávila,2004,8,2451.0
Ávila,2004,9,3542.0
Ávila,2004,10,3734.0
Ávila,2004,11,1749.0
Ávila,2004,12,1355.0
Ávila,2005,1,1226.0
Ávila,2005,2,1146.0
Ávila,2005,3,2201.0
Ávila,2005,4,2538.0
Ávila,2005,5,4507.0
Ávila,2005,6,4367.0
Ávila,2005,7,3926.0
Ávila,2005,8,3504.0
Ávila,2005,9,4430.0
Ávila,2005,10,3785.0
Ávila,2005,11,2153.0
Ávila,2005,12,1535.0
Ávila,2006,1,901.0
Ávila,2006,2,1337.0
Ávila,2006,3,1903.0
Ávila,2006,4,3611.0
Ávila,2006,5,6574.0
Ávila,2006,6,3746.0
Ávila,2006,7,3626.0
Ávila,2006,8,3240.0
Ávila,2006,9,3712.0
Ávila,2006,10,4469.0
Ávila,2006,11,2066.0
Ávila,2006,12,1856.0
Ávila,2007,1,1451.0
Ávila,2007,2,1677.0
Ávila,2007,3,3012.0
Ávila,2007,4,4494.0
Ávila,2007,5,5333.0
Ávila,2007,6,6134.0
Ávila,2007,7,3537.0
Ávila,2007,8,5262.0
Ávila,2007,9,5663.0
Ávila,2007,10,4318.0
Ávila,2007,11,2384.0
Ávila,2007,12,1325.0
Ávila,2008,1,1589.0
Ávila,2008,2,1868.0
Ávila,2008,3,2900.0
Ávila,2008,4,4676.0
Ávila,2008,5,6733.0
Ávila,2008,6,4268.0
Ávila,2008,7,3159.0
Ávila,2008,8,4442.0
Ávila,2008,9,5436.0
Ávila,2008,10,5109.0
Ávila,2008,11,1915.0
Ávila,2008,12,1628.0
Ávila,2009,1,966.0
Ávila,2009,2,1509.0
Ávila,2009,3,1565.0
Ávila,2009,4,3709.0
Ávila,2009,5,3387.0
Ávila,2009,6,3223.0
Ávila,2009,7,3616.0
Ávila,2009,8,4527.0
Ávila,2009,9,3289.0
Ávila,2009,10,4498.0
Ávila,2009,11,2068.0
Ávila,2009,12,1842.0
Ávila,2010,1,1587.0
Ávila,2010,2,1798.0
Ávila,2010,3,3630.0
Ávila,2010,4,4301.0
Ávila,2010,5,5587.0
Ávila,2010,6,5204.0
Ávila,2010,7,3853.0
Ávila,2010,8,4249.0
Ávila,2010,9,5113.0
Ávila,2010,10,5086.0
Ávila,2010,11,3253.0
Ávila,2010,12,1653.0
Ávila,2011,1,1565.0
Ávila,2011,2,1314.0
Ávila,2011,3,3838.0
Ávila,2011,4,3768.0
Ávila,2011,5,6032.0
Ávila,2011,6,5233.0
Ávila,2011,7,3923.0
Ávila,2011,8,6892.0
Ávila,2011,9,5327.0
Ávila,2011,10,4728.0
Ávila,2011,11,1588.0
Ávila,2011,12,1423.0
Ávila,2012,1,1010.0
Ávila,2012,2,1519.0
Ávila,2012,3,2625.0
Ávila,2012,4,3782.0
Ávila,2012,5,4046.0
Ávila,2012,6,4064.0
Ávila,2012,7,3534.0
Ávila,2012,8,3739.0
Ávila,2012,9,4945.0
Ávila,2012,10,5654.0
Ávila,2012,11,1602.0
Ávila,2012,12,1505.0
Ávila,2013,1,1271.0
Ávila,2013,2,1570.0
Ávila,2013,3,2177.0
Ávila,2013,4,3072.0
Ávila,2013,5,5027.0
Ávila,2013,6,3806.0
Ávila,2013,7,2952.0
Ávila,2013,8,3321.0
Ávila,2013,9,5883.0
Ávila,2013,10,4750.0
Ávila,2013,11,2300.0
Ávila,2013,12,1456.0
Ávila,2014,1,1544.0
Ávila,2014,2,1258.0
Ávila,2014,3,2975.0
Ávila,2014,4,3971.0
Ávila,2014,5,7608.0
Ávila,2014,6,4361.0
Ávila,2014,7,3996.0
Ávila,2014,8,4858.0
Ávila,2014,9,7293.0
Ávila,2014,10,5015.0
Ávila,2014,11,2016.0
Ávila,2014,12,1598.0
Ávila,2015,1,1673.0
Ávila,2015,2,1885.0
Ávila,2015,3,3225.0
Ávila,2015,4,5371.0
Ávila,2015,5,7971.0
Ávila,2015,6,5117.0
Ávila,2015,7,4402.0
Ávila,2015,8,5583.0
Ávila,2015,9,7524.0
Ávila,2015,10,5593.0
Ávila,2015,11,2398.0
Ávila,2015,12,2625.0
Ávila,2016,1,1411.0
Ávila,2016,2,1980.0
Ávila,2016,3,2312.0
Ávila,2016,4,4254.0
Ávila,2016,5,7150.0
Ávila,2016,6,5040.0
Ávila,2016,7,4339.0
Ávila,2016,8,3524.0
Ávila,2016,9,4956.0
Ávila,2016,10,4552.0
Ávila,2016,11,2010.0
Ávila,2016,12,2144.0
Ávila,2017,1,1901.0
Ávila,2017,2,2100.0
Ávila,2017,3,3035.0
Ávila,2017,4,5506.0
Ávila,2017,5,9454.0
Ávila,2017,6,6522.0
Ávila,2017,7,5479.0
Ávila,2017,8,5413.0
Ávila,2017,9,6504.0
Ávila,2017,10,6388.0
Ávila,2017,11,3109.0
Ávila,2017,12,2376.0
Ávila,2018,1,2284.0
Ávila,2018,2,1572.0
Ávila,2018,3,3008.0
Ávila,2018,4,4437.0
Ávila,2018,5,5647.0
Ávila,2018,6,4984.0
Ávila,2018,7,4347.0
Ávila,2018,8,4343.0
Ávila,2018,9,5487.0
Ávila,2018,10,6159.0
Ávila,2018,11,2780.0
Ávila,2018,12,2111.0
Ávila,2019,1,2067.0
Ávila,2019,2,1390.0
Ávila,2019,3,3252.0
Ávila,2019,4,4601.0
Ávila,2019,5,7310.0
Ávila,2019,6,5403.0
Ávila,2019,7,5181.0
Ávila,2019,8,5152.0
Ávila,2019,9,6793.0
Ávila,2019,10,5832.0
Ávila,2019,11,2785.0
Ávila,2019,12,2384.0
Ávila,2020,1,2035.0
Ávila,2020,2,2347.0
Ávila,2020,3,1051.0
Ávila,2020,4,0.0
Ávila,2020,7,787.0
Ávila,2020,8,1246.0
Ávila,2020,9,700.0
Ávila,2020,10,727.0
Ávila,2020,11,281.0
Ávila,2020,12,502.0
Ávila,2021,1,139.0
Ávila,2021,2,189.0
Ávila,2021,3,284.0
Ávila,2021,4,223.0
Ávila,2021,5,735.0
Ávila,2021,6,1250.0
Ávila,2021,7,1618.0
Ávila,2021,8,2427.0
Ávila,2021,9,2970.0
Ávila,2021,10,3279.0
Ávila,2021,11,1902.0
Ávila,2021,12,1802.0
Ávila,2022,1,1219.0
Ávila,2022,2,1824.0
Ávila,2022,3,1925.0
Ávila,2022,4,3566.0
Ávila,2022,5,4333.0
Ávila,2022,6,4412.0
Ávila,2022,7,3802.0
Ávila,2022,8,4301.0
Ávila,2022,9,5149.0
Ávila,2022,10,5000.0
Ávila,2022,11,2303.0
Ávila,2022,12,2257.0
Ávila,2023,1,2113.0
Ávila,2023,2,2036.0
Ávila,2023,3,2675.0
Ávila,2023,4,4324.0
Ávila,2023,5,6043.0
Ávila,2023,6,4652.0
Ávila,2023,7,5674.0
Ávila,2023,8,5350.0
Ávila,2023,9,6124.0
Ávila,2023,10,7307.0
Ávila,2023,11,2987.0
Ávila,2023,12,3026.0
Ávila,2024,1,2687.0
Ávila,2024,2,3089.0
Ávila,2024,3,4501.0
Ávila,2024,4,6927.0
Ávila,2024,5,8737.0
Ávila,2024,6,5414.0
Ávila,2024,7,5379.0
Ávila,2024,8,4708.0
Ávila,2024,9,6046.0
Ávila,2024,10,8382.0
Ávila,2024,11,4342.0
Ávila,2024,12,3226.0
Ávila,2025,1,2264.0
Ávila,2025,2,2183.0
Ávila,2025,3,3353.0
Ávila,2025,4,7878.0
Ávila,2025,5,9439.0
Ávila,2025,6,5922.0
Ávila,2025,7,4363.0
Ávila,2025,8,4930.0
Ávila,2025,9,8548.0
